PRIZE     cancun     10000      1 All Expense-Paid trip to Cancun
PRIZE     dogo         570      3 Club Dogo 12-Month Subscription
PRIZE     habitat       35    100 Donation to Habitat for Humanity
PRIZE     pudget        50      5 pudget Rent A Car Single Upgrade Coupon
PRIZE     quest          1     10 Memory Quest Downloadable Game
PRIZE     silver      1100      2 Two DMC Theatres Silver Experience movie tickets
PRIZE     special       35    100 Bronze level donation to Special Olympics
PRIZE     spinner      750      4 Multi-Function Salad Spinner and Chopper
PRIZE     swarokski     75      7 $30 Swarokski Gift Certificate
PRIZE     visasweep      1   1000 $500 VISA(r) Gift Card Sweepstakes Entry
ADD_USER  AAngry44      85 Aidan Angry
ADD_PHONE AAngry44   505-261-3075
ADD_USER  ACompli62     67 Addison Compliant
ADD_PHONE ACompli62  022-539-0738
ADD_PHONE ACompli62  672-263-8345
ADD_USER  ACoveto00   4021 Andrew Covetous
ADD_PHONE ACoveto00  267-486-8149
ADD_PHONE ACoveto00  638-778-0514
ADD_PHONE ACoveto00  641-804-5402
ADD_USER  ACrawfo00    499 Alexis Crawford
ADD_PHONE ACrawfo00  429-974-4901
ADD_PHONE ACrawfo00  630-501-9194
ADD_PHONE ACrawfo00  696-041-4160
ADD_USER  ADetent38     92 Anna Detente
ADD_PHONE ADetent38  331-222-3404
ADD_PHONE ADetent38  389-091-4956
ADD_PHONE ADetent38  529-740-5753
ADD_USER  AFearso04   4783 Amelia Fearsome
ADD_USER  AFirema30    781 Adam Fireman
ADD_PHONE AFirema30  416-906-2800
ADD_USER  AGlenda74   2163 Adam Glendale
ADD_PHONE AGlenda74  594-140-4597
ADD_PHONE AGlenda74  601-579-3875
ADD_USER  AIliad14      38 Abigail Iliad
ADD_PHONE AIliad14   174-080-5237
ADD_PHONE AIliad14   512-982-5918
ADD_PHONE AIliad14   900-573-1258
ADD_USER  AIslam95   17470 Austin Islam
ADD_PHONE AIslam95   235-516-2497
ADD_PHONE AIslam95   337-043-2418
ADD_PHONE AIslam95   351-102-7972
ADD_USER  AKate22     9890 Amelia Kate Allocable
ADD_USER  AMcbrid72  24322 Alexis Mcbride
ADD_PHONE AMcbrid72  915-951-2585
ADD_USER  AMorrow96     94 Addison Morrow
ADD_USER  ANomina29   4691 Anthony Nominate
ADD_PHONE ANomina29  421-564-3748
ADD_USER  APlanet40  45773 Aubrey Planet
ADD_PHONE APlanet40  178-338-2000
ADD_USER  ARunic02     228 Alexis Runic
ADD_USER  ASaccha58   4746 Audrey Saccharine
ADD_USER  ASculpt78   4734 Addison Sculptural
ADD_PHONE ASculpt78  601-104-3588
ADD_PHONE ASculpt78  851-027-8941
ADD_USER  ASilver63  30819 Alex Silver
ADD_PHONE ASilver63  247-150-2232
ADD_PHONE ASilver63  322-729-9498
ADD_PHONE ASilver63  681-559-8505
ADD_USER  ASung81     5565 Aaron Sung
ADD_PHONE ASung81    597-994-7413
ADD_USER  AToroid48    838 Amelia Toroid PhD
ADD_PHONE AToroid48  310-310-4671
ADD_USER  BMainst03    981 Brody Mainstream
ADD_PHONE BMainst03  802-503-7032
ADD_USER  BPercus82   3237 Benjamin Percussion
ADD_USER  BTwisty22  35731 Brianna Twisty
ADD_USER  BWreath12  14929 Bailey Wreathe
ADD_PHONE BWreath12  557-445-5012
ADD_USER  CChrist09    760 Carter Christian Everybody
ADD_USER  CCorvet40  44178 Connor Corvette
ADD_PHONE CCorvet40  497-956-6879
ADD_USER  CDefend57     36 Carson Defendant
ADD_PHONE CDefend57  037-363-3901
ADD_PHONE CDefend57  926-556-9007
ADD_PHONE CDefend57  964-039-3251
ADD_USER  CHunk41     4034 Cole Hunk
ADD_USER  CIncarn70  19221 Cooper Incarnate
ADD_PHONE CIncarn70  073-188-3117
ADD_PHONE CIncarn70  795-620-7572
ADD_PHONE CIncarn70  964-920-6853
ADD_USER  CLowell88  19933 Charlie Lowell
ADD_PHONE CLowell88  092-141-3463
ADD_PHONE CLowell88  391-288-4072
ADD_PHONE CLowell88  977-179-4914
ADD_USER  CNumino01     11 Carson Numinous
ADD_PHONE CNumino01  185-867-0071
ADD_USER  CQuotie70   9859 Claire Quotient
ADD_USER  DBellbo02   2227 Dontonio Bellboy
ADD_PHONE DBellbo02  172-113-9606
ADD_PHONE DBellbo02  457-698-1271
ADD_USER  DBonanz75    834 Dontonio Bonanza
ADD_PHONE DBonanz75  011-381-4958
ADD_PHONE DBonanz75  733-601-3539
ADD_PHONE DBonanz75  973-699-2610
ADD_USER  DHeath73    1017 Daniel Heath
ADD_PHONE DHeath73   487-897-4332
ADD_USER  DInerti42  16003 David Inertia
ADD_PHONE DInerti42  711-549-9450
ADD_PHONE DInerti42  860-028-8772
ADD_USER  EAle62       535 Evelyn Ale
ADD_PHONE EAle62     159-559-4053
ADD_PHONE EAle62     908-527-5121
ADD_USER  ECabine17  26888 Elizabeth Cabinetmake
ADD_USER  EImpetu15     97 Emma Impetuous
ADD_PHONE EImpetu15  752-003-1258
ADD_USER  EMushy25      83 Ellie Mushy
ADD_USER  EPierce56      0 Elizabeth Pierce
ADD_USER  EVitro66   13133 Ellie Vitro
ADD_USER  EWhomev50   5022 Elijah Whomever
ADD_PHONE EWhomev50  025-725-5036
ADD_PHONE EWhomev50  118-584-1006
ADD_USER  HNebula61     39 Hannah Nebular
ADD_PHONE HNebula61  486-826-0430
ADD_PHONE HNebula61  709-505-3941
ADD_USER  IEvelyn96  35238 Isabella Evelyn Par
ADD_PHONE IEvelyn96  034-565-4315
ADD_PHONE IEvelyn96  438-328-3549
ADD_PHONE IEvelyn96  509-323-7097
ADD_USER  IMax78        82 Isaac Max Tanzania
ADD_USER  ISicken08    777 Isaiah Sicken
ADD_PHONE ISicken08  376-298-9934
ADD_PHONE ISicken08  655-672-0295
ADD_USER  ISquibb55     84 Isaac Squibb
ADD_PHONE ISquibb55  350-743-2817
ADD_PHONE ISquibb55  897-726-5667
ADD_USER  IZenith52    206 Isabelle Zenith
ADD_PHONE IZenith52  034-744-5226
ADD_PHONE IZenith52  398-434-5966
ADD_USER  JAdulte23  34002 Jonathan Adulterous
ADD_USER  JByron84     513 John Byron
ADD_PHONE JByron84   575-335-3624
ADD_PHONE JByron84   743-624-0733
ADD_USER  JCole57      387 Jordan Cole Marilyn
ADD_PHONE JCole57    511-611-2713
ADD_USER  JConvol69  18848 Jake Convolution
ADD_PHONE JConvol69  323-591-7225
ADD_PHONE JConvol69  524-660-6080
ADD_USER  JDescri13  15788 Joshua Descriptor
ADD_PHONE JDescri13  897-227-5891
ADD_USER  JEeoc29      115 Jonathan Eeoc
ADD_PHONE JEeoc29    660-747-7945
ADD_PHONE JEeoc29    812-569-6659
ADD_PHONE JEeoc29    989-174-7238
ADD_USER  JHexade84   6412 James Hexadecimal
ADD_PHONE JHexade84  307-103-4074
ADD_USER  JMcconn44     69 Jackson Mcconnel
ADD_PHONE JMcconn44  925-388-6860
ADD_USER  JMedioc55  44458 Jonathan Mediocre
ADD_PHONE JMedioc55  410-014-3240
ADD_PHONE JMedioc55  707-396-6791
ADD_USER  JNuclid25  20837 Julian Nuclide
ADD_PHONE JNuclid25  321-606-2042
ADD_USER  JPeremp83  40702 Joseph Peremptory
ADD_PHONE JPeremp83  549-215-6443
ADD_PHONE JPeremp83  745-948-9874
ADD_PHONE JPeremp83  942-230-9425
ADD_USER  KBetray02  11121 Kate Betrayal
ADD_PHONE KBetray02  461-611-4416
ADD_PHONE KBetray02  676-225-1694
ADD_USER  KBlanch40      8 Kaylee Blanchard
ADD_PHONE KBlanch40  097-119-5293
ADD_PHONE KBlanch40  352-417-0902
ADD_PHONE KBlanch40  742-182-5023
ADD_USER  KCereus68     97 Kaitlyn Cereus PhD
ADD_PHONE KCereus68  739-276-6622
ADD_USER  KCleara73     79 Kaylee Clearance
ADD_PHONE KCleara73  675-202-9287
ADD_PHONE KCleara73  848-913-4706
ADD_USER  KCzerni94    202 Kaylee Czerniak
ADD_PHONE KCzerni94  490-741-5214
ADD_PHONE KCzerni94  630-544-1433
ADD_USER  KPortal35     87 Kylie Portal
ADD_PHONE KPortal35  332-432-1071
ADD_PHONE KPortal35  842-669-9968
ADD_USER  KSketch00    451 Kate Sketch
ADD_USER  KSpite34     665 Kaylee Spite
ADD_PHONE KSpite34   303-623-0359
ADD_PHONE KSpite34   635-052-0495
ADD_USER  KVampir54   5774 Kayla Vampire
ADD_PHONE KVampir54  424-217-7452
ADD_PHONE KVampir54  491-258-4056
ADD_USER  LAnkle19   11475 Lucy Ankle
ADD_PHONE LAnkle19   528-199-8976
ADD_PHONE LAnkle19   830-258-9394
ADD_PHONE LAnkle19   991-774-2838
ADD_USER  LGiraff87     75 Lauren Giraffe
ADD_PHONE LGiraff87  051-390-7505
ADD_PHONE LGiraff87  726-938-9565
ADD_USER  LNineve20     67 Lily Nineveh
ADD_PHONE LNineve20  293-580-2402
ADD_PHONE LNineve20  343-374-2108
ADD_PHONE LNineve20  939-762-1343
ADD_USER  LPlan05       73 Liam Plan
ADD_PHONE LPlan05    017-532-7408
ADD_PHONE LPlan05    443-949-2362
ADD_PHONE LPlan05    826-636-8256
ADD_USER  LPrairi14   1135 Landon Prairie
ADD_PHONE LPrairi14  468-061-2829
ADD_PHONE LPrairi14  831-527-7552
ADD_USER  LVantag76    694 Layla Vantage
ADD_PHONE LVantag76  401-658-7517
ADD_PHONE LVantag76  564-460-3204
ADD_PHONE LVantag76  947-349-9472
ADD_USER  MBeauti41  42904 Madelyn Beautiful
ADD_PHONE MBeauti41  306-555-7592
ADD_PHONE MBeauti41  477-525-6412
ADD_PHONE MBeauti41  639-384-8140
ADD_USER  MCaroli47     27 Maya Caroline Tint
ADD_PHONE MCaroli47  090-143-0143
ADD_PHONE MCaroli47  503-541-4939
ADD_USER  MQuad38      455 Mason Quad PhD
ADD_USER  MTess88       48 Madelyn Tess
ADD_USER  MTippy72      46 Madelyn Tippy
ADD_USER  NBissau03  19983 Natalie Bissau
ADD_PHONE NBissau03  897-492-5199
ADD_USER  NConten89     49 Nathan Contend PhD
ADD_PHONE NConten89  449-761-5653
ADD_PHONE NConten89  796-281-3376
ADD_PHONE NConten89  963-731-4926
ADD_USER  NEnd22         3 Noah End
ADD_PHONE NEnd22     035-454-7736
ADD_PHONE NEnd22     863-500-5850
ADD_USER  NSpell66      59 Natalie Spell PhD
ADD_PHONE NSpell66   392-643-2072
ADD_PHONE NSpell66   625-351-0472
ADD_PHONE NSpell66   865-401-9537
ADD_USER  NWatch35     895 Nicholas Watch Jr
ADD_PHONE NWatch35   186-001-0023
ADD_PHONE NWatch35   840-002-8980
ADD_USER  OZealan09  25627 Owen Zealand
ADD_PHONE OZealan09  249-087-1967
ADD_USER  PSavann80     39 Paige Savannah Clamshell
ADD_PHONE PSavann80  188-100-9419
ADD_USER  RGreenw08    250 Ryan Greenwood
ADD_PHONE RGreenw08  335-127-6267
ADD_PHONE RGreenw08  934-523-0997
ADD_USER  SDeclai14   8243 Samuel Declaim
ADD_PHONE SDeclai14  814-137-3055
ADD_PHONE SDeclai14  926-714-5423
ADD_USER  SHear84        7 Samuel Hear Jr
ADD_USER  SMultit64     29 Sofia Multitudinous
ADD_PHONE SMultit64  107-015-0790
ADD_PHONE SMultit64  246-758-6017
ADD_PHONE SMultit64  598-246-6679
ADD_USER  SPermis23  20596 Sarah Permissive
ADD_PHONE SPermis23  109-237-5954
ADD_PHONE SPermis23  968-228-4670
ADD_USER  SPiety47      76 Sophie Piety
ADD_PHONE SPiety47   161-444-7334
ADD_PHONE SPiety47   429-712-3838
ADD_PHONE SPiety47   608-169-7076
ADD_USER  SStirli78    944 Sofia Stirling
ADD_PHONE SStirli78  184-729-9815
ADD_USER  Sophie77   14872 Sophie
ADD_PHONE Sophie77   222-162-8086
ADD_PHONE Sophie77   682-603-1444
ADD_PHONE Sophie77   909-881-6504
ADD_USER  TShalom16   4977 Tristan Shalom
ADD_PHONE TShalom16  206-270-4951
ADD_PHONE TShalom16  853-526-0038
ADD_PHONE TShalom16  952-657-6767
ADD_USER  WBromle11    217 Wyatt Bromley
ADD_PHONE WBromle11  587-618-6476
ADD_USER  XBarbel46   6239 Xavier Barbell
ADD_PHONE XBarbel46  401-777-3340
ADD_PHONE XBarbel46  406-518-7201
ADD_PHONE XBarbel46  819-080-0684
ADD_USER  XGoof57     7919 Xavier Goof
ADD_PHONE XGoof57    206-060-7216
MARK_USED 56QSlnhmCZLADt 9UnXdJBDgLHWBd 9i007xweTAJ5C8 BHHiRWZmQBRDJt BISVS0gJruL5RK Hgz4gnJ7gQQmGX J9z17yXqQt9Gf3 JGTVBULtyEuhXv
MARK_USED JZKrZmYfB1iyTx PvauAyGfDEnxIz QG574iOYk89sIH SYKZ97MPCzwBXZ T89B2rsae0JQ92 VsPRFSM8Vj72PW Y4rR7Wgy2kRx2a ZFUYNWoyJqx9if
MARK_USED ZTd9IcwhN7O5yV blPHmYTwtmrutk c1wv5BTxEX8luY fITJfkf42XCZnt fYuLSdxQIOhfmx fxKKnbv8cCpbdz ipNjGyVYsnJ6T4 k3ciea0WAtMaBD
MARK_USED ld9LSm4j7qQ7r3 m99Lv8qCAmc7uO ts48umozMWFnew vsXgbD6XwS5k44 vtx8DC4tg9DM65 xu11Deni8A9j35
