PRIZE     dogo         570      3 Club Dogo 12-Month Subscription
PRIZE     downloads    700      8 10 MP3 Downloads from Babster
PRIZE     habitat       35    100 Donation to Habitat for Humanity
PRIZE     hat         2222      2 Ninja Warrior Mount Midoriyama T-Shirt
PRIZE     maze           1     20 Memory Collector Maze Downloadable Game
PRIZE     ovis          50      3 Ovis Rent a Car Single Upgrade Coupon
PRIZE     special       35    100 Bronze level donation to Special Olympics
PRIZE     spinner      750      4 Multi-Function Salad Spinner and Chopper
PRIZE     swarokski     75      7 $30 Swarokski Gift Certificate
PRIZE     visasweep      1   1000 $500 VISA(r) Gift Card Sweepstakes Entry
ADD_USER  AAberna78     82 Audrey Abernathy
ADD_PHONE AAberna78  025-712-5309
ADD_PHONE AAberna78  881-965-0685
ADD_USER  AAbroad85   1806 Avery Abroad
ADD_PHONE AAbroad85  051-457-2183
ADD_PHONE AAbroad85  138-600-0466
ADD_PHONE AAbroad85  777-352-7484
ADD_USER  AAdvisa80   6425 Alexander Advisable
ADD_USER  AAffian98    184 Austin Affiance
ADD_PHONE AAffian98  168-311-2714
ADD_USER  AAfflic78  14000 Austin Afflict
ADD_PHONE AAfflic78  547-423-1507
ADD_PHONE AAfflic78  831-742-4325
ADD_USER  AAlexan34  43868 Alex Alexander Kuwait
ADD_PHONE AAlexan34  009-241-7235
ADD_PHONE AAlexan34  101-341-9739
ADD_PHONE AAlexan34  107-274-4411
ADD_USER  AAltair13  36064 Anthony Altair
ADD_PHONE AAltair13  884-929-2033
ADD_USER  AAmnesi89    706 Amelia Amnesia
ADD_PHONE AAmnesi89  454-567-5096
ADD_PHONE AAmnesi89  498-483-1209
ADD_PHONE AAmnesi89  667-839-4413
ADD_USER  AAndove90  47469 Arianna Andover
ADD_USER  AApposi89     69 Aaron Apposition
ADD_PHONE AApposi89  282-891-7623
ADD_USER  AArrear14     13 Andrew Arrear
ADD_PHONE AArrear14  003-087-9031
ADD_PHONE AArrear14  544-119-2347
ADD_USER  AArsine85  16745 Austin Arsine Jr
ADD_PHONE AArsine85  121-028-7680
ADD_PHONE AArsine85  220-529-5462
ADD_USER  AArteri87    719 Anna Arteriole
ADD_PHONE AArteri87  273-402-3310
ADD_PHONE AArteri87  481-865-1468
ADD_USER  AAssuag13    497 Avery Assuage
ADD_PHONE AAssuag13  347-977-5679
ADD_PHONE AAssuag13  473-031-6868
ADD_USER  AAustra44   4120 Audrey Australite
ADD_PHONE AAustra44  107-367-1074
ADD_PHONE AAustra44  719-299-6366
ADD_USER  AAvery61      57 Alyssa Avery Sickroom
ADD_USER  ABacksp73    248 Amelia Backspace
ADD_PHONE ABacksp73  730-205-1473
ADD_PHONE ABacksp73  996-324-2323
ADD_USER  ABandit66    488 Abigail Bandit
ADD_USER  ABedazz65    631 Aaron Bedazzle
ADD_PHONE ABedazz65  132-792-4803
ADD_PHONE ABedazz65  613-212-8040
ADD_PHONE ABedazz65  930-853-3352
ADD_USER  ABeechw48   9832 Andrew Beechwood
ADD_PHONE ABeechw48  761-237-9410
ADD_USER  ABetoke46     35 Anthony Betoken
ADD_PHONE ABetoke46  322-043-3731
ADD_PHONE ABetoke46  685-305-2080
ADD_PHONE ABetoke46  879-169-2957
ADD_USER  ABetoke73   1117 Alyssa Betoken
ADD_PHONE ABetoke73  154-517-7436
ADD_PHONE ABetoke73  273-938-7946
ADD_PHONE ABetoke73  661-560-9117
ADD_USER  ABiblio48     88 Aiden Bibliography
ADD_PHONE ABiblio48  076-962-1996
ADD_USER  ABiling99  19250 Anna Bilingual
ADD_USER  ABlake98      88 Anthony Blake Rumen
ADD_PHONE ABlake98   791-589-6766
ADD_USER  ABlanke73      7 Allison Blanket
ADD_PHONE ABlanke73  200-472-6147
ADD_PHONE ABlanke73  394-263-8028
ADD_USER  ABrewst53     96 Anthony Brewster
ADD_PHONE ABrewst53  261-460-6272
ADD_PHONE ABrewst53  294-870-2720
ADD_USER  ABrody15     974 Austin Brody Caiman
ADD_USER  ACaleb00      72 Andrew Caleb Quantico IV
ADD_USER  ACalvin12     31 Anna Calvin
ADD_USER  ACartog94     39 Alyssa Cartographic
ADD_PHONE ACartog94  831-973-2316
ADD_PHONE ACartog94  907-159-0568
ADD_USER  ACassiu20   6700 Abigail Cassius
ADD_USER  ACelebr15     91 Addison Celebrity
ADD_PHONE ACelebr15  198-614-5936
ADD_PHONE ACelebr15  248-367-7198
ADD_PHONE ACelebr15  630-556-7293
ADD_USER  AChap73    30338 Audrey Chap
ADD_PHONE AChap73    715-062-5670
ADD_PHONE AChap73    734-775-7189
ADD_USER  AChase33      48 Austin Chase Circumspect Jr
ADD_PHONE AChase33   102-876-0387
ADD_PHONE AChase33   206-399-6173
ADD_PHONE AChase33   514-424-3880
ADD_USER  AChauff41     79 Anthony Chauffeur
ADD_USER  AChop41      130 Ava Chop
ADD_PHONE AChop41    344-844-2811
ADD_USER  AChurch42   4736 Alyssa Churchill
ADD_PHONE AChurch42  107-444-1477
ADD_USER  AClassm02     10 Abigail Classmate
ADD_PHONE AClassm02  075-608-1408
ADD_USER  ACole50      245 Alexander Cole Vocable
ADD_USER  AConfir54     21 Avery Confirm
ADD_PHONE AConfir54  537-968-9012
ADD_USER  AConfuc13  27607 Austin Confucius
ADD_PHONE AConfuc13  104-688-3423
ADD_PHONE AConfuc13  441-084-6085
ADD_PHONE AConfuc13  955-970-3678
ADD_USER  AConner63  27563 Allison Conner
ADD_USER  ACraniu06   6743 Alexandra Cranium
ADD_PHONE ACraniu06  649-990-0402
ADD_PHONE ACraniu06  779-543-9150
ADD_USER  ADiabol63    226 Avery Diabolic
ADD_PHONE ADiabol63  333-880-0756
ADD_USER  ADioces64    440 Aiden Diocese
ADD_USER  ADionys33   5088 Alex Dionysian
ADD_PHONE ADionys33  381-585-5924
ADD_PHONE ADionys33  568-629-3951
ADD_USER  ADiplom58  13855 Arianna Diplomacy
ADD_PHONE ADiplom58  073-082-2557
ADD_PHONE ADiplom58  537-749-0750
ADD_PHONE ADiplom58  820-981-3518
ADD_USER  ADuplex76   7164 Audrey Duplex
ADD_PHONE ADuplex76  550-785-4068
ADD_USER  AEdith06     664 Audrey Edith
ADD_PHONE AEdith06   095-024-5545
ADD_PHONE AEdith06   286-763-6731
ADD_PHONE AEdith06   362-104-1013
ADD_USER  AEmily93      69 Aubrey Emily Christ
ADD_USER  AEnerva50     77 Aiden Enervate
ADD_USER  AExcret45  22328 Alyssa Excretory
ADD_USER  AExport90     12 Adam Export
ADD_PHONE AExport90  049-415-0020
ADD_PHONE AExport90  206-643-3740
ADD_PHONE AExport90  888-652-7892
ADD_USER  AExtrac63    620 Aaron Extract
ADD_PHONE AExtrac63  378-026-2755
ADD_PHONE AExtrac63  432-044-8944
ADD_PHONE AExtrac63  546-572-1632
ADD_USER  AFerdin78    884 Alexis Ferdinand
ADD_PHONE AFerdin78  439-927-8406
ADD_USER  AFieldw57  45687 Allison Fieldwork
ADD_PHONE AFieldw57  589-769-2503
ADD_PHONE AFieldw57  596-925-2113
ADD_USER  AFlatbe58   1259 Arianna Flatbed
ADD_PHONE AFlatbe58  023-871-4368
ADD_PHONE AFlatbe58  264-796-9075
ADD_PHONE AFlatbe58  899-451-3663
ADD_USER  AFlorid25  38168 Adam Floridian MD
ADD_USER  AFloris66   7842 Alexis Florist
ADD_PHONE AFloris66  136-082-1406
ADD_USER  AFraud20   37395 Alexander Fraud
ADD_USER  AFresco48  42533 Alyssa Fresco
ADD_PHONE AFresco48  195-055-7004
ADD_PHONE AFresco48  661-671-2372
ADD_PHONE AFresco48  901-156-2579
ADD_USER  AGalliu75     66 Aidan Gallium
ADD_PHONE AGalliu75  089-322-5541
ADD_PHONE AGalliu75  653-402-9588
ADD_PHONE AGalliu75  925-531-6488
ADD_USER  AGases75    1073 Ava Gases
ADD_PHONE AGases75   394-479-3717
ADD_USER  AGeomet45     25 Alexandra Geometrician
ADD_USER  AGouda58    1262 Alex Gouda
ADD_PHONE AGouda58   231-997-5892
ADD_PHONE AGouda58   682-280-2401
ADD_USER  AGustav36   2554 Austin Gustavus
ADD_PHONE AGustav36  479-121-1733
ADD_PHONE AGustav36  580-142-2629
ADD_PHONE AGustav36  725-260-7689
ADD_USER  AHacksa24   2221 Addison Hacksaw
ADD_PHONE AHacksa24  096-595-2324
ADD_PHONE AHacksa24  402-315-8142
ADD_USER  AHansen08  35841 Alyssa Hansen
ADD_PHONE AHansen08  027-277-5615
ADD_PHONE AHansen08  588-692-6838
ADD_PHONE AHansen08  996-965-5087
ADD_USER  AHart91    34691 Alexis Hart
ADD_PHONE AHart91    086-142-3325
ADD_PHONE AHart91    350-147-2886
ADD_USER  AHatchw64  29609 Aaron Hatchway
ADD_USER  AHave18      398 Alex Have
ADD_PHONE AHave18    605-577-8639
ADD_USER  AHedoni75     80 Alexis Hedonist
ADD_PHONE AHedoni75  535-990-4004
ADD_PHONE AHedoni75  821-625-2143
ADD_PHONE AHedoni75  947-060-6728
ADD_USER  AHetero04      5 Allison Heterogamous
ADD_PHONE AHetero04  723-166-1366
ADD_USER  AHippoc50  30643 Alexander Hippocratic
ADD_PHONE AHippoc50  411-415-7680
ADD_PHONE AHippoc50  419-995-0806
ADD_PHONE AHippoc50  768-234-0349
ADD_USER  AHomeom70    114 Alexander Homeomorph
ADD_PHONE AHomeom70  001-467-3494
ADD_PHONE AHomeom70  329-992-3952
ADD_PHONE AHomeom70  640-528-9561
ADD_USER  AIrreso68    346 Ava Irresolution
ADD_PHONE AIrreso68  768-741-1305
ADD_PHONE AIrreso68  860-237-3221
ADD_USER  AIrving02  25870 Amelia Irving
ADD_PHONE AIrving02  375-664-4757
ADD_PHONE AIrving02  591-621-2582
ADD_PHONE AIrving02  954-367-7476
ADD_USER  AJockst23    116 Allison Jockstrap PhD
ADD_PHONE AJockst23  792-545-3651
ADD_PHONE AJockst23  826-804-8357
ADD_USER  AKaitly84     54 Amelia Kaitlyn Graven
ADD_PHONE AKaitly84  457-927-3913
ADD_PHONE AKaitly84  491-247-8170
ADD_USER  AKnack56     116 Aaron Knack
ADD_PHONE AKnack56   468-686-3335
ADD_PHONE AKnack56   924-836-9097
ADD_PHONE AKnack56   940-497-6975
ADD_USER  AKohlra11   8217 Avery Kohlrabi
ADD_PHONE AKohlra11  047-549-9726
ADD_PHONE AKohlra11  158-852-0410
ADD_USER  ALanka90   26891 Alexis Lanka
ADD_USER  ALawsui71    292 Abigail Lawsuit
ADD_USER  ALea53     41660 Anthony Lea
ADD_PHONE ALea53     719-529-0953
ADD_USER  ALev53       745 Audrey Lev
ADD_PHONE ALev53     143-249-1816
ADD_PHONE ALev53     150-835-2991
ADD_PHONE ALev53     672-173-7372
ADD_USER  ALiam63       68 Alexander Liam Alkaline
ADD_PHONE ALiam63    054-254-2928
ADD_PHONE ALiam63    692-821-6705
ADD_PHONE ALiam63    921-081-1575
ADD_USER  ALillia81  20746 Amelia Lillian Weston
ADD_PHONE ALillia81  950-951-4160
ADD_USER  ALitigi14  46604 Ava Litigious
ADD_PHONE ALitigi14  247-632-2259
ADD_PHONE ALitigi14  359-815-4329
ADD_PHONE ALitigi14  792-236-6692
ADD_USER  ALocomo83  16900 Andrew Locomotor
ADD_PHONE ALocomo83  134-861-3448
ADD_PHONE ALocomo83  283-440-9311
ADD_PHONE ALocomo83  725-402-9941
ADD_USER  ALone06      552 Abigail Lone
ADD_PHONE ALone06    193-831-7518
ADD_PHONE ALone06    875-255-8423
ADD_USER  ALotion47   6589 Alexandra Lotion
ADD_USER  AMachin82    770 Alyssa Machinelike
ADD_USER  AMagazi11  18736 Alexandra Magazine
ADD_USER  AMason43     657 Alex Mason Telegram
ADD_PHONE AMason43   170-352-0050
ADD_PHONE AMason43   511-283-2459
ADD_USER  AMidlan27    960 Austin Midland
ADD_USER  AMusici52  46838 Avery Musician
ADD_PHONE AMusici52  588-774-6578
ADD_PHONE AMusici52  755-732-4054
ADD_USER  ANautic80   2840 Amelia Nautical
ADD_PHONE ANautic80  308-515-3349
ADD_PHONE ANautic80  814-709-2262
ADD_USER  ANumera69   7602 Audrey Numeral
ADD_PHONE ANumera69  630-594-1061
ADD_USER  AObeisa19     97 Audrey Obeisant
ADD_USER  AOpport72   8455 Abigail Opportune
ADD_USER  AOrland72   1818 Allison Orlando
ADD_PHONE AOrland72  292-875-1618
ADD_USER  APariah24     41 Arianna Pariah
ADD_PHONE APariah24  723-312-2045
ADD_USER  AParker21     83 Austin Parker Ought
ADD_PHONE AParker21  955-327-1608
ADD_USER  AParlia17     98 Abigail Parliamentarian
ADD_PHONE AParlia17  312-063-1793
ADD_PHONE AParlia17  957-248-5752
ADD_USER  APatrol24     32 Audrey Patrolled
ADD_PHONE APatrol24  526-547-6996
ADD_USER  APlural37    358 Aiden Plural
ADD_PHONE APlural37  376-878-9593
ADD_PHONE APlural37  821-233-9535
ADD_USER  APocono01  47625 Amelia Pocono
ADD_USER  APredis53  20647 Arianna Predisposition
ADD_PHONE APredis53  012-509-7968
ADD_PHONE APredis53  151-282-8004
ADD_PHONE APredis53  259-282-8101
ADD_USER  ARat84      3412 Avery Rat
ADD_USER  ARebutt06    219 Alexandra Rebutting
ADD_PHONE ARebutt06  261-548-3911
ADD_PHONE ARebutt06  668-709-8637
ADD_PHONE ARebutt06  954-112-8697
ADD_USER  ARectit46  19132 Alyssa Rectitude
ADD_PHONE ARectit46  336-777-3158
ADD_PHONE ARectit46  982-969-8773
ADD_PHONE ARectit46  988-518-0429
ADD_USER  ARefere78     45 Addison Referee
ADD_PHONE ARefere78  011-769-1584
ADD_PHONE ARefere78  436-673-9065
ADD_PHONE ARefere78  704-634-6328
ADD_USER  ARodrig32    379 Anna Rodriguez
ADD_PHONE ARodrig32  281-457-7882
ADD_PHONE ARodrig32  924-528-9320
ADD_PHONE ARodrig32  955-082-1467
ADD_USER  ASarcom75     30 Ava Sarcoma
ADD_PHONE ASarcom75  785-376-3964
ADD_USER  ASardin27    936 Allison Sardine
ADD_PHONE ASardin27  043-094-4488
ADD_USER  ASavann08  29641 Abigail Savannah Dixon
ADD_PHONE ASavann08  219-362-2339
ADD_USER  ASheeha03    836 Aiden Sheehan
ADD_PHONE ASheeha03  019-090-1455
ADD_USER  AShifty56  26677 Austin Shifty
ADD_PHONE AShifty56  467-675-8439
ADD_PHONE AShifty56  668-863-0309
ADD_USER  ASilico47    972 Alex Silicon
ADD_USER  ASnowba04     49 Adam Snowball
ADD_PHONE ASnowba04  262-160-3882
ADD_PHONE ASnowba04  858-782-5061
ADD_USER  ASpar30       99 Ava Spar
ADD_PHONE ASpar30    214-741-6968
ADD_USER  ASpectr21   9957 Alyssa Spectroscopic
ADD_USER  AStand02     299 Avery Stand
ADD_PHONE AStand02   272-836-4782
ADD_PHONE AStand02   368-427-1485
ADD_PHONE AStand02   511-458-7682
ADD_USER  ASurrou89    237 Ava Surround
ADD_PHONE ASurrou89  455-778-1052
ADD_USER  ASydney28    190 Amelia Sydney Vast
ADD_PHONE ASydney28  069-469-4796
ADD_PHONE ASydney28  395-605-8865
ADD_PHONE ASydney28  710-900-7249
ADD_USER  AThick01      60 Aaron Thick
ADD_PHONE AThick01   256-151-8426
ADD_PHONE AThick01   698-483-5545
ADD_USER  ATransa83     14 Aiden Transalpine
ADD_PHONE ATransa83  731-975-4123
ADD_USER  ATribes83   8087 Andrew Tribesman PhD
ADD_USER  ATriump13   3548 Amelia Triumphant
ADD_PHONE ATriump13  176-024-7124
ADD_PHONE ATriump13  193-642-9994
ADD_PHONE ATriump13  987-038-8370
ADD_USER  ATurnov36   2688 Amelia Turnover
ADD_PHONE ATurnov36  150-915-9888
ADD_PHONE ATurnov36  218-877-5586
ADD_USER  AUlysse26     26 Anna Ulysses
ADD_USER  AUseful23  46796 Addison Useful
ADD_PHONE AUseful23  481-430-8424
ADD_PHONE AUseful23  815-528-3168
ADD_USER  AVariac47  25364 Aidan Variac
ADD_PHONE AVariac47  447-066-1467
ADD_USER  AVengea70   3250 Addison Vengeance
ADD_PHONE AVengea70  086-989-7721
ADD_PHONE AVengea70  227-788-0024
ADD_USER  AWaffle38     24 Austin Waffle
ADD_PHONE AWaffle38  204-710-5974
ADD_PHONE AWaffle38  626-134-6111
ADD_PHONE AWaffle38  680-511-8647
ADD_USER  AWail41     9049 Alex Wail
ADD_PHONE AWail41    378-031-0466
ADD_PHONE AWail41    871-930-5300
ADD_PHONE AWail41    939-584-8787
ADD_USER  AWeb44      8195 Aidan Web
ADD_USER  AWhatev12   4255 Anna Whatever
ADD_PHONE AWhatev12  020-237-0270
ADD_PHONE AWhatev12  143-621-4222
ADD_PHONE AWhatev12  830-766-7969
ADD_USER  AWildca72   3143 Addison Wildcat
ADD_USER  AWithst03     51 Austin Withstand
ADD_PHONE AWithst03  681-303-6123
ADD_PHONE AWithst03  721-861-5760
ADD_USER  AWyando02     76 Andrew Wyandotte
ADD_USER  AYak48     22914 Amelia Yak
ADD_PHONE AYak48     195-036-1029
ADD_PHONE AYak48     426-327-1944
ADD_USER  AZigzag62   8685 Abigail Zigzag
ADD_PHONE AZigzag62  371-152-6491
ADD_PHONE AZigzag62  989-274-5459
ADD_USER  AZoe46      3384 Audrey Zoe Inhalation
ADD_PHONE AZoe46     378-066-9307
ADD_PHONE AZoe46     574-171-0997
ADD_USER  Aubrey72    7559 Aubrey
ADD_PHONE Aubrey72   011-071-2788
ADD_PHONE Aubrey72   057-646-5068
ADD_PHONE Aubrey72   274-962-8856
ADD_USER  BAbhorr04     26 Benjamin Abhorred
ADD_PHONE BAbhorr04  306-459-5354
ADD_USER  BAccele15    991 Brayden Accelerate
ADD_PHONE BAccele15  200-989-9487
ADD_PHONE BAccele15  255-546-9847
ADD_PHONE BAccele15  441-090-2423
ADD_USER  BAccred17     86 Brianna Accreditate
ADD_PHONE BAccred17  536-967-0323
ADD_PHONE BAccred17  647-729-5807
ADD_PHONE BAccred17  732-009-7512
ADD_USER  BAnatom04   7789 Benjamin Anatomy
ADD_PHONE BAnatom04  110-106-2989
ADD_PHONE BAnatom04  223-818-5715
ADD_PHONE BAnatom04  260-468-6938
ADD_USER  BAvocat55  14468 Brayden Avocation
ADD_PHONE BAvocat55  100-115-7373
ADD_USER  BAvocat75   1794 Benjamin Avocate
ADD_PHONE BAvocat75  024-464-0871
ADD_PHONE BAvocat75  090-178-1750
ADD_PHONE BAvocat75  768-606-8891
ADD_USER  BAwhile16    954 Brandon Awhile
ADD_PHONE BAwhile16  355-115-2284
ADD_PHONE BAwhile16  733-286-2748
ADD_USER  BBackst16   5372 Bailey Backstitch
ADD_PHONE BBackst16  172-745-1355
ADD_PHONE BBackst16  263-687-5069
ADD_PHONE BBackst16  753-182-4007
ADD_USER  BBaseba90    396 Brody Baseband
ADD_PHONE BBaseba90  323-651-3468
ADD_USER  BBode58     3359 Brianna Bode
ADD_USER  BCharle46  21021 Bella Charles
ADD_PHONE BCharle46  203-398-9973
ADD_PHONE BCharle46  757-101-7597
ADD_USER  BChloe93      98 Bella Chloe Bind
ADD_PHONE BChloe93   046-502-1538
ADD_PHONE BChloe93   590-470-3223
ADD_PHONE BChloe93   736-594-8503
ADD_USER  BChrist04  47049 Bailey Christenson
ADD_USER  BConcat86  32241 Blake Concatenate
ADD_PHONE BConcat86  119-955-0921
ADD_PHONE BConcat86  127-469-1848
ADD_PHONE BConcat86  401-853-6956
ADD_USER  BConduc49    732 Bailey Conduce
ADD_PHONE BConduc49  464-258-8328
ADD_USER  BCurb26       52 Brooklyn Curb
ADD_PHONE BCurb26    061-481-5267
ADD_USER  BDel58        67 Benjamin Del
ADD_PHONE BDel58     843-216-0798
ADD_USER  BDeoxyr91      6 Brayden Deoxyribose
ADD_PHONE BDeoxyr91  150-569-4195
ADD_PHONE BDeoxyr91  492-584-0207
ADD_PHONE BDeoxyr91  856-311-4177
ADD_USER  BDerisi92   6879 Benjamin Derisive
ADD_PHONE BDerisi92  549-408-9225
ADD_PHONE BDerisi92  719-795-1181
ADD_USER  BDig92       247 Blake Dig
ADD_USER  BDiscip35     27 Bella Disciplinary
ADD_PHONE BDiscip35  435-145-1146
ADD_PHONE BDiscip35  711-134-9765
ADD_PHONE BDiscip35  760-963-3877
ADD_USER  BEmma87      939 Bailey Emma Lengthy
ADD_PHONE BEmma87    434-247-5700
ADD_USER  BFerber82  26039 Brooke Ferber
ADD_PHONE BFerber82  153-605-7386
ADD_USER  BForget74    100 Blake Forgettable
ADD_PHONE BForget74  557-957-2505
ADD_PHONE BForget74  632-188-1874
ADD_PHONE BForget74  694-766-6747
ADD_USER  BHarshe08  33099 Brayden Harshen
ADD_USER  BHoc41     31510 Brianna Hoc
ADD_PHONE BHoc41     311-235-9762
ADD_PHONE BHoc41     838-863-6844
ADD_USER  BHoward74   1293 Brooke Howard
ADD_PHONE BHoward74  235-312-5914
ADD_USER  BImpert32     64 Brooklyn Impertinent
ADD_PHONE BImpert32  109-169-8776
ADD_PHONE BImpert32  918-899-7962
ADD_USER  BInclos23   8797 Bailey Inclose
ADD_PHONE BInclos23  185-360-8585
ADD_PHONE BInclos23  372-653-8592
ADD_PHONE BInclos23  774-466-2692
ADD_USER  BIntole38    635 Brianna Intolerable
ADD_PHONE BIntole38  074-107-4353
ADD_PHONE BIntole38  461-461-8464
ADD_USER  BKinema20      3 Bella Kinematic
ADD_PHONE BKinema20  532-034-2791
ADD_USER  BLegend71  16799 Brooke Legendre
ADD_USER  BLovela61     56 Bella Loveland
ADD_PHONE BLovela61  387-399-6591
ADD_USER  BLunary20   6583 Benjamin Lunary
ADD_USER  BLuther20   3968 Benjamin Luther
ADD_PHONE BLuther20  331-838-8200
ADD_PHONE BLuther20  476-740-4399
ADD_USER  BMolly44      23 Brooke Molly Heal
ADD_PHONE BMolly44   129-398-3113
ADD_PHONE BMolly44   439-242-8328
ADD_USER  BMorgan12    328 Brianna Morgan Area
ADD_PHONE BMorgan12  124-258-0468
ADD_USER  BMultit32    913 Bailey Multitude
ADD_PHONE BMultit32  234-217-4802
ADD_PHONE BMultit32  609-427-8638
ADD_USER  BMustac83     53 Benjamin Mustache
ADD_PHONE BMustac83  425-527-5066
ADD_PHONE BMustac83  658-780-4351
ADD_PHONE BMustac83  825-018-5644
ADD_USER  BNeapol56      4 Brooke Neapolitan
ADD_PHONE BNeapol56  421-757-9566
ADD_PHONE BNeapol56  789-582-1182
ADD_USER  BNeuron28    795 Benjamin Neuron
ADD_USER  BNew45     46098 Bella New
ADD_PHONE BNew45     122-776-7797
ADD_PHONE BNew45     634-757-1532
ADD_PHONE BNew45     928-850-4658
ADD_USER  BNicoti37  34599 Bailey Nicotinamide
ADD_PHONE BNicoti37  835-761-5676
ADD_USER  BOhmic15   17244 Blake Ohmic
ADD_USER  BOliver09    342 Benjamin Oliver Hitherto
ADD_PHONE BOliver09  488-733-6240
ADD_USER  BPaulso61   3137 Brooke Paulson
ADD_USER  BPhysio20    157 Brooke Physiochemical
ADD_PHONE BPhysio20  066-679-2304
ADD_PHONE BPhysio20  293-065-6451
ADD_PHONE BPhysio20  853-141-7125
ADD_USER  BPlowma64    312 Benjamin Plowman
ADD_USER  BPromul67     63 Brody Promulgate
ADD_PHONE BPromul67  157-662-8462
ADD_USER  BRecurr17    323 Bella Recurrent
ADD_PHONE BRecurr17  279-768-0465
ADD_PHONE BRecurr17  382-506-1867
ADD_PHONE BRecurr17  497-445-1290
ADD_USER  BRepell13     85 Brandon Repelling
ADD_PHONE BRepell13  907-469-7694
ADD_USER  BSax07         0 Brandon Sax
ADD_PHONE BSax07     724-431-1526
ADD_PHONE BSax07     823-662-1030
ADD_USER  BSonnet80    165 Brandon Sonnet
ADD_PHONE BSonnet80  337-726-2100
ADD_USER  BStartu47    387 Brandon Startup Esq
ADD_PHONE BStartu47  572-258-2221
ADD_PHONE BStartu47  620-995-6823
ADD_PHONE BStartu47  787-307-8362
ADD_USER  BSunshi21     10 Brooke Sunshine
ADD_PHONE BSunshi21  765-790-7180
ADD_USER  BTabern32     81 Brianna Tabernacle
ADD_USER  BTapa95      124 Blake Tapa
ADD_PHONE BTapa95    140-795-3405
ADD_PHONE BTapa95    350-488-7924
ADD_USER  BThebes85    455 Brooklyn Thebes
ADD_PHONE BThebes85  364-069-9362
ADD_PHONE BThebes85  471-582-3339
ADD_PHONE BThebes85  818-587-8983
ADD_USER  BTrite20     138 Benjamin Trite
ADD_PHONE BTrite20   331-109-2084
ADD_PHONE BTrite20   718-534-2920
ADD_PHONE BTrite20   773-221-9361
ADD_USER  BUpstat77  20622 Brayden Upstate
ADD_PHONE BUpstat77  183-921-7197
ADD_PHONE BUpstat77  819-857-7443
ADD_USER  BWavy41    28215 Bailey Wavy
ADD_USER  BWind03     9967 Brandon Wind
ADD_PHONE BWind03    051-588-0368
ADD_PHONE BWind03    704-086-7340
ADD_PHONE BWind03    932-498-8455
ADD_USER  BXavier37    897 Blake Xavier Potentiometer
ADD_PHONE BXavier37  233-955-6871
ADD_PHONE BXavier37  371-173-2171
ADD_PHONE BXavier37  862-326-3418
ADD_USER  BYip55      8277 Brooklyn Yip
ADD_PHONE BYip55     880-285-9197
ADD_USER  Brookly00    626 Brooklyn
ADD_USER  CAiden86   32782 Charlie Aiden Intimater IV
ADD_PHONE CAiden86   269-329-2296
ADD_USER  CAmbula91  41809 Cameron Ambulatory
ADD_PHONE CAmbula91  343-070-9786
ADD_PHONE CAmbula91  833-479-6403
ADD_USER  CAnion54       1 Caroline Anion
ADD_PHONE CAnion54   457-532-2728
ADD_PHONE CAnion54   734-665-5876
ADD_PHONE CAnion54   818-679-8544
ADD_USER  CApport80    325 Cole Apport
ADD_PHONE CApport80  143-789-2176
ADD_PHONE CApport80  399-722-2538
ADD_USER  CArbutu80    568 Chloe Arbutus
ADD_PHONE CArbutu80  013-410-3331
ADD_PHONE CArbutu80  909-264-1153
ADD_USER  CAuto95       59 Connor Auto
ADD_USER  CAward89     217 Christopher Award
ADD_USER  CBallas44    912 Charlotte Ballast
ADD_PHONE CBallas44  477-569-5947
ADD_USER  CBathro90   7857 Claire Bathrobe
ADD_PHONE CBathro90  336-023-1127
ADD_PHONE CBathro90  463-232-3084
ADD_USER  CBlouse02    571 Caroline Blouse
ADD_USER  CBugeye38     92 Connor Bugeyed
ADD_PHONE CBugeye38  549-368-3070
ADD_PHONE CBugeye38  754-218-1951
ADD_PHONE CBugeye38  840-755-2621
ADD_USER  CButter39     29 Caroline Butternut
ADD_PHONE CButter39  390-942-3979
ADD_PHONE CButter39  537-242-1335
ADD_USER  CCaleb13     531 Christopher Caleb Equinox
ADD_USER  CCamero28    272 Cameron Cameron Truck
ADD_PHONE CCamero28  165-179-0014
ADD_PHONE CCamero28  656-538-2295
ADD_PHONE CCamero28  777-868-1703
ADD_USER  CCapita93  14519 Charlie Capita
ADD_PHONE CCapita93  157-213-3863
ADD_USER  CCarter78    236 Christian Carter Bootlegging IV
ADD_PHONE CCarter78  291-591-1635
ADD_PHONE CCarter78  595-114-0577
ADD_USER  CCatech62   6781 Carson Catechism
ADD_USER  CCattle87    233 Carter Cattlemen
ADD_PHONE CCattle87  380-115-4893
ADD_PHONE CCattle87  507-193-2368
ADD_USER  CChang42     922 Cole Chang
ADD_PHONE CChang42   088-627-7058
ADD_PHONE CChang42   644-628-2078
ADD_PHONE CChang42   817-050-7687
ADD_USER  CChrist04     51 Christopher Christian Wehr
ADD_PHONE CChrist04  199-285-9056
ADD_PHONE CChrist04  685-268-2880
ADD_USER  CCorval93    778 Caroline Corvallis
ADD_PHONE CCorval93  534-342-3162
ADD_USER  CCounte56     71 Caroline Countersink
ADD_USER  CCountr04  29014 Claire Countrymen
ADD_PHONE CCountr04  317-661-7280
ADD_PHONE CCountr04  414-027-3846
ADD_PHONE CCountr04  899-079-2916
ADD_USER  CDeodor77    752 Caroline Deodorant
ADD_PHONE CDeodor77  045-616-0548
ADD_PHONE CDeodor77  691-998-6518
ADD_PHONE CDeodor77  772-616-0196
ADD_USER  CDesiro53     14 Connor Desirous
ADD_USER  CDiffer01  21553 Christopher Differentiate
ADD_PHONE CDiffer01  165-083-5903
ADD_PHONE CDiffer01  313-784-9798
ADD_PHONE CDiffer01  719-008-0297
ADD_USER  CDunedi65  12823 Connor Dunedin
ADD_PHONE CDunedi65  701-241-8706
ADD_USER  CDurkin75   6488 Caroline Durkin
ADD_PHONE CDurkin75  663-464-1452
ADD_PHONE CDurkin75  870-118-3765
ADD_USER  CEccent96    626 Caleb Eccentric
ADD_USER  CErnest03    817 Claire Ernestine
ADD_PHONE CErnest03  353-329-2469
ADD_PHONE CErnest03  732-552-0244
ADD_USER  CErudit42  15351 Chloe Erudite
ADD_PHONE CErudit42  054-891-5854
ADD_PHONE CErudit42  548-082-8122
ADD_USER  CFad39      4437 Charlie Fad
ADD_PHONE CFad39     184-160-6164
ADD_USER  CFarmho91   7169 Carter Farmhouse
ADD_PHONE CFarmho91  082-052-9800
ADD_PHONE CFarmho91  186-944-0731
ADD_PHONE CFarmho91  815-888-3232
ADD_USER  CFeat96     6625 Christian Feat
ADD_PHONE CFeat96    038-584-4449
ADD_PHONE CFeat96    735-606-5604
ADD_USER  CFinn49    21936 Carter Finn
ADD_USER  CForm47       27 Chase Form
ADD_PHONE CForm47    484-032-8383
ADD_PHONE CForm47    593-498-9983
ADD_PHONE CForm47    825-221-6717
ADD_USER  CFredho79   7421 Charlie Fredholm
ADD_PHONE CFredho79  671-421-5450
ADD_PHONE CFredho79  894-513-2963
ADD_USER  CFronti06    904 Carter Frontiersman
ADD_PHONE CFronti06  200-817-2124
ADD_PHONE CFronti06  277-348-6646
ADD_PHONE CFronti06  386-504-4568
ADD_USER  CGrace15     646 Charlotte Grace Mediterranean
ADD_USER  CGrata16     151 Cameron Grata
ADD_USER  CHandel19    554 Charlotte Handel
ADD_PHONE CHandel19  301-848-7769
ADD_PHONE CHandel19  456-409-3419
ADD_PHONE CHandel19  855-896-9643
ADD_USER  CHanove18    977 Charlie Hanover
ADD_PHONE CHanove18  296-531-2123
ADD_PHONE CHanove18  494-069-3341
ADD_USER  CHetero81     29 Chase Heterogeneity
ADD_PHONE CHetero81  185-593-6376
ADD_PHONE CHetero81  776-370-8459
ADD_PHONE CHetero81  782-497-7346
ADD_USER  CHomoge87    247 Christian Homogenate
ADD_PHONE CHomoge87  154-464-7830
ADD_PHONE CHomoge87  431-362-1917
ADD_PHONE CHomoge87  811-461-4941
ADD_USER  CHumble15   4830 Chloe Humble
ADD_PHONE CHumble15  192-146-2002
ADD_USER  CHunter20  26118 Connor Hunter Whore PhD
ADD_USER  CHydroc77  27634 Caroline Hydrochloride
ADD_USER  CHypocr75    640 Caleb Hypocrite
ADD_PHONE CHypocr75  290-378-3821
ADD_PHONE CHypocr75  919-938-1630
ADD_USER  CIbex31      844 Cole Ibex
ADD_USER  CImpera60  44102 Christopher Imperative
ADD_PHONE CImpera60  216-303-5643
ADD_PHONE CImpera60  681-992-1176
ADD_PHONE CImpera60  713-603-2704
ADD_USER  CInfini12  30633 Chase Infinitum
ADD_PHONE CInfini12  299-326-7410
ADD_USER  CInvoke66   6273 Claire Invoke
ADD_USER  CIronic14  48282 Caleb Ironic
ADD_PHONE CIronic14  608-651-1439
ADD_PHONE CIronic14  784-191-5443
ADD_PHONE CIronic14  819-712-1789
ADD_USER  CIsomor57   6384 Caleb Isomorph
ADD_PHONE CIsomor57  044-822-0137
ADD_USER  CJest36      519 Claire Jest Esq
ADD_PHONE CJest36    666-674-9533
ADD_USER  CJulian33    715 Cooper Julian Impartation
ADD_PHONE CJulian33  249-105-8924
ADD_PHONE CJulian33  754-493-5709
ADD_USER  CKayla70      23 Claire Kayla Stagnate
ADD_PHONE CKayla70   378-924-2360
ADD_USER  CKennel40    214 Cameron Kennel
ADD_PHONE CKennel40  047-593-3082
ADD_PHONE CKennel40  412-267-3986
ADD_PHONE CKennel40  594-981-8094
ADD_USER  CLatus78    1434 Caleb Latus
ADD_USER  CLockhe44     15 Caroline Lockheed
ADD_PHONE CLockhe44  113-025-9896
ADD_PHONE CLockhe44  794-656-9376
ADD_PHONE CLockhe44  864-778-0043
ADD_USER  CLongha08  30095 Cooper Longhand
ADD_PHONE CLongha08  300-250-6003
ADD_PHONE CLongha08  391-625-3647
ADD_PHONE CLongha08  734-671-2829
ADD_USER  CLumino38     75 Connor Luminosity
ADD_PHONE CLumino38  279-725-4963
ADD_PHONE CLumino38  548-740-7918
ADD_PHONE CLumino38  618-729-5226
ADD_USER  CMast62     9191 Carter Mast
ADD_PHONE CMast62    065-631-1208
ADD_PHONE CMast62    475-404-0292
ADD_USER  CMatron33     10 Claire Matron
ADD_PHONE CMatron33  121-181-3313
ADD_PHONE CMatron33  977-168-1191
ADD_USER  CMia96       405 Caroline Mia Memento
ADD_USER  CMoresb14     25 Caroline Moresby
ADD_PHONE CMoresb14  310-918-1192
ADD_PHONE CMoresb14  699-013-8358
ADD_USER  CMundan07     41 Cameron Mundane
ADD_PHONE CMundan07  273-521-3652
ADD_PHONE CMundan07  731-256-9112
ADD_USER  CMuskeg62  30814 Cooper Muskegon
ADD_PHONE CMuskeg62  234-917-8865
ADD_USER  CNostra99     37 Christian Nostrand
ADD_USER  CPartic29   4259 Cameron Participle MD
ADD_PHONE CPartic29  311-933-5580
ADD_PHONE CPartic29  595-458-6261
ADD_USER  CPhonem85   5716 Cooper Phoneme
ADD_PHONE CPhonem85  122-383-1932
ADD_PHONE CPhonem85  687-936-3701
ADD_USER  CPiracy19  28549 Caleb Piracy Esq
ADD_PHONE CPiracy19  852-434-5999
ADD_USER  CPlagio16     46 Christian Plagioclase
ADD_PHONE CPlagio16  611-752-9178
ADD_PHONE CPlagio16  686-108-5081
ADD_USER  CPresid34    360 Cole Preside
ADD_USER  CPropor60  29756 Christopher Proportionate
ADD_USER  CRepara16    517 Cameron Reparation
ADD_PHONE CRepara16  896-955-5771
ADD_USER  CReserv39     69 Cameron Reservoir
ADD_PHONE CReserv39  731-365-0106
ADD_USER  CRivers34   6596 Cole Riverside
ADD_PHONE CRivers34  132-095-9622
ADD_PHONE CRivers34  622-087-7973
ADD_PHONE CRivers34  687-522-1723
ADD_USER  CRood23    19434 Cameron Rood
ADD_PHONE CRood23    032-869-6814
ADD_PHONE CRood23    308-971-6567
ADD_PHONE CRood23    971-350-8887
ADD_USER  CSachem22     59 Cameron Sachem
ADD_PHONE CSachem22  045-692-9686
ADD_PHONE CSachem22  621-419-4105
ADD_PHONE CSachem22  637-300-3724
ADD_USER  CSalute94   2961 Cooper Salute
ADD_PHONE CSalute94  024-726-5113
ADD_PHONE CSalute94  269-549-5824
ADD_PHONE CSalute94  991-932-9210
ADD_USER  CScoop52      23 Carson Scoop
ADD_USER  CShrewi27     84 Chloe Shrewish
ADD_USER  CSiege97    1851 Chloe Siege
ADD_PHONE CSiege97   140-814-6749
ADD_PHONE CSiege97   852-120-0203
ADD_PHONE CSiege97   938-707-0515
ADD_USER  CSixfol15     44 Connor Sixfold
ADD_PHONE CSixfol15  692-375-2999
ADD_PHONE CSixfol15  977-298-9416
ADD_USER  CSocket41  33005 Carson Socket
ADD_PHONE CSocket41  285-347-1821
ADD_PHONE CSocket41  591-638-3661
ADD_USER  CSpoof99   26653 Charlie Spoof
ADD_USER  CStayed81  44985 Cole Stayed
ADD_PHONE CStayed81  254-225-0782
ADD_PHONE CStayed81  304-201-4997
ADD_PHONE CStayed81  990-225-2166
ADD_USER  CStory46    8019 Charlie Story
ADD_PHONE CStory46   945-738-4518
ADD_USER  CStrong08   9848 Cameron Stronghold
ADD_PHONE CStrong08  063-884-9479
ADD_PHONE CStrong08  132-100-0038
ADD_USER  CTanzan25   1168 Christopher Tanzania
ADD_PHONE CTanzan25  990-578-3137
ADD_USER  CTaoist55  14312 Claire Taoist
ADD_PHONE CTaoist55  426-231-1993
ADD_PHONE CTaoist55  640-677-6527
ADD_USER  CTheret69   1257 Caroline Theretofore
ADD_PHONE CTheret69  020-598-7385
ADD_USER  CTownsm29    695 Carson Townsmen
ADD_PHONE CTownsm29  280-164-8540
ADD_USER  CTribut53    857 Christopher Tribute
ADD_USER  CTuff28    19681 Charlie Tuff
ADD_PHONE CTuff28    282-459-3150
ADD_USER  CUsurer37    958 Connor Usurer
ADD_PHONE CUsurer37  390-334-3111
ADD_PHONE CUsurer37  646-236-7310
ADD_PHONE CUsurer37  766-913-6863
ADD_USER  CVelour71      9 Chloe Velours
ADD_PHONE CVelour71  120-721-5923
ADD_PHONE CVelour71  838-952-1808
ADD_USER  CVicero47     24 Caroline Viceroy
ADD_PHONE CVicero47  776-969-7416
ADD_USER  CViolat02   4409 Cameron Violate
ADD_PHONE CViolat02  527-320-4215
ADD_PHONE CViolat02  527-353-4584
ADD_PHONE CViolat02  946-269-8897
ADD_USER  CWhere45      48 Charlotte Where
ADD_USER  CWills63   35049 Cameron Wills
ADD_PHONE CWills63   171-058-8198
ADD_PHONE CWills63   418-995-1416
ADD_PHONE CWills63   747-971-6827
ADD_USER  CXavier07  46290 Chase Xavier Coyote
ADD_PHONE CXavier07  424-352-9354
ADD_PHONE CXavier07  524-095-7715
ADD_PHONE CXavier07  881-666-0755
ADD_USER  CYouthf63     11 Connor Youthful
ADD_PHONE CYouthf63  313-267-6241
ADD_PHONE CYouthf63  527-043-3613
ADD_PHONE CYouthf63  837-317-0847
ADD_USER  DAerody72  20667 David Aerodynamic
ADD_PHONE DAerody72  655-427-1309
ADD_USER  DAnimat63     79 David Animate MD
ADD_PHONE DAnimat63  359-814-9589
ADD_PHONE DAnimat63  401-763-7044
ADD_PHONE DAnimat63  686-189-2703
ADD_USER  DAuthen52    970 Dontonio Authentic
ADD_PHONE DAuthen52  075-258-7158
ADD_PHONE DAuthen52  270-761-0112
ADD_PHONE DAuthen52  538-908-9393
ADD_USER  DBrushl28     55 Dontonio Brushlike IV
ADD_PHONE DBrushl28  562-676-7648
ADD_PHONE DBrushl28  834-519-7160
ADD_USER  DBuddhi22   2682 Daniel Buddhism
ADD_PHONE DBuddhi22  735-165-9598
ADD_USER  DChen98     2707 Dylan Chen
ADD_PHONE DChen98    948-853-7334
ADD_USER  DChuck06     769 Dontonio Chuck
ADD_USER  DConvul06   2598 Dontonio Convulsion
ADD_PHONE DConvul06  013-837-2637
ADD_PHONE DConvul06  075-758-1676
ADD_USER  DCrock36       4 Daniel Crock
ADD_USER  DEditor29     32 Dylan Editorial
ADD_PHONE DEditor29  567-903-7670
ADD_USER  DGop12       178 Dontonio Gop
ADD_PHONE DGop12     080-584-6296
ADD_PHONE DGop12     096-989-9770
ADD_PHONE DGop12     322-340-4680
ADD_USER  DGrow12       56 David Grow
ADD_PHONE DGrow12    698-474-1701
ADD_USER  DHabib73      54 Dontonio Habib
ADD_PHONE DHabib73   395-630-8179
ADD_USER  DInques06   2364 Dontonio Inquest
ADD_USER  DMelodi57      3 Dylan Melodious
ADD_USER  DPtolem00  33989 Daniel Ptolemaic
ADD_USER  DSecret27  15043 David Secretariat
ADD_PHONE DSecret27  059-229-7440
ADD_PHONE DSecret27  197-576-7772
ADD_PHONE DSecret27  446-996-4184
ADD_USER  DStealt16    762 Dylan Stealthy
ADD_PHONE DStealt16  069-983-0263
ADD_USER  DSurfei84    217 Daniel Surfeit
ADD_PHONE DSurfei84  219-547-1417
ADD_USER  DUpstar38    603 Dylan Upstart
ADD_USER  DXavier60    533 Daniel Xavier Triphenylphosphine
ADD_USER  EAcquai09   5703 Elizabeth Acquaintance
ADD_PHONE EAcquai09  007-601-7006
ADD_PHONE EAcquai09  466-956-6288
ADD_PHONE EAcquai09  779-832-5268
ADD_USER  EAffirm35    215 Elijah Affirmation
ADD_PHONE EAffirm35  878-946-4523
ADD_USER  EAile62      240 Emma Aile
ADD_PHONE EAile62    306-957-2722
ADD_PHONE EAile62    371-079-3354
ADD_USER  EAnna12     8913 Ella Anna Razzle
ADD_PHONE EAnna12    414-984-6137
ADD_PHONE EAnna12    533-629-0125
ADD_PHONE EAnna12    782-532-3908
ADD_USER  EAnna52      586 Ella Anna Exploit
ADD_PHONE EAnna52    385-486-5233
ADD_PHONE EAnna52    666-816-0365
ADD_USER  EAnthon90   6221 Evan Anthony Wagner
ADD_PHONE EAnthon90  983-241-1675
ADD_USER  EAvenge16     50 Ellie Avenge
ADD_PHONE EAvenge16  489-416-9240
ADD_PHONE EAvenge16  544-945-3821
ADD_USER  EBingle10  41184 Evan Bingle IV
ADD_PHONE EBingle10  263-527-0128
ADD_PHONE EBingle10  385-353-4733
ADD_PHONE EBingle10  540-595-1411
ADD_USER  EBirdse82    101 Elijah Birdseed
ADD_USER  EBrain74     734 Elijah Brain
ADD_PHONE EBrain74   218-150-3773
ADD_PHONE EBrain74   671-930-5234
ADD_USER  EBrushl45  14518 Eli Brushlike
ADD_PHONE EBrushl45  087-846-5347
ADD_PHONE EBrushl45  744-650-1624
ADD_USER  EBugeye95    251 Evan Bugeyed
ADD_PHONE EBugeye95  301-889-0247
ADD_PHONE EBugeye95  608-721-8449
ADD_PHONE EBugeye95  949-944-1256
ADD_USER  EBuxteh09  44494 Emily Buxtehude
ADD_USER  EByzant45   8147 Eva Byzantium
ADD_PHONE EByzant45  673-627-8233
ADD_USER  ECanoni45  47381 Elizabeth Canonic
ADD_PHONE ECanoni45  118-793-0042
ADD_PHONE ECanoni45  948-947-5842
ADD_USER  ECaspia04   2320 Ella Caspian
ADD_USER  ECaste03      50 Evan Caste
ADD_PHONE ECaste03   624-695-2132
ADD_USER  ECern98    12381 Emily Cern
ADD_PHONE ECern98    158-742-0011
ADD_PHONE ECern98    357-816-5278
ADD_PHONE ECern98    675-186-7140
ADD_USER  ECockro24  49882 Evan Cockroach
ADD_PHONE ECockro24  282-429-1552
ADD_PHONE ECockro24  484-972-1054
ADD_PHONE ECockro24  845-345-3130
ADD_USER  EColoni97   4091 Elizabeth Colonist
ADD_PHONE EColoni97  826-744-7654
ADD_PHONE EColoni97  870-346-5961
ADD_PHONE EColoni97  928-375-9325
ADD_USER  ECreame32  30255 Elizabeth Creamery Esq
ADD_USER  ECrossp20     46 Eva Crosspoint
ADD_PHONE ECrossp20  103-504-7075
ADD_PHONE ECrossp20  308-809-4235
ADD_USER  ECrypta23   6120 Ellie Cryptanalyze
ADD_PHONE ECrypta23  083-181-8313
ADD_PHONE ECrypta23  442-181-5528
ADD_PHONE ECrypta23  517-244-8210
ADD_USER  EDecisi22   4197 Eva Decision
ADD_PHONE EDecisi22  262-519-6944
ADD_PHONE EDecisi22  606-379-6044
ADD_USER  EDeport52     90 Emma Deportee
ADD_USER  EDialog60     66 Evelyn Dialogue
ADD_USER  EDigita09    830 Emma Digital
ADD_PHONE EDigita09  507-464-5732
ADD_PHONE EDigita09  880-383-6508
ADD_USER  EDoctri21    871 Emily Doctrinaire
ADD_PHONE EDoctri21  070-568-2922
ADD_USER  EDodeca85    378 Emily Dodecahedral
ADD_PHONE EDodeca85  290-386-9567
ADD_USER  EDonton79   6232 Eli Dontonio Perfectible Esq
ADD_PHONE EDonton79  260-351-1503
ADD_PHONE EDonton79  974-814-8031
ADD_USER  EEpithe09     18 Evan Epithelial
ADD_PHONE EEpithe09  173-600-1342
ADD_PHONE EEpithe09  496-150-6001
ADD_PHONE EEpithe09  735-310-2085
ADD_USER  EEva04      5098 Ella Eva Panoramic
ADD_USER  EExorci67     80 Emily Exorcism
ADD_PHONE EExorci67  687-248-7002
ADD_PHONE EExorci67  961-449-5230
ADD_USER  EExpect46    522 Emily Expectant
ADD_PHONE EExpect46  403-344-0301
ADD_PHONE EExpect46  644-855-8056
ADD_USER  EExpres83   8713 Eli Expressway
ADD_USER  EFamine66   2272 Emily Famine
ADD_PHONE EFamine66  582-138-0220
ADD_USER  EFanfar43  44547 Emily Fanfare
ADD_PHONE EFanfar43  122-213-0565
ADD_USER  EFantod04  15866 Elijah Fantod
ADD_PHONE EFantod04  324-310-7298
ADD_PHONE EFantod04  336-675-7972
ADD_PHONE EFantod04  806-218-6660
ADD_USER  EFerrou72     67 Evan Ferrous
ADD_PHONE EFerrou72  999-149-1329
ADD_USER  EGlassw13   9983 Ellie Glassware
ADD_PHONE EGlassw13  024-606-6792
ADD_USER  EHand92     5456 Elizabeth Hand
ADD_PHONE EHand92    271-910-5061
ADD_PHONE EHand92    618-838-3406
ADD_PHONE EHand92    810-067-0762
ADD_USER  EHeires85  10066 Eva Heiress
ADD_PHONE EHeires85  589-012-5938
ADD_USER  EHick12    11496 Ella Hick
ADD_PHONE EHick12    353-490-0053
ADD_PHONE EHick12    358-257-9812
ADD_PHONE EHick12    838-562-9235
ADD_USER  EHide62      205 Eva Hide
ADD_PHONE EHide62    547-203-5723
ADD_PHONE EHide62    870-836-4328
ADD_USER  EHire29       91 Emily Hire
ADD_PHONE EHire29    395-240-1318
ADD_PHONE EHire29    484-762-5414
ADD_USER  EHomeco13   9229 Evelyn Homecome
ADD_PHONE EHomeco13  713-670-3321
ADD_PHONE EHomeco13  804-800-8665
ADD_USER  EIdyll35      65 Evelyn Idyll
ADD_PHONE EIdyll35   188-536-6095
ADD_USER  EIndemn90  28450 Emily Indemnify
ADD_PHONE EIndemn90  496-915-9958
ADD_USER  EIndent09  24450 Evelyn Indent
ADD_PHONE EIndent09  112-951-3979
ADD_PHONE EIndent09  337-165-5984
ADD_USER  EInquir54   2615 Elizabeth Inquire
ADD_PHONE EInquir54  433-378-7069
ADD_PHONE EInquir54  952-797-6195
ADD_USER  EIrresp15     64 Elijah Irresponsible
ADD_USER  EIsabel21   2864 Emily Isabella Unesco Esq
ADD_PHONE EIsabel21  169-955-7661
ADD_PHONE EIsabel21  680-684-5975
ADD_PHONE EIsabel21  999-993-9763
ADD_USER  EJacob05    1982 Elijah Jacob Rightful
ADD_PHONE EJacob05   051-280-8032
ADD_PHONE EJacob05   585-966-0299
ADD_PHONE EJacob05   708-331-0592
ADD_USER  EJoey70      533 Elijah Joey
ADD_PHONE EJoey70    198-409-9649
ADD_PHONE EJoey70    586-030-9612
ADD_USER  ELeitmo12   4668 Evelyn Leitmotif
ADD_PHONE ELeitmo12  458-103-4247
ADD_USER  EMainta12    225 Ellie Maintain
ADD_PHONE EMainta12  594-635-0763
ADD_USER  EMans25      565 Elijah Mans
ADD_PHONE EMans25    421-102-1072
ADD_PHONE EMans25    867-481-9335
ADD_PHONE EMans25    952-431-5484
ADD_USER  EMenhad93     74 Emily Menhaden
ADD_PHONE EMenhad93  433-847-0259
ADD_PHONE EMenhad93  451-521-9301
ADD_USER  EMilt33       21 Eli Milt
ADD_USER  EMoines11     41 Eli Moines
ADD_PHONE EMoines11  067-287-6869
ADD_PHONE EMoines11  781-308-8983
ADD_PHONE EMoines11  874-007-3761
ADD_USER  EOsteop15     61 Emily Osteoporosis
ADD_PHONE EOsteop15  982-398-6533
ADD_PHONE EOsteop15  994-361-2390
ADD_USER  EPhotog03  44024 Emma Photogenic Esq
ADD_PHONE EPhotog03  254-277-5646
ADD_PHONE EPhotog03  260-216-1751
ADD_USER  EPlenit21   2236 Elizabeth Plenitude
ADD_PHONE EPlenit21  509-623-6672
ADD_PHONE EPlenit21  773-295-1844
ADD_PHONE EPlenit21  989-341-9583
ADD_USER  EPorcup14    120 Ellie Porcupine
ADD_PHONE EPorcup14  337-785-2168
ADD_PHONE EPorcup14  673-970-9309
ADD_PHONE EPorcup14  945-717-4972
ADD_USER  EProcru08    147 Evelyn Procrustean
ADD_PHONE EProcru08  082-112-8667
ADD_USER  ESleuth35    903 Ella Sleuth
ADD_USER  ESnappi20    126 Ellie Snappish
ADD_PHONE ESnappi20  025-228-3058
ADD_PHONE ESnappi20  374-128-6524
ADD_USER  ESnazzy43    512 Evan Snazzy PhD
ADD_PHONE ESnazzy43  195-184-3257
ADD_USER  ESteed07    7134 Ellie Steed MD
ADD_PHONE ESteed07   030-623-5479
ADD_PHONE ESteed07   665-954-1498
ADD_PHONE ESteed07   666-932-4296
ADD_USER  EStuffy25   4525 Elijah Stuffy
ADD_PHONE EStuffy25  373-482-3671
ADD_PHONE EStuffy25  819-215-0846
ADD_USER  ETerrie61     97 Eva Terrier
ADD_PHONE ETerrie61  524-084-3009
ADD_PHONE ETerrie61  881-259-0951
ADD_PHONE ETerrie61  915-061-2075
ADD_USER  EUtmost75    605 Elijah Utmost
ADD_PHONE EUtmost75  688-816-8058
ADD_USER  GAbash19    4536 Grace Abash
ADD_PHONE GAbash19   219-075-9051
ADD_PHONE GAbash19   285-977-9059
ADD_PHONE GAbash19   681-983-6781
ADD_USER  GAfield15    582 Gabriella Afield
ADD_PHONE GAfield15  503-029-4152
ADD_USER  GAndrei57   4457 Grace Andrei
ADD_USER  GAppala27     99 Gabriella Appalachia
ADD_PHONE GAppala27  180-541-4676
ADD_PHONE GAppala27  508-446-6561
ADD_USER  GArgume63      9 Gavin Argumentation
ADD_PHONE GArgume63  885-024-7059
ADD_USER  GArhat60     856 Grace Arhat
ADD_PHONE GArhat60   459-991-3504
ADD_PHONE GArhat60   497-212-8271
ADD_PHONE GArhat60   621-674-6340
ADD_USER  GArkans49   3108 Gabriella Arkansas
ADD_USER  GAudito40  13417 Gabriella Auditorium
ADD_PHONE GAudito40  451-221-9074
ADD_PHONE GAudito40  464-217-6168
ADD_USER  GBlombe78      7 Gabriella Blomberg
ADD_PHONE GBlombe78  328-489-5004
ADD_PHONE GBlombe78  609-279-0737
ADD_USER  GBuddhi97  33360 Grace Buddhist
ADD_PHONE GBuddhi97  311-642-2463
ADD_USER  GCab12        34 Gianna Cab
ADD_PHONE GCab12     967-705-4816
ADD_USER  GCalumn63    905 Gabriel Calumniate
ADD_PHONE GCalumn63  739-910-5038
ADD_USER  GCamell56   5447 Gianna Camellia
ADD_PHONE GCamell56  745-263-5357
ADD_PHONE GCamell56  887-780-4000
ADD_PHONE GCamell56  910-324-3936
ADD_USER  GCeland47  13489 Grace Celandine
ADD_PHONE GCeland47  096-460-4495
ADD_PHONE GCeland47  233-220-0864
ADD_PHONE GCeland47  799-903-5183
ADD_USER  GCesare51     82 Gabriel Cesare PhD
ADD_USER  GChance80    632 Gabriel Chancel MD
ADD_USER  GClingi63  36572 Gabriella Clinging
ADD_USER  GDispen84     41 Grace Dispensary PhD
ADD_PHONE GDispen84  806-301-4394
ADD_USER  GEvelyn59     36 Gabriella Evelyn Avocet
ADD_PHONE GEvelyn59  407-652-6049
ADD_USER  GHenry54       9 Gavin Henry Homemade IV
ADD_PHONE GHenry54   723-379-4790
ADD_PHONE GHenry54   922-152-5680
ADD_USER  GHerb53     4423 Grace Herb
ADD_PHONE GHerb53    026-699-1545
ADD_PHONE GHerb53    278-064-8789
ADD_PHONE GHerb53    403-048-1162
ADD_USER  GKuhn30       58 Gavin Kuhn
ADD_PHONE GKuhn30    194-619-1487
ADD_PHONE GKuhn30    891-383-0127
ADD_PHONE GKuhn30    918-845-7262
ADD_USER  GLibret03   4144 Gabriella Libretto
ADD_PHONE GLibret03  860-668-0032
ADD_PHONE GLibret03  906-630-2117
ADD_PHONE GLibret03  966-890-3635
ADD_USER  GLigget94    758 Grace Ligget
ADD_PHONE GLigget94  296-957-7643
ADD_PHONE GLigget94  506-734-1954
ADD_USER  GLiverm89    383 Gabriel Livermore PhD
ADD_PHONE GLiverm89  017-409-3493
ADD_PHONE GLiverm89  360-960-8418
ADD_PHONE GLiverm89  647-951-6945
ADD_USER  GMillen47   3645 Gabriella Millennia
ADD_PHONE GMillen47  462-414-1137
ADD_USER  GPlaceh39    841 Gabriel Placeholder
ADD_USER  GSaltwa77     56 Gavin Saltwater
ADD_USER  GSeptua87    867 Gabriella Septuagenarian
ADD_PHONE GSeptua87  393-928-6637
ADD_PHONE GSeptua87  601-976-9935
ADD_PHONE GSeptua87  966-313-7851
ADD_USER  GStroll26   1391 Gabriella Stroll
ADD_USER  GYarmul99     67 Gabriel Yarmulke
ADD_PHONE GYarmul99  183-182-3933
ADD_USER  HAlexan86    950 Hannah Alexandra Edit
ADD_USER  HArkans85     71 Hailey Arkansas
ADD_PHONE HArkans85  930-114-4177
ADD_USER  HChrist44    130 Henry Christopher Raoul
ADD_PHONE HChrist44  294-555-0694
ADD_PHONE HChrist44  398-695-3379
ADD_PHONE HChrist44  705-261-5967
ADD_USER  HFret67      169 Hunter Fret
ADD_PHONE HFret67    077-766-0405
ADD_PHONE HFret67    098-081-3392
ADD_PHONE HFret67    202-463-0301
ADD_USER  HGyro11    24510 Hunter Gyro
ADD_USER  HJames82      57 Henry James Minos
ADD_USER  HJoaqui05     98 Hannah Joaquin
ADD_USER  HLab57       445 Henry Lab
ADD_PHONE HLab57     719-659-3844
ADD_USER  HLatent34     43 Henry Latent
ADD_PHONE HLatent34  205-074-3629
ADD_PHONE HLatent34  541-241-7173
ADD_USER  HManse89     381 Hailey Manse
ADD_PHONE HManse89   493-127-9818
ADD_USER  HMooris50    898 Hunter Moorish
ADD_PHONE HMooris50  447-467-1823
ADD_USER  HMorgan93  34961 Hailey Morgan Mali
ADD_PHONE HMorgan93  752-381-3064
ADD_USER  HOily14       13 Hunter Oily
ADD_PHONE HOily14    597-875-5549
ADD_USER  HOnce34     1472 Hailey Once
ADD_PHONE HOnce34    847-579-5705
ADD_USER  HPete87      107 Hannah Pete
ADD_USER  HRecrim42   9368 Henry Recriminatory
ADD_USER  HRegist74     75 Hunter Registration
ADD_PHONE HRegist74  087-644-5381
ADD_PHONE HRegist74  410-629-4286
ADD_PHONE HRegist74  876-379-0686
ADD_USER  HSec53      3638 Hailey Sec
ADD_PHONE HSec53     144-131-7035
ADD_PHONE HSec53     193-296-1095
ADD_USER  HSingle44    431 Hailey Singlet
ADD_PHONE HSingle44  250-740-4875
ADD_USER  HSkater95  11462 Hannah Skater
ADD_PHONE HSkater95  207-476-8311
ADD_PHONE HSkater95  811-112-2098
ADD_PHONE HSkater95  929-653-2321
ADD_USER  HTraffi05    981 Henry Trafficking
ADD_USER  HWhat77     4828 Hannah What
ADD_PHONE HWhat77    100-495-6929
ADD_PHONE HWhat77    337-308-0095
ADD_USER  HWhereo71  44854 Hailey Whereon
ADD_PHONE HWhereo71  189-823-4093
ADD_PHONE HWhereo71  539-444-7597
ADD_USER  HZanzib74   6488 Henry Zanzibar
ADD_PHONE HZanzib74  237-885-1835
ADD_PHONE HZanzib74  923-286-1183
ADD_USER  IAcrid25     753 Isabelle Acrid
ADD_PHONE IAcrid25   981-390-1767
ADD_USER  IAeolus49     47 Isabella Aeolus
ADD_PHONE IAeolus49  916-725-3109
ADD_USER  IAlgina41    801 Isaiah Alginate
ADD_PHONE IAlgina41  860-200-2901
ADD_USER  IBlake18    2190 Isaiah Blake Deputy
ADD_PHONE IBlake18   540-367-0968
ADD_PHONE IBlake18   573-696-7915
ADD_PHONE IBlake18   681-382-4916
ADD_USER  IBorn44       80 Isabella Born
ADD_PHONE IBorn44    035-532-0932
ADD_PHONE IBorn44    556-873-0957
ADD_PHONE IBorn44    583-084-7832
ADD_USER  IBrisba16  44199 Isabella Brisbane
ADD_PHONE IBrisba16  268-484-3685
ADD_USER  IBrooke76    611 Isabella Brooke Episcopalian
ADD_USER  ICanoni85    473 Isabelle Canonic MD
ADD_PHONE ICanoni85  188-704-7041
ADD_PHONE ICanoni85  679-601-4261
ADD_USER  ICarson34    647 Isaiah Carson Mcgowan
ADD_PHONE ICarson34  134-428-9933
ADD_PHONE ICarson34  576-653-0888
ADD_PHONE ICarson34  871-862-7088
ADD_USER  ICorset07     39 Isabelle Corset
ADD_PHONE ICorset07  400-280-9296
ADD_PHONE ICorset07  606-352-7162
ADD_PHONE ICorset07  837-028-9910
ADD_USER  IDenebo06   1565 Isaac Denebola
ADD_PHONE IDenebo06  230-740-1173
ADD_PHONE IDenebo06  322-561-8363
ADD_PHONE IDenebo06  483-563-0681
ADD_USER  IElijah47     12 Isaac Elijah Chang
ADD_PHONE IElijah47  981-437-5405
ADD_USER  IGamesm89     14 Ian Gamesman
ADD_PHONE IGamesm89  329-116-4367
ADD_USER  IHardta97     49 Ian Hardtack
ADD_PHONE IHardta97  529-469-3697
ADD_USER  IHorsep15  11354 Ian Horsepower
ADD_PHONE IHorsep15  143-917-1586
ADD_PHONE IHorsep15  387-797-2154
ADD_PHONE IHorsep15  585-199-3697
ADD_USER  IKeen70    27948 Isaiah Keen
ADD_PHONE IKeen70    787-777-4648
ADD_USER  IMacedo12   5109 Ian Macedon
ADD_PHONE IMacedo12  422-349-8485
ADD_USER  IMuch57    14602 Isaac Much
ADD_PHONE IMuch57    150-304-5894
ADD_PHONE IMuch57    327-543-3321
ADD_PHONE IMuch57    447-684-8562
ADD_USER  INull57      937 Isabella Null
ADD_USER  IOcarin86    703 Isaiah Ocarina
ADD_PHONE IOcarin86  237-233-4785
ADD_USER  IScout25      66 Ian Scout PhD
ADD_PHONE IScout25   181-090-0570
ADD_USER  IScrap86      54 Isaac Scrap
ADD_USER  ISordid50    434 Ian Sordid
ADD_PHONE ISordid50  050-527-0033
ADD_PHONE ISordid50  827-302-2503
ADD_PHONE ISordid50  849-459-8172
ADD_USER  IStrafe05  43730 Isaiah Strafe PhD
ADD_PHONE IStrafe05  307-697-2645
ADD_PHONE IStrafe05  794-659-5226
ADD_PHONE IStrafe05  899-262-9527
ADD_USER  ITenspo17     44 Isaac Tenspot
ADD_PHONE ITenspo17  537-440-7932
ADD_PHONE ITenspo17  626-479-5297
ADD_PHONE ITenspo17  745-979-1831
ADD_USER  IThis18       15 Isaac This
ADD_USER  IVex53      9019 Isaiah Vex
ADD_USER  IWeight95    274 Isabelle Weight
ADD_USER  IWillia03   1646 Isaac William Shortsighted
ADD_PHONE IWillia03  723-626-7668
ADD_USER  IZanzib44  28454 Ian Zanzibar
ADD_PHONE IZanzib44  348-587-8406
ADD_PHONE IZanzib44  957-797-7221
ADD_USER  JActs17      244 Jackson Acts
ADD_PHONE JActs17    101-864-3725
ADD_PHONE JActs17    675-860-5594
ADD_USER  JAerial37    672 James Aerial
ADD_PHONE JAerial37  113-788-7517
ADD_PHONE JAerial37  589-780-3484
ADD_PHONE JAerial37  774-744-7428
ADD_USER  JAlbumi47  44363 Jonathan Albumin
ADD_USER  JAlex57      388 Jayden Alex Gustav
ADD_USER  JAmphib01   2514 Jackson Amphibole
ADD_PHONE JAmphib01  429-934-0440
ADD_PHONE JAmphib01  492-194-4442
ADD_PHONE JAmphib01  501-467-3665
ADD_USER  JApplia39    127 Jake Appliance
ADD_PHONE JApplia39  381-960-7774
ADD_PHONE JApplia39  570-212-5382
ADD_USER  JArchiv53  29978 Jayden Archival
ADD_USER  JAustin99     53 Jake Austin Propriety
ADD_USER  JAvenge94  43927 Jonathan Avenge
ADD_USER  JBalk19     2876 Joseph Balk Jr
ADD_PHONE JBalk19    117-770-6159
ADD_PHONE JBalk19    559-556-2773
ADD_PHONE JBalk19    645-978-0935
ADD_USER  JBergso96     48 Jonathan Bergson
ADD_USER  JBirdse20     12 Julian Birdseed
ADD_PHONE JBirdse20  147-749-5586
ADD_PHONE JBirdse20  160-902-3162
ADD_PHONE JBirdse20  962-404-4951
ADD_USER  JBlacko75     59 James Blackout
ADD_PHONE JBlacko75  439-468-0139
ADD_PHONE JBlacko75  836-268-7194
ADD_USER  JCaleb37    6864 Jordan Caleb Can
ADD_PHONE JCaleb37   231-690-6372
ADD_PHONE JCaleb37   268-186-6824
ADD_PHONE JCaleb37   803-952-6137
ADD_USER  JCapito49   8195 John Capitol
ADD_PHONE JCapito49  249-316-8920
ADD_PHONE JCapito49  983-236-8366
ADD_USER  JCharli67     70 John Charlie Scholastic
ADD_USER  JChase19     860 Joseph Chase Icky
ADD_USER  JChild73    4206 Jake Child
ADD_PHONE JChild73   041-914-7710
ADD_PHONE JChild73   719-980-8751
ADD_PHONE JChild73   806-346-2226
ADD_USER  JClassy96  40172 Julian Classy
ADD_USER  JCole42       47 Jack Cole Perspiration
ADD_PHONE JCole42    047-980-8249
ADD_USER  JCompac43    657 Julia Compact
ADD_PHONE JCompac43  451-739-2908
ADD_PHONE JCompac43  476-963-9281
ADD_PHONE JCompac43  894-504-4631
ADD_USER  JCruddy34     38 John Cruddy
ADD_PHONE JCruddy34  372-171-6208
ADD_PHONE JCruddy34  978-569-8885
ADD_USER  JCygnus85    569 Jacob Cygnus
ADD_PHONE JCygnus85  039-274-0005
ADD_PHONE JCygnus85  504-300-9626
ADD_PHONE JCygnus85  520-518-3910
ADD_USER  JDecal63    9613 Jordan Decal
ADD_PHONE JDecal63   365-089-1324
ADD_PHONE JDecal63   434-245-3651
ADD_USER  JDeterr47     40 Jack Deterring
ADD_PHONE JDeterr47  284-269-2084
ADD_USER  JDortmu23    487 Jacob Dortmund
ADD_USER  JEdit75     8545 John Edit
ADD_USER  JEgregi47    736 Jacob Egregious
ADD_PHONE JEgregi47  168-151-1393
ADD_USER  JEmbody70    242 Jackson Embody
ADD_PHONE JEmbody70  371-386-1758
ADD_PHONE JEmbody70  822-125-0298
ADD_USER  JEmil47     3877 Jacob Emil
ADD_PHONE JEmil47    523-210-4692
ADD_USER  JEpsilo76     51 Julian Epsilon
ADD_PHONE JEpsilo76  236-416-4767
ADD_PHONE JEpsilo76  677-123-7512
ADD_PHONE JEpsilo76  711-211-5547
ADD_USER  JEvan92    35378 John Evan Asteroid
ADD_PHONE JEvan92    690-455-8738
ADD_PHONE JEvan92    838-438-5817
ADD_USER  JEventu90     40 Julian Eventuate
ADD_PHONE JEventu90  379-667-8705
ADD_PHONE JEventu90  932-272-4018
ADD_USER  JFondle25    882 James Fondle
ADD_USER  JGauntl49    971 Jake Gauntlet
ADD_PHONE JGauntl49  290-541-2994
ADD_PHONE JGauntl49  988-724-9315
ADD_USER  JGeniti47    722 Joshua Genitive
ADD_PHONE JGeniti47  019-154-9572
ADD_PHONE JGeniti47  020-582-0073
ADD_USER  JGranit81      1 James Granite
ADD_PHONE JGranit81  098-420-0434
ADD_PHONE JGranit81  657-347-4440
ADD_USER  JGym31       673 Joseph Gym
ADD_USER  JHalper65  44554 Joseph Halpern
ADD_PHONE JHalper65  729-215-3371
ADD_USER  JHorde54      38 James Horde
ADD_USER  JHunter00    349 Jack Hunter Brow
ADD_USER  JIneluc86  14622 Jackson Ineluctable
ADD_PHONE JIneluc86  147-889-2762
ADD_USER  JIntone63    653 Jonathan Intone
ADD_PHONE JIntone63  150-069-2941
ADD_PHONE JIntone63  827-492-0527
ADD_USER  JIrrepr12    604 Jake Irreproducible
ADD_PHONE JIrrepr12  236-077-1080
ADD_USER  JIsaiah81    394 Joshua Isaiah Boeing
ADD_PHONE JIsaiah81  178-030-5426
ADD_PHONE JIsaiah81  475-635-1234
ADD_USER  JJordan00  33757 Jacob Jordan Euphoric
ADD_USER  JJug45       846 Jack Jug
ADD_PHONE JJug45     104-700-9720
ADD_PHONE JJug45     435-605-9574
ADD_PHONE JJug45     606-634-6505
ADD_USER  JJuncti90  17654 Joseph Junction
ADD_PHONE JJuncti90  645-735-2349
ADD_PHONE JJuncti90  705-764-9964
ADD_PHONE JJuncti90  763-255-1502
ADD_USER  JKale71     4131 Jonathan Kale
ADD_PHONE JKale71    297-344-7772
ADD_USER  JLangui02    216 James Languid
ADD_PHONE JLangui02  228-527-3411
ADD_PHONE JLangui02  372-762-7234
ADD_PHONE JLangui02  974-479-9825
ADD_USER  JLucky97     971 Jordan Lucky
ADD_USER  JMadely70  17337 Julia Madelyn Obsessive
ADD_PHONE JMadely70  116-337-8322
ADD_PHONE JMadely70  501-945-8837
ADD_PHONE JMadely70  980-880-3421
ADD_USER  JMeticu36    912 Jonathan Meticulous
ADD_USER  JNebula43     25 Joshua Nebula
ADD_PHONE JNebula43  975-479-9080
ADD_USER  JNestor59    368 Jordan Nestor
ADD_PHONE JNestor59  150-301-5969
ADD_PHONE JNestor59  819-315-0701
ADD_USER  JNonsen57     48 Julian Nonsensical
ADD_PHONE JNonsen57  675-821-0932
ADD_USER  JNuclea87  35533 Joseph Nucleant
ADD_PHONE JNuclea87  547-496-4899
ADD_USER  JOctopu52     42 Jack Octopus
ADD_PHONE JOctopu52  457-811-0028
ADD_USER  JPaperw76     20 Jonathan Paperwork
ADD_PHONE JPaperw76  253-133-9312
ADD_PHONE JPaperw76  995-438-5721
ADD_USER  JParadi67    699 John Paradigmatic
ADD_USER  JPeriph72   5858 Jackson Peripheral
ADD_PHONE JPeriph72  252-516-2042
ADD_PHONE JPeriph72  659-623-0439
ADD_PHONE JPeriph72  703-993-0081
ADD_USER  JPile23    24858 Jackson Pile
ADD_PHONE JPile23    780-167-3833
ADD_PHONE JPile23    900-048-2548
ADD_PHONE JPile23    929-157-4226
ADD_USER  JPolypr22     40 Joseph Polypropylene
ADD_PHONE JPolypr22  058-322-9307
ADD_USER  JPosner28  46432 Julian Posner
ADD_PHONE JPosner28  198-197-4438
ADD_PHONE JPosner28  397-897-1447
ADD_PHONE JPosner28  884-699-0020
ADD_USER  JPresum11  30709 Jacob Presuming
ADD_USER  JRichfi19     98 Julian Richfield
ADD_PHONE JRichfi19  277-651-3036
ADD_PHONE JRichfi19  715-402-7180
ADD_PHONE JRichfi19  833-891-9750
ADD_USER  JRostru99   7080 Jacob Rostrum
ADD_PHONE JRostru99  219-109-9272
ADD_PHONE JRostru99  593-187-5777
ADD_USER  JRumani66  34199 Joshua Rumania
ADD_PHONE JRumani66  083-406-1609
ADD_PHONE JRumani66  205-758-6639
ADD_PHONE JRumani66  248-245-6449
ADD_USER  JSaccad76     27 Jake Saccade
ADD_PHONE JSaccad76  411-696-7483
ADD_PHONE JSaccad76  600-417-2654
ADD_USER  JSelena98    253 Jordan Selenate
ADD_PHONE JSelena98  317-408-2462
ADD_PHONE JSelena98  866-087-6089
ADD_USER  JSeth75      829 Jacob Seth
ADD_PHONE JSeth75    550-334-0293
ADD_PHONE JSeth75    655-018-5110
ADD_USER  JSonoma58     34 Jordan Sonoma
ADD_PHONE JSonoma58  791-657-1399
ADD_USER  JSophoc90     26 Joseph Sophocles
ADD_USER  JSqueal76  41651 Jacob Squeal
ADD_PHONE JSqueal76  023-089-5353
ADD_PHONE JSqueal76  375-255-9256
ADD_PHONE JSqueal76  411-781-0142
ADD_USER  JStahl87      15 Jordan Stahl IV
ADD_PHONE JStahl87   085-493-8167
ADD_PHONE JStahl87   448-404-8757
ADD_PHONE JStahl87   765-047-2978
ADD_USER  JStump68      79 Jackson Stump
ADD_PHONE JStump68   396-487-6670
ADD_PHONE JStump68   871-812-2810
ADD_USER  JSubmit05   2198 Jake Submitting
ADD_PHONE JSubmit05  289-552-2974
ADD_USER  JSubstr93   8941 Jordan Substrate
ADD_PHONE JSubstr93  129-563-3888
ADD_PHONE JSubstr93  886-818-2431
ADD_USER  JTan71        81 John Tan
ADD_PHONE JTan71     322-992-6821
ADD_PHONE JTan71     675-034-4049
ADD_USER  JTanaka79     12 James Tanaka
ADD_PHONE JTanaka79  948-434-6147
ADD_USER  JTract03     429 John Tract
ADD_PHONE JTract03   092-395-8659
ADD_PHONE JTract03   835-459-4601
ADD_USER  JTramwa52  43483 Jonathan Tramway
ADD_PHONE JTramwa52  086-978-1737
ADD_PHONE JTramwa52  266-080-4783
ADD_USER  JVersat95     59 Jayden Versatile
ADD_PHONE JVersat95  188-821-5289
ADD_PHONE JVersat95  690-440-3232
ADD_USER  JWacky25      93 Jacob Wacky
ADD_PHONE JWacky25   360-647-6801
ADD_PHONE JWacky25   500-024-4770
ADD_PHONE JWacky25   692-951-0835
ADD_USER  JWolcot65     43 Joshua Wolcott
ADD_USER  JYore73     4323 Jordan Yore Esq
ADD_PHONE JYore73    676-429-9070
ADD_USER  KAnode13      75 Kayla Anode
ADD_PHONE KAnode13   065-258-9866
ADD_PHONE KAnode13   788-494-2266
ADD_USER  KArgume87   9393 Kylie Argument
ADD_USER  KAura46      205 Kayla Aura
ADD_PHONE KAura46    029-451-3212
ADD_PHONE KAura46    581-900-5641
ADD_PHONE KAura46    933-242-6895
ADD_USER  KBarten16   8450 Kaitlyn Bartend
ADD_USER  KBuxom08      32 Kaylee Buxom
ADD_PHONE KBuxom08   309-158-4086
ADD_PHONE KBuxom08   849-738-2751
ADD_USER  KCaroli82   4187 Kayla Caroline Verb
ADD_PHONE KCaroli82  150-028-5945
ADD_PHONE KCaroli82  205-004-5366
ADD_PHONE KCaroli82  934-642-5214
ADD_USER  KCerami11  17532 Kaylee Ceramic
ADD_USER  KCoinci17    709 Katelyn Coincident
ADD_PHONE KCoinci17  059-189-2541
ADD_PHONE KCoinci17  786-217-9462
ADD_USER  KDock54       59 Kaylee Dock
ADD_USER  KDreaml70  12524 Kaylee Dreamlike
ADD_PHONE KDreaml70  105-225-4055
ADD_PHONE KDreaml70  361-657-7091
ADD_PHONE KDreaml70  612-014-0273
ADD_USER  KFeline34   5492 Kaitlyn Feline
ADD_USER  KGianna33    527 Kaitlyn Gianna Antimony
ADD_PHONE KGianna33  342-231-4581
ADD_PHONE KGianna33  920-775-4510
ADD_USER  KGlee98      346 Kaitlyn Glee
ADD_USER  KHailey90    650 Kaylee Hailey Nottingham
ADD_PHONE KHailey90  044-404-5084
ADD_PHONE KHailey90  110-994-0630
ADD_PHONE KHailey90  818-505-8537
ADD_USER  KHelsin81   9104 Kylie Helsinki
ADD_PHONE KHelsin81  556-940-1516
ADD_PHONE KHelsin81  684-803-5370
ADD_PHONE KHelsin81  760-096-1619
ADD_USER  KInquir80  18470 Kayla Inquire
ADD_PHONE KInquir80  590-323-2527
ADD_PHONE KInquir80  934-289-7862
ADD_USER  KJourne11    625 Kayla Journeymen
ADD_PHONE KJourne11  042-170-2228
ADD_PHONE KJourne11  524-347-3279
ADD_PHONE KJourne11  631-520-4511
ADD_USER  KManufa58     68 Kaylee Manufacture
ADD_PHONE KManufa58  213-437-6619
ADD_PHONE KManufa58  662-629-2925
ADD_USER  KMater94    3993 Kaitlyn Mater
ADD_PHONE KMater94   243-467-8944
ADD_USER  KMonkey67  34507 Kate Monkey
ADD_PHONE KMonkey67  596-150-2001
ADD_PHONE KMonkey67  913-394-6214
ADD_USER  KMonsoo45   5831 Kaylee Monsoon
ADD_USER  KPatsy88    8252 Kylie Patsy
ADD_USER  KPend66     9749 Kaitlyn Pend
ADD_USER  KPlacen08   3440 Kylie Placenta
ADD_PHONE KPlacen08  077-982-4324
ADD_USER  KPrecio57     76 Kayla Precious
ADD_PHONE KPrecio57  208-541-8008
ADD_PHONE KPrecio57  237-034-7133
ADD_USER  KQuack59    1509 Kate Quack MD
ADD_PHONE KQuack59   065-968-6998
ADD_PHONE KQuack59   328-484-7803
ADD_USER  KRainy91      94 Kaylee Rainy
ADD_PHONE KRainy91   029-857-8265
ADD_PHONE KRainy91   861-007-0014
ADD_USER  KRicoch57  15165 Kate Ricochet
ADD_PHONE KRicoch57  120-172-1723
ADD_PHONE KRicoch57  239-272-8588
ADD_PHONE KRicoch57  478-455-8624
ADD_USER  KSclero18    255 Kaitlyn Sclerotic
ADD_USER  KSparli24     15 Kate Sparling MD
ADD_PHONE KSparli24  465-277-4428
ADD_USER  KTrickl56   3434 Kayla Trickle
ADD_PHONE KTrickl56  158-970-0390
ADD_USER  KWeir97     9214 Katelyn Weir
ADD_PHONE KWeir97    598-367-2595
ADD_PHONE KWeir97    858-125-9148
ADD_USER  KWile90      378 Kylie Wile
ADD_PHONE KWile90    693-436-0568
ADD_PHONE KWile90    908-557-3984
ADD_USER  Kaitlyn85   6585 Kaitlyn
ADD_USER  Kylie67     5596 Kylie
ADD_PHONE Kylie67    433-827-9917
ADD_PHONE Kylie67    500-197-6691
ADD_USER  LAbound76  24540 Layla Abound
ADD_PHONE LAbound76  091-125-4965
ADD_PHONE LAbound76  462-246-6548
ADD_PHONE LAbound76  716-391-9325
ADD_USER  LAdulth86  15262 Logan Adulthood
ADD_USER  LAndrew30     10 Landon Andrew Versailles
ADD_PHONE LAndrew30  092-223-3499
ADD_PHONE LAndrew30  598-598-4974
ADD_PHONE LAndrew30  947-977-5681
ADD_USER  LAndrew80   9270 Logan Andrew Acoustic
ADD_PHONE LAndrew80  255-718-6007
ADD_PHONE LAndrew80  755-825-2455
ADD_USER  LAxiolo98    534 Lucy Axiology
ADD_PHONE LAxiolo98  083-350-6658
ADD_PHONE LAxiolo98  884-709-9946
ADD_USER  LBella39    2767 Layla Bella Account
ADD_PHONE LBella39   787-556-6205
ADD_PHONE LBella39   990-568-4358
ADD_USER  LBog19       726 Lily Bog
ADD_PHONE LBog19     059-087-1111
ADD_PHONE LBog19     628-379-7614
ADD_PHONE LBog19     756-269-7343
ADD_USER  LBrookl44   2457 Leah Brooklyn Ruin
ADD_PHONE LBrookl44  762-486-1012
ADD_PHONE LBrookl44  876-361-7245
ADD_USER  LBugabo47  17743 Lucy Bugaboo
ADD_PHONE LBugabo47  595-239-9832
ADD_PHONE LBugabo47  855-927-0689
ADD_USER  LCarica58     77 Lucas Caricature
ADD_PHONE LCarica58  402-762-3655
ADD_USER  LCelane90  37927 Landon Celanese
ADD_USER  LClan39    12107 Lilly Clan PhD
ADD_PHONE LClan39    669-473-4488
ADD_PHONE LClan39    881-087-5507
ADD_PHONE LClan39    904-142-4767
ADD_USER  LCommun21  20779 Lucas Communicant
ADD_PHONE LCommun21  212-929-0421
ADD_PHONE LCommun21  246-299-1000
ADD_PHONE LCommun21  425-179-6705
ADD_USER  LCompli16     42 Logan Compliment
ADD_PHONE LCompli16  017-094-3509
ADD_PHONE LCompli16  454-597-5449
ADD_USER  LConner22     34 Landon Conner
ADD_PHONE LConner22  853-709-1537
ADD_USER  LConseq47    489 Lily Consequential
ADD_USER  LCorbel68  39362 Landon Corbel
ADD_USER  LCounte19  36522 Leah Counterexample
ADD_PHONE LCounte19  314-886-3868
ADD_USER  LCrafts27    227 Lucas Craftsmen
ADD_PHONE LCrafts27  339-560-5966
ADD_PHONE LCrafts27  462-450-7792
ADD_PHONE LCrafts27  794-810-7800
ADD_USER  LDecept39     96 Lucas Deceptive
ADD_PHONE LDecept39  280-792-1960
ADD_USER  LDeck28       25 Lauren Deck
ADD_USER  LDefian36    212 Lucy Defiant
ADD_PHONE LDefian36  178-132-6626
ADD_PHONE LDefian36  212-027-6890
ADD_USER  LDefros83   7007 Lucas Defrost
ADD_PHONE LDefros83  455-471-1556
ADD_PHONE LDefros83  781-176-3779
ADD_PHONE LDefros83  855-742-2052
ADD_USER  LDegrea45    544 Logan Degrease
ADD_USER  LDepred08   7552 Logan Depredate
ADD_USER  LDiagra02  32465 Logan Diagram
ADD_USER  LDorcas60     47 Lauren Dorcas
ADD_USER  LEvergr41    519 Liam Evergreen
ADD_PHONE LEvergr41  098-335-6602
ADD_USER  LExcheq73  28926 Lilly Exchequer
ADD_PHONE LExcheq73  213-717-6427
ADD_PHONE LExcheq73  223-998-0370
ADD_PHONE LExcheq73  952-677-8916
ADD_USER  LExpans30    696 Lily Expansible
ADD_PHONE LExpans30  119-203-0988
ADD_PHONE LExpans30  480-957-6612
ADD_PHONE LExpans30  807-136-5758
ADD_USER  LExtrao61    452 Lillian Extraordinary
ADD_PHONE LExtrao61  099-970-7411
ADD_PHONE LExtrao61  661-168-7309
ADD_PHONE LExtrao61  966-667-7634
ADD_USER  LFloppy73     35 Lucas Floppy
ADD_PHONE LFloppy73  344-625-8537
ADD_USER  LGabrie51    504 Lily Gabriella Somers
ADD_PHONE LGabrie51  143-258-2602
ADD_USER  LGabrie83    439 Lucas Gabriel Froth Esq
ADD_PHONE LGabrie83  525-754-2004
ADD_USER  LGale62      252 Leah Gale
ADD_PHONE LGale62    568-876-2423
ADD_USER  LGerman92    340 Landon Germantown
ADD_PHONE LGerman92  594-082-8241
ADD_PHONE LGerman92  660-502-9416
ADD_PHONE LGerman92  811-540-2430
ADD_USER  LHeaven13  14146 Leah Heaven
ADD_USER  LHippoc11    447 Landon Hippocrates
ADD_USER  LHole35       21 Lillian Hole
ADD_PHONE LHole35    393-456-6762
ADD_PHONE LHole35    540-099-2725
ADD_PHONE LHole35    850-267-6661
ADD_USER  LIntole38     83 Lucas Intolerable
ADD_PHONE LIntole38  246-216-0104
ADD_USER  LIrrepr65     63 Lily Irrepressible
ADD_PHONE LIrrepr65  123-918-3046
ADD_USER  LJonath00  33523 Logan Jonathan Kilgore III
ADD_PHONE LJonath00  351-110-5908
ADD_PHONE LJonath00  819-627-5302
ADD_USER  LJumble58   5183 Lillian Jumble
ADD_USER  LLindst68  31482 Lauren Lindstrom
ADD_USER  LLongit78     69 Layla Longitude
ADD_PHONE LLongit78  944-409-7919
ADD_USER  LMandat23     17 Lauren Mandate
ADD_PHONE LMandat23  071-931-8332
ADD_PHONE LMandat23  389-666-1728
ADD_PHONE LMandat23  655-126-9718
ADD_USER  LMicroc02   5425 Lucas Microcosm
ADD_USER  LMorain69   6177 Logan Moraine
ADD_PHONE LMorain69  055-466-5901
ADD_PHONE LMorain69  437-514-2700
ADD_PHONE LMorain69  857-347-0740
ADD_USER  LNabisc01   9955 Logan Nabisco
ADD_PHONE LNabisc01  972-173-0533
ADD_USER  LNewman05    563 Lilly Newman
ADD_USER  LOaken34    3058 Lilly Oaken
ADD_PHONE LOaken34   988-743-1230
ADD_USER  LObserv92  31648 Landon Observation MD
ADD_PHONE LObserv92  286-361-7043
ADD_PHONE LObserv92  496-672-4345
ADD_USER  LOint79     4310 Liam Oint
ADD_PHONE LOint79    078-441-5881
ADD_PHONE LOint79    876-597-9135
ADD_USER  LOwen03       48 Liam Owen Centric MD
ADD_USER  LPaige26     355 Lilly Paige Lunate
ADD_USER  LParsim33   3201 Layla Parsimonious
ADD_USER  LPeppy55       5 Luke Peppy
ADD_USER  LPiteou48    315 Lucas Piteous III
ADD_PHONE LPiteou48  985-363-6289
ADD_USER  LPooh21       51 Lillian Pooh
ADD_USER  LPositr28    308 Lucas Positron
ADD_USER  LProcto13     59 Lily Proctor
ADD_PHONE LProcto13  025-503-6596
ADD_PHONE LProcto13  309-008-2004
ADD_PHONE LProcto13  558-649-5180
ADD_USER  LRex21     22184 Logan Rex
ADD_USER  LRivier35  32692 Lauren Riviera
ADD_USER  LSeethe46     43 Liam Seethed
ADD_USER  LSing78       24 Liam Sing
ADD_USER  LSolips36   9848 Landon Solipsism
ADD_PHONE LSolips36  176-328-8707
ADD_PHONE LSolips36  735-421-7912
ADD_USER  LSpring88  28714 Leah Springfield
ADD_PHONE LSpring88  494-044-6856
ADD_PHONE LSpring88  571-097-4023
ADD_PHONE LSpring88  757-216-9920
ADD_USER  LSuburb39     47 Luke Suburb
ADD_PHONE LSuburb39  142-248-7305
ADD_PHONE LSuburb39  472-764-7829
ADD_PHONE LSuburb39  603-890-3256
ADD_USER  LSuntan07     19 Lauren Suntan
ADD_USER  LSurmou63  47935 Leah Surmount
ADD_PHONE LSurmou63  624-028-0411
ADD_USER  LTribal08     57 Lucy Tribal
ADD_USER  LUpstat38   3436 Lillian Upstate
ADD_USER  LVacuo69      77 Liam Vacuo
ADD_USER  LVerity56  39602 Lily Verity
ADD_PHONE LVerity56  043-750-0248
ADD_USER  LWeinst15    848 Lilly Weinstein
ADD_PHONE LWeinst15  053-658-8899
ADD_USER  LWireta93     56 Leah Wiretap
ADD_PHONE LWireta93  400-836-6260
ADD_USER  MAbc61      8551 Madison Abc
ADD_PHONE MAbc61     274-235-4132
ADD_PHONE MAbc61     674-722-1862
ADD_PHONE MAbc61     764-799-8111
ADD_USER  MAbigai92   4935 Molly Abigail Frangipani
ADD_PHONE MAbigai92  764-671-3128
ADD_USER  MAdept78     726 Michael Adept
ADD_PHONE MAdept78   141-299-1759
ADD_PHONE MAdept78   462-847-1147
ADD_USER  MAlpine50   7305 Madelyn Alpine
ADD_PHONE MAlpine50  052-609-7634
ADD_USER  MAmelia42   4850 Mackenzie Amelia Nation
ADD_PHONE MAmelia42  264-952-2435
ADD_PHONE MAmelia42  390-688-8033
ADD_PHONE MAmelia42  742-314-0461
ADD_USER  MArcadi95  34910 Morgan Arcadia
ADD_USER  MArdent37  30651 Matthew Ardent
ADD_USER  MAvery52     235 Mia Avery Doom
ADD_USER  MBailey63  11743 Morgan Bailey Anonymous PhD
ADD_PHONE MBailey63  241-421-7319
ADD_USER  MBane39     4448 Max Bane
ADD_PHONE MBane39    590-857-9038
ADD_USER  MBaseli61   7304 Madeline Baseline
ADD_USER  MBeheld80  20963 Molly Beheld
ADD_PHONE MBeheld80  839-516-2285
ADD_PHONE MBeheld80  990-751-9155
ADD_USER  MBerkel46  46886 Mackenzie Berkelium
ADD_PHONE MBerkel46  019-487-6256
ADD_PHONE MBerkel46  498-021-2040
ADD_PHONE MBerkel46  687-852-7484
ADD_USER  MBestub39    737 Makayla Bestubble
ADD_PHONE MBestub39  424-699-8378
ADD_PHONE MBestub39  804-958-2096
ADD_PHONE MBestub39  819-592-0432
ADD_USER  MBounce21     72 Mason Bounce
ADD_PHONE MBounce21  149-090-4526
ADD_PHONE MBounce21  842-599-8266
ADD_PHONE MBounce21  858-442-0594
ADD_USER  MBuckwh74     77 Madison Buckwheat
ADD_USER  MCalcin37   6415 Mason Calcine
ADD_PHONE MCalcin37  697-166-9584
ADD_USER  MCaveat48    569 Mason Caveat
ADD_USER  MChoke03     847 Max Choke
ADD_PHONE MChoke03   167-306-7369
ADD_USER  MChrist84     24 Madeline Christopher
ADD_PHONE MChrist84  293-925-9591
ADD_USER  MCircum86     63 Maya Circumferential
ADD_USER  MCompas01     58 Mia Compass
ADD_PHONE MCompas01  184-375-2837
ADD_PHONE MCompas01  417-898-0693
ADD_PHONE MCompas01  751-346-3573
ADD_USER  MCompen89   4049 Mackenzie Compensatory
ADD_PHONE MCompen89  746-527-6681
ADD_USER  MConseq74     80 Makayla Consequent
ADD_PHONE MConseq74  741-163-3857
ADD_PHONE MConseq74  866-413-5092
ADD_USER  MConsul52  45613 Max Consular
ADD_PHONE MConsul52  001-393-5917
ADD_PHONE MConsul52  143-442-0125
ADD_PHONE MConsul52  370-134-3142
ADD_USER  MConvin67  48315 Mackenzie Convince
ADD_PHONE MConvin67  150-575-1576
ADD_PHONE MConvin67  363-195-4665
ADD_USER  MCoolan31     89 Makayla Coolant
ADD_PHONE MCoolan31  259-319-2754
ADD_PHONE MCoolan31  986-818-9299
ADD_USER  MCowhan93     66 Mackenzie Cowhand PhD
ADD_PHONE MCowhan93  688-223-0380
ADD_PHONE MCowhan93  758-583-3753
ADD_USER  MCranks99     79 Madison Crankshaft
ADD_PHONE MCranks99  039-163-0712
ADD_PHONE MCranks99  693-723-5574
ADD_USER  MCrossc36     23 Madison Crosscut
ADD_PHONE MCrossc36  297-237-4552
ADD_USER  MDougla03     75 Morgan Douglas
ADD_PHONE MDougla03  647-226-9097
ADD_PHONE MDougla03  896-925-1419
ADD_USER  MDurkee40    867 Mason Durkee
ADD_PHONE MDurkee40  298-092-7678
ADD_USER  MEli11        36 Matthew Eli Scrooge
ADD_PHONE MEli11     451-752-8116
ADD_PHONE MEli11     963-365-8895
ADD_USER  MElizab42    959 Madison Elizabeth Grey
ADD_USER  MEllie09   27533 Mia Ellie Coincide
ADD_PHONE MEllie09   076-379-7102
ADD_PHONE MEllie09   259-501-4404
ADD_PHONE MEllie09   451-992-1406
ADD_USER  MErwin10   43980 Molly Erwin
ADD_PHONE MErwin10   075-625-6590
ADD_PHONE MErwin10   591-128-9239
ADD_USER  MEugeni04   5582 Matthew Eugenic Esq
ADD_PHONE MEugeni04  504-771-0924
ADD_PHONE MEugeni04  636-433-7597
ADD_PHONE MEugeni04  701-572-0542
ADD_USER  MFiligr31   1572 Madeline Filigree
ADD_PHONE MFiligr31  662-377-1424
ADD_USER  MFontai35  12146 Makayla Fontainebleau
ADD_PHONE MFontai35  153-895-9605
ADD_PHONE MFontai35  228-051-7609
ADD_USER  MGallan54  27534 Michael Gallant
ADD_PHONE MGallan54  327-998-0137
ADD_PHONE MGallan54  661-782-6114
ADD_PHONE MGallan54  687-536-2970
ADD_USER  MGrassl88    264 Madelyn Grassland
ADD_PHONE MGrassl88  033-893-3978
ADD_PHONE MGrassl88  286-443-1054
ADD_USER  MGrievo41    872 Madelyn Grievous
ADD_PHONE MGrievo41  046-786-6363
ADD_USER  MHaggle66    152 Mason Haggle
ADD_USER  MHansom63   5715 Max Hansom
ADD_PHONE MHansom63  235-829-8801
ADD_PHONE MHansom63  629-608-6709
ADD_PHONE MHansom63  880-263-0272
ADD_USER  MHexach70      6 Madelyn Hexachloride
ADD_PHONE MHexach70  071-609-6999
ADD_USER  MHistor16     82 Matthew Historic
ADD_USER  MIan63         2 Max Ian Belie
ADD_PHONE MIan63     340-115-7563
ADD_PHONE MIan63     724-421-5955
ADD_USER  MImagen66  13874 Molly Imagen
ADD_PHONE MImagen66  104-628-6216
ADD_PHONE MImagen66  225-033-0939
ADD_PHONE MImagen66  858-608-4664
ADD_USER  MImpell95  34301 Mia Impelled
ADD_PHONE MImpell95  798-846-7972
ADD_USER  MIndist46  39860 Michael Indistinguishable
ADD_USER  MJack07      676 Morgan Jack
ADD_PHONE MJack07    318-009-4470
ADD_USER  MJacob54     210 Max Jacob Dung
ADD_PHONE MJacob54   315-140-4902
ADD_USER  MJiffy38    7414 Madelyn Jiffy
ADD_PHONE MJiffy38   164-087-7787
ADD_PHONE MJiffy38   239-839-4828
ADD_PHONE MJiffy38   871-164-5435
ADD_USER  MKaylee28    454 Morgan Kaylee Enjoinder
ADD_USER  MKurt89       31 Makayla Kurt
ADD_PHONE MKurt89    212-489-2473
ADD_PHONE MKurt89    404-785-7264
ADD_USER  MLauren62    150 Mason Lauren
ADD_PHONE MLauren62  143-672-6615
ADD_PHONE MLauren62  363-416-9094
ADD_PHONE MLauren62  936-208-6629
ADD_USER  MLily06       42 Makayla Lily Suspension
ADD_PHONE MLily06    152-752-7724
ADD_PHONE MLily06    446-117-4836
ADD_PHONE MLily06    903-076-9349
ADD_USER  MLitera93  13211 Molly Literary
ADD_PHONE MLitera93  361-642-3625
ADD_PHONE MLitera93  735-851-4341
ADD_PHONE MLitera93  800-451-3916
ADD_USER  MLucius99  40292 Max Lucius
ADD_USER  MLyle58       33 Mason Lyle
ADD_PHONE MLyle58    789-433-7220
ADD_USER  MMacken34   5191 Mia Mackenzie Middleton
ADD_PHONE MMacken34  018-180-7315
ADD_USER  MMallow50     57 Molly Mallow
ADD_PHONE MMallow50  185-271-8056
ADD_USER  MMarket59    109 Makayla Marketeer
ADD_USER  MMartin40  26540 Maya Martin
ADD_PHONE MMartin40  774-430-0428
ADD_USER  MMcmull15   6763 Mason Mcmullen
ADD_PHONE MMcmull15  066-746-3820
ADD_PHONE MMcmull15  468-064-3999
ADD_USER  MNuclea97  40259 Mackenzie Nucleate
ADD_PHONE MNuclea97  225-582-0509
ADD_PHONE MNuclea97  533-255-7278
ADD_USER  MObstin03    554 Matthew Obstinacy
ADD_PHONE MObstin03  458-725-9896
ADD_USER  MOwn33        43 Madison Own
ADD_USER  MPhilos70    909 Morgan Philosopher
ADD_PHONE MPhilos70  181-426-5635
ADD_PHONE MPhilos70  527-333-8934
ADD_USER  MPraseo72   4764 Mackenzie Praseodymium
ADD_PHONE MPraseo72  382-602-2169
ADD_PHONE MPraseo72  714-336-0907
ADD_USER  MPython00    160 Madison Python
ADD_PHONE MPython00  180-929-7323
ADD_PHONE MPython00  408-619-0743
ADD_PHONE MPython00  534-640-3248
ADD_USER  MRent14      410 Maya Rent PhD
ADD_PHONE MRent14    484-989-7917
ADD_PHONE MRent14    602-484-9037
ADD_PHONE MRent14    982-331-6959
ADD_USER  MRerout77     88 Morgan Rerouting
ADD_USER  MRightm69  21416 Madison Rightmost
ADD_PHONE MRightm69  188-785-7846
ADD_PHONE MRightm69  405-604-4510
ADD_USER  MRowena55     48 Mackenzie Rowena
ADD_USER  MSarah16   34628 Madeline Sarah Insurrection
ADD_PHONE MSarah16   338-301-3039
ADD_PHONE MSarah16   438-213-4534
ADD_USER  MSmiths04     45 Max Smithson
ADD_PHONE MSmiths04  061-173-0892
ADD_PHONE MSmiths04  980-462-4450
ADD_USER  MSnuff09       5 Michael Snuff
ADD_PHONE MSnuff09   270-381-7237
ADD_PHONE MSnuff09   677-671-0630
ADD_USER  MSouthw27  19788 Max Southwestern III
ADD_PHONE MSouthw27  094-536-9925
ADD_PHONE MSouthw27  118-148-1888
ADD_PHONE MSouthw27  517-449-4954
ADD_USER  MStater92     40 Makayla Stateroom
ADD_PHONE MStater92  052-052-5903
ADD_PHONE MStater92  140-114-7693
ADD_PHONE MStater92  166-406-1181
ADD_USER  MStearn76  10171 Madeline Stearns
ADD_PHONE MStearn76  417-255-1946
ADD_USER  MStrike36    509 Maya Strikebreak
ADD_PHONE MStrike36  422-417-1033
ADD_PHONE MStrike36  786-391-0229
ADD_USER  MSydney89     14 Madison Sydney Typewritten
ADD_PHONE MSydney89  322-368-5064
ADD_PHONE MSydney89  679-429-5922
ADD_USER  MTailwi37    706 Maya Tailwind MD
ADD_USER  MTaxono39  15278 Matthew Taxonomic
ADD_USER  MTriass39     68 Mason Triassic
ADD_PHONE MTriass39  102-922-9816
ADD_PHONE MTriass39  282-509-4031
ADD_PHONE MTriass39  570-363-5013
ADD_USER  MTrista45    356 Michael Tristan
ADD_USER  MVariou85     32 Molly Various PhD
ADD_PHONE MVariou85  709-668-1887
ADD_PHONE MVariou85  892-444-1022
ADD_USER  MVeto53      817 Matthew Veto
ADD_PHONE MVeto53    319-931-1612
ADD_USER  MVirtuo61  47199 Mackenzie Virtuoso MD
ADD_PHONE MVirtuo61  583-384-6010
ADD_USER  MWhitef92     63 Madeline Whiteface
ADD_USER  MWow91        33 Maya Wow
ADD_PHONE MWow91     272-988-5972
ADD_PHONE MWow91     288-648-1572
ADD_USER  MZambia60   4185 Makayla Zambia
ADD_PHONE MZambia60  144-135-4311
ADD_PHONE MZambia60  144-839-5611
ADD_PHONE MZambia60  911-267-4154
ADD_USER  Madelyn09   2777 Madelyn
ADD_PHONE Madelyn09  263-343-5145
ADD_PHONE Madelyn09  585-943-4877
ADD_PHONE Madelyn09  942-064-8582
ADD_USER  Madison86     96 Madison
ADD_PHONE Madison86  899-292-0337
ADD_USER  Michael65  43521 Michael
ADD_PHONE Michael65  625-932-9116
ADD_PHONE Michael65  762-936-6906
ADD_PHONE Michael65  963-129-6594
ADD_USER  NConnor53      0 Noah Connor Measle
ADD_PHONE NConnor53  045-580-8177
ADD_PHONE NConnor53  899-023-5918
ADD_PHONE NConnor53  978-377-7795
ADD_USER  NCutane31    785 Nathan Cutaneous
ADD_PHONE NCutane31  777-382-1814
ADD_USER  NDemult19     17 Noah Demultiplex
ADD_PHONE NDemult19  392-912-5921
ADD_PHONE NDemult19  979-325-3175
ADD_USER  NDylan15    3912 Nicholas Dylan Zippy
ADD_PHONE NDylan15   047-739-1357
ADD_USER  NFeasib71   4914 Nathan Feasible
ADD_USER  NHereof10     85 Noah Hereof
ADD_PHONE NHereof10  709-451-3831
ADD_USER  NHornbl87     18 Nathan Hornblower
ADD_PHONE NHornbl87  153-989-1811
ADD_PHONE NHornbl87  357-067-3846
ADD_PHONE NHornbl87  829-081-1615
ADD_USER  NHydrol09    768 Noah Hydrology
ADD_PHONE NHydrol09  090-646-3280
ADD_PHONE NHydrol09  477-951-9861
ADD_USER  NLiones42   6573 Noah Lioness
ADD_PHONE NLiones42  705-090-0198
ADD_PHONE NLiones42  847-312-3396
ADD_USER  NLoin84       86 Noah Loin
ADD_PHONE NLoin84    531-151-6234
ADD_USER  NMichae60   2518 Nicholas Michael Wyner
ADD_PHONE NMichae60  342-573-5259
ADD_PHONE NMichae60  407-465-6349
ADD_PHONE NMichae60  559-977-5866
ADD_USER  NOperab14     69 Noah Operable
ADD_PHONE NOperab14  576-977-8321
ADD_USER  NPiggy27      53 Noah Piggy
ADD_USER  NPosses07     44 Nathan Possession
ADD_PHONE NPosses07  711-835-4834
ADD_PHONE NPosses07  828-055-1228
ADD_USER  NQuasip62  42881 Noah Quasiperiodic Esq
ADD_PHONE NQuasip62  038-743-9094
ADD_PHONE NQuasip62  280-237-5987
ADD_USER  NRosema66     38 Nathan Rosemary
ADD_USER  NShot24    41056 Noah Shot
ADD_PHONE NShot24    246-004-6111
ADD_PHONE NShot24    926-357-9587
ADD_PHONE NShot24    997-973-3992
ADD_USER  NSortie81   9363 Natalie Sortie
ADD_PHONE NSortie81  017-935-6961
ADD_USER  NSpaghe92   4380 Nathan Spaghetti
ADD_USER  NSquawr16   4574 Nathan Squawroot
ADD_PHONE NSquawr16  376-387-0562
ADD_PHONE NSquawr16  786-446-3284
ADD_PHONE NSquawr16  939-006-7219
ADD_USER  NStrobo50   1490 Nathan Stroboscopic
ADD_PHONE NStrobo50  080-423-8447
ADD_USER  NSubsti67  40587 Nicholas Substitute
ADD_PHONE NSubsti67  089-253-2148
ADD_USER  OBernic40  49812 Olivia Bernice
ADD_PHONE OBernic40  106-863-8580
ADD_PHONE OBernic40  244-040-9159
ADD_PHONE OBernic40  806-182-1497
ADD_USER  OBerra29    1405 Oliver Berra
ADD_PHONE OBerra29   225-501-8437
ADD_PHONE OBerra29   510-207-1755
ADD_PHONE OBerra29   865-421-6862
ADD_USER  OBureau65  44055 Oliver Bureaucratic
ADD_PHONE OBureau65  400-198-2160
ADD_PHONE OBureau65  413-103-8500
ADD_PHONE OBureau65  434-769-6526
ADD_USER  OFerber97     75 Owen Ferber
ADD_PHONE OFerber97  405-809-0524
ADD_USER  OFmc24       213 Olivia Fmc
ADD_PHONE OFmc24     377-770-1577
ADD_PHONE OFmc24     678-341-2742
ADD_USER  OInviol86  32013 Olivia Inviolate
ADD_PHONE OInviol86  015-539-6604
ADD_PHONE OInviol86  663-415-1873
ADD_PHONE OInviol86  850-405-4752
ADD_USER  ONascen72    715 Olivia Nascent
ADD_PHONE ONascen72  443-419-5359
ADD_PHONE ONascen72  527-297-5895
ADD_USER  OParabo67  30800 Owen Parabolic
ADD_PHONE OParabo67  064-403-6537
ADD_PHONE OParabo67  940-025-4757
ADD_PHONE OParabo67  991-103-6507
ADD_USER  OReside74    637 Oliver Resident
ADD_PHONE OReside74  318-694-5491
ADD_USER  OSank04    25062 Olivia Sank
ADD_PHONE OSank04    734-997-1739
ADD_USER  OSchofi31  20145 Oliver Schofield
ADD_USER  OSecret10  16557 Owen Secretarial
ADD_USER  OTabula00     52 Olivia Tabular
ADD_PHONE OTabula00  262-780-3120
ADD_PHONE OTabula00  532-736-9646
ADD_USER  PAdam16       56 Parker Adam Pewee
ADD_PHONE PAdam16    784-298-2794
ADD_USER  PAlphan46     74 Parker Alphanumeric
ADD_PHONE PAlphan46  729-947-7473
ADD_PHONE PAlphan46  971-142-4742
ADD_USER  PChase37      40 Parker Chase
ADD_PHONE PChase37   519-603-2318
ADD_PHONE PChase37   735-693-4711
ADD_USER  PDiphth62  34719 Parker Diphthong
ADD_PHONE PDiphth62  389-526-8936
ADD_PHONE PDiphth62  970-911-9340
ADD_USER  PFuji87     4656 Parker Fuji
ADD_USER  PGonzal76   7347 Paige Gonzales
ADD_PHONE PGonzal76  528-010-6374
ADD_USER  PHelioc80    115 Paige Heliocentric
ADD_PHONE PHelioc80  158-494-9563
ADD_PHONE PHelioc80  342-774-5560
ADD_PHONE PHelioc80  483-018-6760
ADD_USER  PInerti01   3498 Peyton Inertial
ADD_PHONE PInerti01  296-895-9902
ADD_PHONE PInerti01  653-577-3608
ADD_PHONE PInerti01  744-753-2242
ADD_USER  PJiggle62     57 Peyton Jiggle
ADD_PHONE PJiggle62  000-848-8936
ADD_PHONE PJiggle62  619-551-5645
ADD_USER  PKabuki94   9476 Parker Kabuki MD
ADD_PHONE PKabuki94  949-948-4360
ADD_USER  PKeelso64   7632 Peyton Keelson
ADD_PHONE PKeelso64  293-309-5439
ADD_USER  PLillia66  45832 Peyton Lillian Journey
ADD_PHONE PLillia66  884-135-3947
ADD_USER  PMcconn72   8441 Peyton Mcconnell
ADD_USER  PPaul82      847 Paige Paul
ADD_PHONE PPaul82    704-270-4008
ADD_USER  PSavann15   8791 Paige Savannah Rickettsia
ADD_USER  PTrack49     539 Parker Track
ADD_USER  PZoe08        88 Paige Zoe
ADD_PHONE PZoe08     138-185-9483
ADD_PHONE PZoe08     335-380-2869
ADD_PHONE PZoe08     971-145-3875
ADD_USER  RAida14     8985 Riley Aida
ADD_USER  RAidan18    6565 Ryan Aidan Teratology
ADD_PHONE RAidan18   236-738-1465
ADD_PHONE RAidan18   873-725-6366
ADD_PHONE RAidan18   987-936-2795
ADD_USER  RAlthou65      7 Riley Although
ADD_PHONE RAlthou65  294-437-1641
ADD_PHONE RAlthou65  415-534-3178
ADD_USER  RBrae20      397 Riley Brae
ADD_PHONE RBrae20    551-922-2112
ADD_PHONE RBrae20    654-056-7826
ADD_PHONE RBrae20    806-714-7481
ADD_USER  RCasebo06    349 Riley Casebook
ADD_USER  RContra60    826 Ryan Contradictory
ADD_PHONE RContra60  376-939-3499
ADD_PHONE RContra60  861-048-0820
ADD_USER  RDebt65     4111 Ryan Debt
ADD_PHONE RDebt65    200-372-3824
ADD_PHONE RDebt65    295-737-1132
ADD_PHONE RDebt65    570-191-1477
ADD_USER  RDipole79    794 Ryan Dipole
ADD_USER  RGermin34  44200 Ryan Germinate
ADD_PHONE RGermin34  611-404-2245
ADD_USER  RLater00   18568 Ryan Later
ADD_PHONE RLater00   345-929-7965
ADD_PHONE RLater00   776-570-2600
ADD_USER  RLumpis02    892 Riley Lumpish
ADD_PHONE RLumpis02  054-351-6637
ADD_PHONE RLumpis02  971-542-9222
ADD_USER  RMcadam12     33 Riley Mcadams Esq
ADD_USER  RMigrat85    272 Riley Migratory
ADD_PHONE RMigrat85  314-517-9007
ADD_PHONE RMigrat85  964-895-5131
ADD_USER  ROctahe38  10262 Ryan Octahedral Esq
ADD_PHONE ROctahe38  520-954-9849
ADD_USER  RPerkin33  25210 Riley Perkins
ADD_PHONE RPerkin33  556-875-9826
ADD_PHONE RPerkin33  587-148-8906
ADD_PHONE RPerkin33  804-896-8283
ADD_USER  RPhanto96    309 Riley Phantom
ADD_PHONE RPhanto96  053-946-6154
ADD_PHONE RPhanto96  259-175-7577
ADD_USER  RPhoton68   1767 Riley Photon
ADD_PHONE RPhoton68  219-934-5298
ADD_PHONE RPhoton68  463-662-1428
ADD_USER  RPhysio38     98 Riley Physiotherapist
ADD_PHONE RPhysio38  140-658-1209
ADD_PHONE RPhysio38  802-875-1271
ADD_USER  RQuarti21    326 Riley Quartile
ADD_PHONE RQuarti21  805-993-5175
ADD_PHONE RQuarti21  827-631-4720
ADD_USER  RRat15        10 Ryan Rat PhD
ADD_PHONE RRat15     016-891-3417
ADD_PHONE RRat15     546-124-5251
ADD_USER  RRegurg66   6874 Ryan Regurgitate
ADD_PHONE RRegurg66  480-692-4655
ADD_PHONE RRegurg66  502-983-6690
ADD_PHONE RRegurg66  532-958-6759
ADD_USER  RStain41      64 Riley Stain
ADD_PHONE RStain41   576-003-3109
ADD_PHONE RStain41   633-818-0213
ADD_USER  SAcryla01     86 Sophia Acrylate
ADD_USER  SAnomal16   7049 Savannah Anomalous
ADD_USER  SAristo58     72 Sophia Aristocrat
ADD_PHONE SAristo58  264-497-1621
ADD_PHONE SAristo58  875-610-5694
ADD_USER  SAryl82       21 Sarah Aryl MD
ADD_USER  SAustin20    123 Samuel Austin Switzerland
ADD_PHONE SAustin20  254-099-0042
ADD_PHONE SAustin20  783-612-7102
ADD_PHONE SAustin20  897-782-6977
ADD_USER  SAvenue82     82 Sofia Avenue
ADD_PHONE SAvenue82  058-519-1553
ADD_USER  SAvery13      46 Sarah Avery Clergyman
ADD_USER  SBloch18     306 Sophie Bloch
ADD_USER  SBrunsw97  26703 Sofia Brunswick
ADD_USER  SCadent82    517 Sydney Cadent
ADD_PHONE SCadent82  091-165-6313
ADD_PHONE SCadent82  385-070-4564
ADD_PHONE SCadent82  908-108-9174
ADD_USER  SCarrot01     55 Sophia Carrot
ADD_PHONE SCarrot01  292-814-0797
ADD_PHONE SCarrot01  347-661-0079
ADD_PHONE SCarrot01  971-986-0235
ADD_USER  SComput71     95 Samantha Computation
ADD_PHONE SComput71  879-578-3577
ADD_USER  SDivers39     55 Sofia Diverse
ADD_PHONE SDivers39  377-669-8560
ADD_USER  SDniepe49  46809 Sarah Dnieper
ADD_PHONE SDniepe49  141-498-4548
ADD_PHONE SDniepe49  943-296-6470
ADD_PHONE SDniepe49  976-286-9479
ADD_USER  SEuphem51     46 Sarah Euphemism
ADD_USER  SFluore51  16573 Savannah Fluorescein
ADD_PHONE SFluore51  061-516-3907
ADD_PHONE SFluore51  912-354-4527
ADD_USER  SFop85      2720 Sophia Fop
ADD_PHONE SFop85     815-673-5768
ADD_USER  SFormic88    227 Sophie Formic
ADD_PHONE SFormic88  779-530-9421
ADD_USER  SFourth66  20349 Sophie Fourth PhD
ADD_PHONE SFourth66  322-503-8825
ADD_USER  SGenoty25     64 Samantha Genotype
ADD_PHONE SGenoty25  039-483-8375
ADD_PHONE SGenoty25  160-281-5650
ADD_PHONE SGenoty25  720-881-0983
ADD_USER  SGrin88      561 Samantha Grin
ADD_PHONE SGrin88    904-308-1986
ADD_USER  SGrubby68  17996 Savannah Grubby
ADD_PHONE SGrubby68  033-421-5981
ADD_PHONE SGrubby68  051-275-5542
ADD_PHONE SGrubby68  515-388-4467
ADD_USER  SIntram70    273 Sofia Intramolecular
ADD_PHONE SIntram70  075-110-6848
ADD_PHONE SIntram70  732-525-0302
ADD_USER  SJanos55    9337 Sophie Janos
ADD_PHONE SJanos55   149-621-2429
ADD_PHONE SJanos55   215-952-6832
ADD_PHONE SJanos55   912-326-3011
ADD_USER  SLocomo29    319 Sofia Locomotive
ADD_PHONE SLocomo29  179-721-3186
ADD_PHONE SLocomo29  363-533-6645
ADD_USER  SMadrig02  23975 Samantha Madrigal
ADD_PHONE SMadrig02  613-938-5597
ADD_PHONE SMadrig02  993-903-0810
ADD_USER  SMaya36     9285 Sydney Maya Slave
ADD_PHONE SMaya36    800-895-9574
ADD_PHONE SMaya36    845-033-1480
ADD_USER  SMcfarl42   6876 Savannah Mcfarland
ADD_USER  SMia04     42010 Sophia Mia Fusillade
ADD_USER  SMilch77     852 Sydney Milch
ADD_PHONE SMilch77   125-958-9267
ADD_PHONE SMilch77   304-782-9845
ADD_PHONE SMilch77   348-888-9269
ADD_USER  SMollyc38  37633 Sydney Mollycoddle
ADD_PHONE SMollyc38  843-708-2196
ADD_USER  SMurk76    45977 Sydney Murk
ADD_USER  SMuskra64   3191 Sophie Muskrat
ADD_PHONE SMuskra64  062-437-2516
ADD_USER  SNile29      843 Savannah Nile
ADD_PHONE SNile29    085-993-6731
ADD_PHONE SNile29    781-488-6516
ADD_USER  SNitrit13   7114 Samuel Nitrite
ADD_USER  SOlivia71     85 Samantha Olivia Funny
ADD_USER  SOstran56    738 Samuel Ostrander
ADD_PHONE SOstran56  860-113-8153
ADD_USER  SPaso49    48330 Sarah Paso
ADD_PHONE SPaso49    096-695-0392
ADD_PHONE SPaso49    736-211-6512
ADD_PHONE SPaso49    977-011-0776
ADD_USER  SPollin23     70 Sarah Pollinate
ADD_PHONE SPollin23  272-108-5964
ADD_USER  SPreemi37  13400 Samantha Preeminent
ADD_PHONE SPreemi37  815-234-7409
ADD_USER  SProtoz32  40807 Sophia Protozoan
ADD_PHONE SProtoz32  597-007-7575
ADD_USER  SRototi93   3348 Savannah Rototill
ADD_PHONE SRototi93  737-122-4421
ADD_PHONE SRototi93  761-581-9828
ADD_USER  SSpokan24    345 Sarah Spokane
ADD_PHONE SSpokan24  418-884-6860
ADD_USER  SStifle49     84 Samuel Stifle
ADD_PHONE SStifle49  126-428-5501
ADD_PHONE SStifle49  166-639-3692
ADD_PHONE SStifle49  891-243-4674
ADD_USER  SSwelte61  37702 Samantha Swelter
ADD_USER  STie75      6739 Samuel Tie
ADD_PHONE STie75     610-278-4949
ADD_USER  STransl18   8875 Sarah Translate
ADD_PHONE STransl18  242-398-6742
ADD_PHONE STransl18  538-646-4501
ADD_USER  SVera49    46419 Sophie Vera
ADD_PHONE SVera49    855-923-4598
ADD_USER  SViscer00  31906 Savannah Visceral
ADD_USER  SWaggin61  16207 Sofia Wagging
ADD_PHONE SWaggin61  914-695-8824
ADD_USER  SWhisk98     244 Sofia Whisk
ADD_PHONE SWhisk98   213-803-9761
ADD_USER  TAidan26     695 Tyler Aidan Periphery
ADD_USER  TAnnual60   3124 Thomas Annual
ADD_PHONE TAnnual60  249-805-8394
ADD_USER  TArriva79     10 Tristan Arrival
ADD_PHONE TArriva79  021-275-2163
ADD_PHONE TArriva79  471-971-4391
ADD_PHONE TArriva79  496-358-8205
ADD_USER  TBacksp60  45689 Tyler Backspace
ADD_PHONE TBacksp60  540-973-4829
ADD_USER  TBeirut92  42509 Tyler Beirut
ADD_USER  TCatego15     11 Tyler Category
ADD_PHONE TCatego15  052-695-9215
ADD_PHONE TCatego15  085-459-6354
ADD_USER  TCheate85    636 Tristan Cheater
ADD_PHONE TCheate85  439-147-8044
ADD_USER  TCity66      339 Tristan City
ADD_PHONE TCity66    362-972-3335
ADD_PHONE TCity66    453-503-1348
ADD_PHONE TCity66    981-007-5620
ADD_USER  TCloggi84   1704 Tristan Clogging
ADD_PHONE TCloggi84  433-268-9690
ADD_PHONE TCloggi84  741-633-0304
ADD_USER  TDense55      96 Tristan Dense
ADD_USER  TDeterm13   3693 Tyler Determinant
ADD_PHONE TDeterm13  086-298-6968
ADD_PHONE TDeterm13  358-645-6374
ADD_USER  TDiacri48     35 Tyler Diacritical
ADD_PHONE TDiacri48  012-561-9391
ADD_USER  TDrier86      73 Taylor Drier
ADD_PHONE TDrier86   084-307-4604
ADD_PHONE TDrier86   424-265-7462
ADD_PHONE TDrier86   924-723-4814
ADD_USER  TElijah13   6039 Tristan Elijah Soldier
ADD_PHONE TElijah13  629-158-3609
ADD_PHONE TElijah13  761-218-1471
ADD_PHONE TElijah13  914-256-6835
ADD_USER  TEmbatt03   5130 Tristan Embattle
ADD_PHONE TEmbatt03  819-141-2629
ADD_USER  TEmory28     524 Taylor Emory
ADD_PHONE TEmory28   129-578-5082
ADD_PHONE TEmory28   343-208-2871
ADD_PHONE TEmory28   839-666-5655
ADD_USER  TExplan44     54 Tyler Explanatory
ADD_USER  TFabian25     92 Tyler Fabian MD
ADD_PHONE TFabian25  873-464-1225
ADD_USER  TFrilly09  35125 Thomas Frilly
ADD_PHONE TFrilly09  591-337-1194
ADD_PHONE TFrilly09  637-162-9874
ADD_USER  TGiulia38  15718 Taylor Giuliano PhD
ADD_PHONE TGiulia38  171-539-6768
ADD_PHONE TGiulia38  566-699-7191
ADD_PHONE TGiulia38  929-291-0658
ADD_USER  THeadwi17    721 Thomas Headwind
ADD_PHONE THeadwi17  526-603-1105
ADD_PHONE THeadwi17  903-752-1690
ADD_PHONE THeadwi17  961-307-6832
ADD_USER  THemosi19  30821 Tyler Hemosiderin
ADD_PHONE THemosi19  365-124-5865
ADD_USER  TInfamy47     89 Tristan Infamy
ADD_PHONE TInfamy47  015-674-1780
ADD_PHONE TInfamy47  719-114-5101
ADD_USER  TIrradi15  48628 Tyler Irradiate
ADD_USER  TIsabel27     59 Taylor Isabella Gunk
ADD_PHONE TIsabel27  898-376-6295
ADD_USER  TJob24       700 Tyler Job
ADD_PHONE TJob24     351-974-2951
ADD_PHONE TJob24     452-121-7049
ADD_PHONE TJob24     609-211-1576
ADD_USER  TMac86        40 Thomas Mac
ADD_PHONE TMac86     018-144-1525
ADD_USER  TMinnie90     42 Thomas Minnie
ADD_PHONE TMinnie90  129-871-0413
ADD_PHONE TMinnie90  767-892-3266
ADD_PHONE TMinnie90  771-285-0990
ADD_USER  TMoney31     300 Tyler Money
ADD_PHONE TMoney31   090-654-4873
ADD_PHONE TMoney31   302-480-3240
ADD_USER  TMyopic31  34462 Thomas Myopic
ADD_PHONE TMyopic31  179-329-2782
ADD_PHONE TMyopic31  967-931-4914
ADD_USER  TNinth87    7920 Thomas Ninth
ADD_USER  TOaf35        43 Taylor Oaf
ADD_PHONE TOaf35     192-036-3269
ADD_PHONE TOaf35     683-480-4081
ADD_USER  TOven80     4827 Tristan Oven
ADD_USER  TRegres56  39061 Tristan Regression
ADD_USER  TRoe82      3442 Tristan Roe
ADD_PHONE TRoe82     612-130-7600
ADD_PHONE TRoe82     716-514-7023
ADD_PHONE TRoe82     735-669-7722
ADD_USER  TSavoy32      47 Taylor Savoy
ADD_PHONE TSavoy32   481-302-3532
ADD_PHONE TSavoy32   882-347-4921
ADD_USER  TSerpen98     65 Tristan Serpentine
ADD_PHONE TSerpen98  854-279-0404
ADD_USER  TSumner79     69 Thomas Sumner
ADD_PHONE TSumner79  530-223-6898
ADD_PHONE TSumner79  542-487-0399
ADD_USER  VCuddle49  42429 Victoria Cuddle
ADD_PHONE VCuddle49  520-591-0036
ADD_PHONE VCuddle49  525-920-3788
ADD_USER  VEmma62    30888 Victoria Emma Nobel
ADD_PHONE VEmma62    245-561-1321
ADD_USER  VExile36      29 Victoria Exile
ADD_PHONE VExile36   038-029-0869
ADD_PHONE VExile36   274-240-7599
ADD_PHONE VExile36   531-881-5336
ADD_USER  VIsabel68   6918 Victoria Isabelle Tensile
ADD_PHONE VIsabel68  346-203-8007
ADD_PHONE VIsabel68  491-268-3487
ADD_PHONE VIsabel68  712-101-3490
ADD_USER  VProsth57  21420 Victoria Prosthesis
ADD_PHONE VProsth57  443-091-0952
ADD_USER  WAlthea02      4 William Althea
ADD_PHONE WAlthea02  464-768-5904
ADD_PHONE WAlthea02  963-988-5420
ADD_USER  WCaleb01     578 Wyatt Caleb Above
ADD_PHONE WCaleb01   609-967-2033
ADD_USER  WCartel92  19442 Wyatt Cartel
ADD_PHONE WCartel92  028-158-3337
ADD_PHONE WCartel92  372-879-4408
ADD_PHONE WCartel92  642-200-0142
ADD_USER  WCarter95      4 Wyatt Carter Araby
ADD_PHONE WCarter95  740-284-5847
ADD_PHONE WCarter95  742-143-5269
ADD_USER  WCurd81     3933 William Curd
ADD_PHONE WCurd81    620-369-1760
ADD_PHONE WCurd81    908-695-7700
ADD_USER  WErosiv56    961 William Erosive IV
ADD_USER  WJerome02     32 William Jerome
ADD_PHONE WJerome02  029-478-4464
ADD_USER  WMatern66  47946 Wyatt Maternal
ADD_PHONE WMatern66  039-979-2881
ADD_PHONE WMatern66  892-352-6088
ADD_USER  WPublis50     23 Wyatt Publish
ADD_PHONE WPublis50  003-650-9191
ADD_PHONE WPublis50  755-143-4401
ADD_USER  WQualit09    981 Wyatt Quality
ADD_PHONE WQualit09  871-863-0103
ADD_USER  WSylvan87   3145 Wyatt Sylvan
ADD_USER  WTrust35    6382 Wyatt Trust
ADD_USER  WWinche57     81 Wyatt Winchester
ADD_PHONE WWinche57  288-216-8610
ADD_PHONE WWinche57  480-894-8715
ADD_USER  XAvaric82  43087 Xavier Avarice
ADD_USER  XCockcr80     77 Xavier Cockcrow
ADD_PHONE XCockcr80  317-516-1764
ADD_PHONE XCockcr80  799-409-5121
ADD_PHONE XCockcr80  852-954-4605
ADD_USER  XDownfa50  12155 Xavier Downfall
ADD_USER  XElijah47     61 Xavier Elijah Incubi
ADD_PHONE XElijah47  067-613-8265
ADD_PHONE XElijah47  203-757-5461
ADD_USER  XElijah99     92 Xavier Elijah Prosthetic
ADD_PHONE XElijah99  918-155-5689
ADD_USER  XEyed18      692 Xavier Eyed
ADD_USER  XGavin86      13 Xavier Gavin Anaerobic
ADD_USER  XJacob72      58 Xavier Jacob Weigh
ADD_PHONE XJacob72   710-784-9688
ADD_PHONE XJacob72   768-050-0586
ADD_PHONE XJacob72   917-115-0571
ADD_USER  XMeet84       90 Xavier Meet
ADD_USER  XSouthw57     38 Xavier Southward
ADD_USER  ZBennet16   5269 Zachary Bennett
ADD_PHONE ZBennet16  281-931-5298
ADD_PHONE ZBennet16  335-069-6714
ADD_PHONE ZBennet16  903-923-9846
ADD_USER  ZBlanke33  25811 Zoey Blanket
ADD_PHONE ZBlanke33  147-810-6107
ADD_PHONE ZBlanke33  462-078-8003
ADD_PHONE ZBlanke33  875-472-2300
ADD_USER  ZCarte53       7 Zoey Carte
ADD_PHONE ZCarte53   263-980-3930
ADD_PHONE ZCarte53   633-506-6812
ADD_USER  ZCaruso79   6494 Zoey Caruso
ADD_PHONE ZCaruso79  468-181-8270
ADD_USER  ZCorey47      12 Zoey Corey
ADD_PHONE ZCorey47   285-396-3857
ADD_PHONE ZCorey47   811-019-8183
ADD_USER  ZDjakar34   2280 Zoey Djakarta
ADD_USER  ZDolt01     4342 Zachary Dolt
ADD_PHONE ZDolt01    464-547-8250
ADD_PHONE ZDolt01    482-824-2972
ADD_USER  ZEastbo14  26314 Zoe Eastbound
ADD_PHONE ZEastbo14  312-615-8574
ADD_USER  ZFreigh80   4366 Zoey Freight
ADD_PHONE ZFreigh80  521-159-6853
ADD_USER  ZHeliot99     45 Zoe Heliotrope
ADD_PHONE ZHeliot99  105-189-3303
ADD_PHONE ZHeliot99  289-881-2123
ADD_PHONE ZHeliot99  416-469-2890
ADD_USER  ZHelleb23  27279 Zoey Hellebore
ADD_PHONE ZHelleb23  226-510-1311
ADD_PHONE ZHelleb23  595-131-4367
ADD_USER  ZHiss45     1863 Zoey Hiss
ADD_PHONE ZHiss45    064-081-6082
ADD_PHONE ZHiss45    108-115-4904
ADD_USER  ZImpugn33    688 Zoe Impugn
ADD_PHONE ZImpugn33  322-394-1459
ADD_PHONE ZImpugn33  987-935-4119
ADD_USER  ZInspir13   7367 Zoey Inspiration
ADD_PHONE ZInspir13  007-034-3916
ADD_USER  ZJulian50  22443 Zachary Julian Quadric
ADD_PHONE ZJulian50  042-208-0177
ADD_USER  ZOrangu44     67 Zoey Orangutan
ADD_PHONE ZOrangu44  104-579-7542
ADD_PHONE ZOrangu44  465-085-3947
ADD_USER  ZPredic20     97 Zachary Predicate
ADD_PHONE ZPredic20  928-448-1342
ADD_USER  ZRostru79      5 Zachary Rostrum
ADD_PHONE ZRostru79  762-761-6281
ADD_PHONE ZRostru79  825-932-8809
ADD_USER  ZShark22    4779 Zachary Shark
ADD_PHONE ZShark22   027-019-7030
ADD_USER  ZSlosh04     979 Zachary Slosh
ADD_USER  ZSunsha44    907 Zoe Sunshade
ADD_PHONE ZSunsha44  207-734-4612
ADD_PHONE ZSunsha44  311-172-1272
ADD_PHONE ZSunsha44  705-351-9459
ADD_USER  ZTend26      576 Zoey Tend
ADD_PHONE ZTend26    363-914-5111
ADD_USER  ZWashbu61     62 Zoe Washburn PhD
ADD_PHONE ZWashbu61  601-194-5024
ADD_PHONE ZWashbu61  716-100-1958
ADD_PHONE ZWashbu61  728-627-9533
MARK_USED 1XNGROetoXkJ4a 3TTLSKwifV3fhb 4gjefgjCG005Tg 5ri5guwcbmu4So 5zhfRQWSThb3QJ 91dBZMKEF6PxQZ 9uyhnfu2HuL7bd FGobYglWHzk3DG
MARK_USED FZUyOdzHYn3rpl FaszcGoUeGtmff IlRfUEzS8AqlCm Pg9eBFrVWTBgoc UckSiBzyUaaMpE Xo3GtYz93ZgXlr b7uyKnEpjIpTrd beHovH7fYddGdW
MARK_USED bmDWSzJ5lHBGTt h4M4OYHTsDVENY hETYqlefyjs7cj iLGsl5NwlBN6Ay iYAhVfNSmsu3EA jFnCCWpOVU6et2 kYnodi5ezFKQoM m05jEdIwZ382Rz
MARK_USED mkRFATF6hdhS4n n7dUuS1RlfJTsZ tulM6nNXcwU5Am uGQnsCewf3bvz3 x9XTGGcfMYObsD y3yJrdgn2kkz2R
