PRIZE     dogo         570      3 Club Dogo 12-Month Subscription
PRIZE     habitat       35    100 Donation to Habitat for Humanity
PRIZE     hat         2222      2 Ninja Warrior Mount Midoriyama T-Shirt
PRIZE     ovis          50      3 Ovis Rent a Car Single Upgrade Coupon
PRIZE     pudget        50      5 pudget Rent A Car Single Upgrade Coupon
PRIZE     rest         500      5 Restaurant Gift Card from E-Restaurants.com
PRIZE     special       35    100 Bronze level donation to Special Olympics
PRIZE     spinner      750      4 Multi-Function Salad Spinner and Chopper
PRIZE     swarokski     75      7 $30 Swarokski Gift Certificate
PRIZE     visasweep      1   1000 $500 VISA(r) Gift Card Sweepstakes Entry
ADD_USER  AAddend49  49247 Alexis Addend PhD
ADD_PHONE AAddend49  075-897-6521
ADD_PHONE AAddend49  301-771-2207
ADD_USER  AAlgeri77     28 Aidan Algerian
ADD_PHONE AAlgeri77  473-670-5751
ADD_USER  AAlpine09   3206 Aaron Alpine
ADD_USER  AAltern04    198 Allison Alternate
ADD_PHONE AAltern04  321-051-8914
ADD_USER  AAmass49    8149 Arianna Amass
ADD_USER  AAndrew00   6417 Adam Andrew Saloonkeeper
ADD_PHONE AAndrew00  206-134-7213
ADD_PHONE AAndrew00  953-003-1185
ADD_USER  AAndrew98  15022 Anthony Andrew Serpentine
ADD_PHONE AAndrew98  337-483-8924
ADD_PHONE AAndrew98  839-823-2131
ADD_PHONE AAndrew98  842-402-6975
ADD_USER  AApollo86   7979 Allison Apollo
ADD_USER  AApplic58  45117 Andrew Application
ADD_PHONE AApplic58  241-848-6563
ADD_USER  AArriva38   2666 Alexander Arrival
ADD_USER  AAustin34  48349 Aiden Austin Arose
ADD_PHONE AAustin34  447-976-8935
ADD_PHONE AAustin34  644-598-6558
ADD_USER  AAva24        55 Amelia Ava Corporeal
ADD_PHONE AAva24     002-984-6782
ADD_PHONE AAva24     118-275-1345
ADD_USER  ABabcoc30  43502 Anna Babcock
ADD_PHONE ABabcoc30  238-443-6592
ADD_PHONE ABabcoc30  706-717-9937
ADD_USER  ABabyho70  49005 Alexandra Babyhood
ADD_PHONE ABabyho70  194-627-6078
ADD_PHONE ABabyho70  220-843-2961
ADD_USER  ABellho89  21985 Aubrey Bellhop
ADD_PHONE ABellho89  870-806-2342
ADD_PHONE ABellho89  991-522-3892
ADD_USER  ABess05     3054 Alex Bess
ADD_USER  ABethle53     23 Ava Bethlehem
ADD_PHONE ABethle53  061-123-7687
ADD_PHONE ABethle53  197-510-8464
ADD_PHONE ABethle53  361-839-6847
ADD_USER  ABlob77     8075 Audrey Blob
ADD_PHONE ABlob77    992-343-9249
ADD_USER  ABoldfa35    507 Aidan Boldface
ADD_PHONE ABoldfa35  492-534-4991
ADD_PHONE ABoldfa35  808-438-4988
ADD_USER  ABolivi97     83 Aiden Bolivia
ADD_PHONE ABolivi97  834-477-7009
ADD_USER  ABuddha80   1297 Alyssa Buddha
ADD_USER  ACarous27   9586 Aidan Carouse
ADD_PHONE ACarous27  385-457-0689
ADD_PHONE ACarous27  661-333-9653
ADD_USER  ACockcr13  10477 Anthony Cockcrow
ADD_PHONE ACockcr13  905-713-8894
ADD_USER  ACoco79    18702 Aidan Coco
ADD_PHONE ACoco79    123-216-4914
ADD_USER  ACoinci42    885 Alex Coincident
ADD_PHONE ACoinci42  253-452-8081
ADD_USER  ACommun41     60 Arianna Communion
ADD_PHONE ACommun41  247-059-3907
ADD_USER  AConfla87   6096 Audrey Conflagrate Esq
ADD_USER  ADepres24    570 Alexandra Depressive
ADD_USER  ADeputy41     88 Aidan Deputy
ADD_USER  ADes53       536 Anna Des
ADD_PHONE ADes53     604-389-7348
ADD_USER  ADescri18   6848 Alex Descriptor
ADD_PHONE ADescri18  033-316-7206
ADD_USER  ADishwa11   9131 Adam Dishwasher
ADD_PHONE ADishwa11  828-671-9204
ADD_PHONE ADishwa11  911-864-6497
ADD_USER  ADoroth37     58 Aiden Dorothea
ADD_PHONE ADoroth37  619-975-1323
ADD_USER  ADuel56       25 Alexis Duel
ADD_PHONE ADuel56    507-937-1701
ADD_PHONE ADuel56    817-264-3225
ADD_USER  AElmira40  47758 Alex Elmira
ADD_PHONE AElmira40  503-456-7303
ADD_USER  AEmily00    9404 Audrey Emily Inhibit
ADD_PHONE AEmily00   133-494-4141
ADD_PHONE AEmily00   557-403-6608
ADD_PHONE AEmily00   894-014-5589
ADD_USER  AEscape54    894 Alexandra Escape
ADD_USER  AEuripi13    862 Anthony Euripides
ADD_PHONE AEuripi13  282-050-1493
ADD_USER  AEverla63   2563 Audrey Everlasting
ADD_USER  AFaceti12     25 Audrey Facetious
ADD_USER  AFoldou66  26892 Aiden Foldout
ADD_USER  AFume70      178 Avery Fume Esq
ADD_PHONE AFume70    295-198-1299
ADD_USER  AGabrie77   9828 Aaron Gabriel Dug
ADD_PHONE AGabrie77  099-869-5330
ADD_PHONE AGabrie77  900-483-9449
ADD_USER  AGalt33      841 Adam Galt
ADD_PHONE AGalt33    800-890-6068
ADD_USER  AGrandp85   7949 Addison Grandpa
ADD_PHONE AGrandp85  073-003-9032
ADD_PHONE AGrandp85  538-376-0217
ADD_USER  AGreatc52   4031 Arianna Greatcoat
ADD_USER  AGullib77     13 Audrey Gullible
ADD_USER  AHangme50   9390 Addison Hangmen
ADD_PHONE AHangme50  849-374-7733
ADD_PHONE AHangme50  853-092-2371
ADD_USER  AHexane79    699 Allison Hexane
ADD_PHONE AHexane79  206-164-0660
ADD_PHONE AHexane79  358-512-5948
ADD_USER  AHydroe98     36 Aidan Hydroelectric
ADD_USER  AImmobi12   7590 Amelia Immobile
ADD_PHONE AImmobi12  524-895-0778
ADD_USER  AImpres56    428 Andrew Impressible Jr
ADD_USER  AImpuls75     78 Arianna Impulse MD
ADD_PHONE AImpuls75  069-932-8169
ADD_PHONE AImpuls75  111-299-0362
ADD_PHONE AImpuls75  681-508-6407
ADD_USER  AInapti38    382 Abigail Inaptitude
ADD_PHONE AInapti38  122-622-9683
ADD_USER  AInatte05  10604 Allison Inattentive
ADD_USER  AIndemn81  21587 Anna Indemnify
ADD_PHONE AIndemn81  269-823-5021
ADD_PHONE AIndemn81  425-806-3173
ADD_PHONE AIndemn81  898-673-0519
ADD_USER  AInept09   31869 Aaron Inept
ADD_USER  AInequa69     95 Addison Inequality
ADD_PHONE AInequa69  270-834-0809
ADD_PHONE AInequa69  481-964-4794
ADD_PHONE AInequa69  860-052-5428
ADD_USER  AInflue54    412 Anna Influenza
ADD_PHONE AInflue54  153-528-6227
ADD_PHONE AInflue54  918-284-1967
ADD_USER  AIrrita39  32542 Alexis Irritable
ADD_USER  AJackda46   7111 Aaron Jackdaw
ADD_PHONE AJackda46  815-108-1705
ADD_PHONE AJackda46  873-986-0532
ADD_USER  AJug88        63 Alyssa Jug
ADD_PHONE AJug88     647-590-3422
ADD_USER  AKajar13   16810 Abigail Kajar
ADD_USER  AKeller11     68 Andrew Keller
ADD_PHONE AKeller11  073-607-0650
ADD_USER  AKnock61     451 Allison Knock
ADD_USER  ALarch85      86 Anthony Larch
ADD_USER  ALayla24     796 Abigail Layla Layup
ADD_PHONE ALayla24   346-926-4955
ADD_PHONE ALayla24   606-595-9737
ADD_PHONE ALayla24   824-793-4305
ADD_USER  ALessee35     43 Adam Lessee
ADD_PHONE ALessee35  843-257-8025
ADD_USER  ALint94    31270 Anna Lint
ADD_PHONE ALint94    514-544-9938
ADD_PHONE ALint94    532-467-8189
ADD_PHONE ALint94    857-231-9617
ADD_USER  ALloyd38   23961 Austin Lloyd
ADD_PHONE ALloyd38   532-503-0832
ADD_USER  ALousew27  33342 Andrew Lousewort
ADD_USER  ALucas18       8 Aiden Lucas
ADD_PHONE ALucas18   096-065-8554
ADD_PHONE ALucas18   297-436-3819
ADD_PHONE ALucas18   756-582-1757
ADD_USER  AMacken24   4845 Audrey Mackenzie Mouton
ADD_PHONE AMacken24  390-950-8640
ADD_PHONE AMacken24  721-790-2482
ADD_PHONE AMacken24  793-467-7245
ADD_USER  AMacker21    593 Arianna Mackerel
ADD_USER  AMadely08     43 Aubrey Madelyn Cosmology
ADD_USER  AMakayl89     64 Addison Makayla Nov
ADD_PHONE AMakayl89  318-235-2377
ADD_PHONE AMakayl89  777-327-3644
ADD_USER  AMetcal17    245 Amelia Metcalf
ADD_USER  AMobcap97   1940 Alexandra Mobcap
ADD_PHONE AMobcap97  533-226-5606
ADD_USER  AMonsoo55     71 Avery Monsoon
ADD_PHONE AMonsoo55  500-899-6773
ADD_PHONE AMonsoo55  597-480-0545
ADD_PHONE AMonsoo55  799-935-6011
ADD_USER  AMorgan43    763 Anna Morgan Wiseacre
ADD_PHONE AMorgan43  780-884-5633
ADD_USER  AMorgan96     51 Amelia Morgan Cheney
ADD_USER  AMother79     34 Aubrey Motherland
ADD_USER  ANatali11     68 Ava Natalie Rejoinder
ADD_PHONE ANatali11  224-900-9924
ADD_PHONE ANatali11  265-502-9934
ADD_USER  ANichol48     68 Arianna Nicholls
ADD_PHONE ANichol48  987-746-5297
ADD_USER  ANickna24     63 Austin Nickname
ADD_PHONE ANickna24  640-729-1459
ADD_USER  AOptoel62    797 Aubrey Optoelectronic
ADD_USER  AParado40  43477 Allison Paradox
ADD_PHONE AParado40  206-527-4394
ADD_PHONE AParado40  389-817-2677
ADD_PHONE AParado40  645-415-1146
ADD_USER  AParker25     89 Aaron Parker Delineament
ADD_PHONE AParker25  816-827-3993
ADD_PHONE AParker25  955-168-2583
ADD_USER  APensio90     10 Abigail Pension
ADD_PHONE APensio90  745-393-1788
ADD_USER  APersua21     27 Avery Persuasion
ADD_PHONE APersua21  299-700-7122
ADD_PHONE APersua21  623-680-5278
ADD_USER  APhilos27    474 Andrew Philosophic
ADD_PHONE APhilos27  069-508-4875
ADD_PHONE APhilos27  510-372-7093
ADD_PHONE APhilos27  703-069-8290
ADD_USER  APhysic78  12989 Aiden Physic
ADD_PHONE APhysic78  065-848-7365
ADD_PHONE APhysic78  161-326-7680
ADD_PHONE APhysic78  705-635-5328
ADD_USER  APianis13  46218 Anthony Pianist
ADD_PHONE APianis13  499-633-5041
ADD_PHONE APianis13  824-893-9785
ADD_PHONE APianis13  888-301-7181
ADD_USER  APlatyp17  42808 Aiden Platypus IV
ADD_PHONE APlatyp17  018-365-1849
ADD_PHONE APlatyp17  372-187-6085
ADD_USER  APoncha03     32 Aidan Ponchartrain
ADD_PHONE APoncha03  210-103-1069
ADD_PHONE APoncha03  254-614-0929
ADD_USER  APrescr19     58 Alex Prescript
ADD_PHONE APrescr19  194-951-6371
ADD_PHONE APrescr19  807-649-3667
ADD_USER  AProm54    35730 Aiden Prom
ADD_PHONE AProm54    144-537-9819
ADD_PHONE AProm54    355-452-5599
ADD_PHONE AProm54    981-648-4956
ADD_USER  AProphy57     81 Arianna Prophylactic
ADD_PHONE AProphy57  061-589-2958
ADD_PHONE AProphy57  282-295-8770
ADD_PHONE AProphy57  365-235-4713
ADD_USER  APsychi46     19 Aaron Psychiatric
ADD_PHONE APsychi46  119-537-1826
ADD_PHONE APsychi46  503-907-8617
ADD_PHONE APsychi46  637-054-3181
ADD_USER  ARadish76  45809 Arianna Radish
ADD_PHONE ARadish76  738-007-6716
ADD_PHONE ARadish76  897-712-2712
ADD_PHONE ARadish76  957-712-8110
ADD_USER  AReposi18     97 Audrey Repository
ADD_PHONE AReposi18  293-821-7662
ADD_PHONE AReposi18  394-890-5482
ADD_PHONE AReposi18  438-687-5025
ADD_USER  ARingsi39    887 Aiden Ringside
ADD_PHONE ARingsi39  300-806-1132
ADD_PHONE ARingsi39  841-579-1478
ADD_USER  ARipoff63  31165 Ava Ripoff
ADD_PHONE ARipoff63  516-543-7286
ADD_USER  ARisky19      66 Abigail Risky
ADD_PHONE ARisky19   748-341-3448
ADD_USER  ARoadsi56     75 Alexis Roadside
ADD_USER  ARufous44     49 Ava Rufous
ADD_PHONE ARufous44  076-320-8566
ADD_USER  ASemiti75    159 Aidan Semitic
ADD_PHONE ASemiti75  721-470-9285
ADD_PHONE ASemiti75  908-797-6795
ADD_USER  ASepia91     910 Abigail Sepia
ADD_USER  AShepar19   3680 Allison Shepard
ADD_USER  ASis06        96 Aubrey Sis
ADD_USER  ASkiff42       8 Adam Skiff
ADD_PHONE ASkiff42   480-320-3388
ADD_PHONE ASkiff42   877-299-9080
ADD_PHONE ASkiff42   913-817-5308
ADD_USER  ASmalle90    627 Adam Smalley
ADD_USER  ASober24   28567 Avery Sober
ADD_USER  ASplat67    8279 Allison Splat
ADD_PHONE ASplat67   337-743-8351
ADD_PHONE ASplat67   490-140-3967
ADD_USER  AStaff16    2460 Aaron Staff
ADD_USER  AStamp28    6280 Alexandra Stamp
ADD_PHONE AStamp28   697-776-4852
ADD_PHONE AStamp28   713-768-1991
ADD_USER  AStrept92      8 Anna Streptomycin
ADD_PHONE AStrept92  653-201-2848
ADD_PHONE AStrept92  786-766-3532
ADD_PHONE AStrept92  916-049-8205
ADD_USER  ASuffoc01  25289 Abigail Suffocate
ADD_PHONE ASuffoc01  052-406-6993
ADD_PHONE ASuffoc01  177-126-7255
ADD_PHONE ASuffoc01  272-213-9086
ADD_USER  ASulfit63   9564 Aiden Sulfite
ADD_PHONE ASulfit63  806-724-9394
ADD_USER  ASuny72      665 Anthony Suny
ADD_PHONE ASuny72    873-863-7693
ADD_USER  ASurety33   5395 Alexander Surety Esq
ADD_PHONE ASurety33  031-498-1467
ADD_USER  ATanaka01  34629 Allison Tanaka
ADD_PHONE ATanaka01  658-135-9846
ADD_USER  ATapa42    49481 Allison Tapa
ADD_PHONE ATapa42    699-981-4900
ADD_USER  AThorou81     15 Abigail Thoroughbred
ADD_PHONE AThorou81  232-711-1063
ADD_USER  AThreat55  28923 Aaron Threat
ADD_PHONE AThreat55  391-892-5446
ADD_USER  ATip23       266 Aidan Tip
ADD_PHONE ATip23     418-366-2352
ADD_USER  ATrump34   48746 Alyssa Trump
ADD_PHONE ATrump34   483-634-2911
ADD_PHONE ATrump34   579-153-6920
ADD_USER  AVega04     1211 Anthony Vega
ADD_USER  AVolubl93     46 Anna Voluble
ADD_PHONE AVolubl93  774-621-1762
ADD_PHONE AVolubl93  828-276-2021
ADD_USER  AWahl09       58 Austin Wahl IV
ADD_USER  AWallac11  42673 Austin Wallace
ADD_PHONE AWallac11  090-017-1448
ADD_USER  AWaterf69     63 Anna Waterfront
ADD_PHONE AWaterf69  308-614-0095
ADD_USER  AWingma63   5134 Audrey Wingman
ADD_USER  AWithe28    2332 Alexander Withe
ADD_PHONE AWithe28   129-904-1431
ADD_PHONE AWithe28   927-472-0263
ADD_USER  AWithhe22  40200 Abigail Withheld
ADD_PHONE AWithhe22  694-584-9060
ADD_USER  AWorkma94  20746 Aaron Workman
ADD_PHONE AWorkma94  815-251-0029
ADD_PHONE AWorkma94  862-996-5007
ADD_USER  AZachar22     34 Aidan Zachary Formulaic
ADD_PHONE AZachar22  376-692-4681
ADD_PHONE AZachar22  546-888-8689
ADD_PHONE AZachar22  639-260-7527
ADD_USER  AZenith21      7 Anthony Zenith
ADD_PHONE AZenith21  141-610-5600
ADD_PHONE AZenith21  256-171-7359
ADD_USER  BAdvers60  15696 Bella Adversary
ADD_PHONE BAdvers60  651-242-7147
ADD_USER  BAlexis26   1325 Brooklyn Alexis Fuzz
ADD_PHONE BAlexis26  644-270-7959
ADD_PHONE BAlexis26  772-367-2053
ADD_PHONE BAlexis26  837-783-5753
ADD_USER  BAlleyw40   9778 Brooklyn Alleyway
ADD_PHONE BAlleyw40  299-881-4704
ADD_USER  BAmbros58   6376 Brandon Ambrosial
ADD_USER  BAriann91    825 Bailey Arianna Winslow
ADD_USER  BBarrac52    217 Blake Barracuda
ADD_PHONE BBarrac52  309-443-3944
ADD_USER  BBauer15      90 Brandon Bauer
ADD_PHONE BBauer15   558-000-6425
ADD_USER  BBerry68     124 Brianna Berry
ADD_PHONE BBerry68   785-021-7052
ADD_USER  BBlake22     298 Benjamin Blake Peridotite
ADD_USER  BBrazza68     33 Blake Brazzaville
ADD_PHONE BBrazza68  539-687-5940
ADD_PHONE BBrazza68  818-358-8612
ADD_PHONE BBrazza68  977-581-6068
ADD_USER  BCarlet24    183 Benjamin Carleton
ADD_PHONE BCarlet24  391-705-3241
ADD_PHONE BCarlet24  610-358-2238
ADD_PHONE BCarlet24  905-883-0717
ADD_USER  BCertai10    867 Bella Certain
ADD_USER  BChloe12      74 Bella Chloe Laughter
ADD_USER  BChrono84    834 Brianna Chronology
ADD_PHONE BChrono84  217-117-8560
ADD_PHONE BChrono84  705-749-4368
ADD_PHONE BChrono84  739-358-5803
ADD_USER  BCloddi06   8253 Benjamin Cloddish
ADD_USER  BCoffee43    150 Bailey Coffeecup
ADD_PHONE BCoffee43  012-516-6054
ADD_PHONE BCoffee43  858-856-1784
ADD_USER  BCommis67    583 Brianna Commiserate
ADD_PHONE BCommis67  428-225-6446
ADD_USER  BConfis32     88 Benjamin Confiscable
ADD_PHONE BConfis32  305-316-8145
ADD_PHONE BConfis32  443-456-6714
ADD_PHONE BConfis32  458-662-8693
ADD_USER  BConver41    175 Brooklyn Conversation
ADD_PHONE BConver41  205-220-1200
ADD_PHONE BConver41  638-089-0189
ADD_USER  BCramer09   4170 Brianna Cramer
ADD_USER  BCyclot69     47 Brooklyn Cyclotomic
ADD_PHONE BCyclot69  077-269-4746
ADD_PHONE BCyclot69  378-251-2069
ADD_PHONE BCyclot69  520-784-8605
ADD_USER  BDissoc06  27654 Brandon Dissociate
ADD_PHONE BDissoc06  153-135-4589
ADD_PHONE BDissoc06  714-916-7976
ADD_PHONE BDissoc06  787-947-8889
ADD_USER  BDive24       63 Blake Dive
ADD_PHONE BDive24    383-159-2703
ADD_PHONE BDive24    612-851-6689
ADD_USER  BErosio28  30286 Brianna Erosion
ADD_PHONE BErosio28  716-925-9393
ADD_PHONE BErosio28  882-869-1421
ADD_PHONE BErosio28  973-733-5888
ADD_USER  BEvelyn53    393 Brooklyn Evelyn Concept
ADD_USER  BFern99      171 Brody Fern
ADD_PHONE BFern99    201-862-8421
ADD_PHONE BFern99    228-702-2143
ADD_PHONE BFern99    918-668-9508
ADD_USER  BGabrie56    947 Brooklyn Gabriella Quietus
ADD_PHONE BGabrie56  724-544-8155
ADD_PHONE BGabrie56  889-228-3586
ADD_PHONE BGabrie56  894-738-7109
ADD_USER  BGalves85  43455 Brooklyn Galveston
ADD_PHONE BGalves85  588-858-7481
ADD_PHONE BGalves85  718-922-2266
ADD_USER  BGel31        18 Bailey Gel
ADD_PHONE BGel31     442-017-6615
ADD_PHONE BGel31     739-941-9985
ADD_PHONE BGel31     978-137-9897
ADD_USER  BGuzzle80    535 Brianna Guzzle
ADD_PHONE BGuzzle80  621-914-7385
ADD_USER  BHarves94     82 Bailey Harvestman
ADD_PHONE BHarves94  252-096-0804
ADD_PHONE BHarves94  875-846-4266
ADD_PHONE BHarves94  968-894-1333
ADD_USER  BHoagie14     83 Brayden Hoagie
ADD_USER  BHolmiu01   1989 Brody Holmium
ADD_PHONE BHolmiu01  466-421-7030
ADD_USER  BIliad42      51 Bailey Iliad
ADD_PHONE BIliad42   023-592-9401
ADD_PHONE BIliad42   198-058-1061
ADD_USER  BImpart94   9354 Brooklyn Impartation
ADD_PHONE BImpart94  194-126-8114
ADD_USER  BInclos18   1752 Blake Inclose IV
ADD_PHONE BInclos18  971-420-6664
ADD_USER  BInculp10   2098 Brooke Inculpable
ADD_PHONE BInculp10  314-434-7600
ADD_USER  BInfix83     278 Benjamin Infix
ADD_USER  BIsabel94  25019 Brianna Isabella Campsite
ADD_USER  BJubila15  18349 Brayden Jubilate
ADD_PHONE BJubila15  233-916-8844
ADD_USER  BKiva52       36 Benjamin Kiva
ADD_PHONE BKiva52    422-201-0239
ADD_PHONE BKiva52    463-905-5652
ADD_USER  BLuke26        4 Brody Luke Inc
ADD_PHONE BLuke26    265-734-2866
ADD_PHONE BLuke26    375-426-6580
ADD_PHONE BLuke26    446-989-6382
ADD_USER  BMatthe87     20 Benjamin Matthew Eurydice
ADD_PHONE BMatthe87  279-996-1065
ADD_PHONE BMatthe87  488-140-7659
ADD_PHONE BMatthe87  599-324-8409
ADD_USER  BNewlin99    246 Bailey Newline
ADD_PHONE BNewlin99  107-059-3359
ADD_PHONE BNewlin99  344-032-1627
ADD_PHONE BNewlin99  655-021-0982
ADD_USER  BPacifi11    908 Brandon Pacifism
ADD_PHONE BPacifi11  959-674-7021
ADD_USER  BParis19      29 Benjamin Paris
ADD_PHONE BParis19   405-511-3939
ADD_USER  BProgno96   7836 Benjamin Prognosticate
ADD_PHONE BProgno96  355-705-3526
ADD_USER  BRaleig69     48 Brayden Raleigh
ADD_USER  BRefute38    954 Benjamin Refute
ADD_PHONE BRefute38  421-718-3810
ADD_PHONE BRefute38  818-357-2863
ADD_PHONE BRefute38  943-370-5853
ADD_USER  BRespir45    196 Bella Respiration
ADD_USER  BRetard45    659 Brooke Retardant
ADD_PHONE BRetard45  827-580-2847
ADD_USER  BRetros25   7665 Brooklyn Retrospect
ADD_PHONE BRetros25  138-946-6804
ADD_USER  BRotary28     43 Bella Rotary
ADD_USER  BRoundu60    771 Brody Roundup
ADD_USER  BSalern74   1338 Brianna Salerno
ADD_PHONE BSalern74  124-547-1807
ADD_USER  BSanta24      78 Bailey Santa
ADD_PHONE BSanta24   080-361-8550
ADD_PHONE BSanta24   924-363-9266
ADD_USER  BSchola89  27285 Brandon Scholar
ADD_USER  BShakes11      5 Brody Shakespearian
ADD_PHONE BShakes11  517-493-6853
ADD_PHONE BShakes11  868-688-3369
ADD_USER  BSkate61     931 Brooklyn Skate
ADD_USER  BSmack15      85 Brody Smack
ADD_PHONE BSmack15   367-310-5280
ADD_PHONE BSmack15   765-557-1409
ADD_USER  BSometi99   1873 Brandon Sometime
ADD_PHONE BSometi99  287-229-8461
ADD_PHONE BSometi99  732-881-5225
ADD_PHONE BSometi99  776-368-5012
ADD_USER  BSpew44      450 Brooklyn Spew
ADD_PHONE BSpew44    267-587-6272
ADD_PHONE BSpew44    850-447-2889
ADD_USER  BStewar89    289 Brayden Stewardess
ADD_PHONE BStewar89  193-048-7858
ADD_PHONE BStewar89  315-848-8643
ADD_PHONE BStewar89  478-107-3687
ADD_USER  BStomp86    5189 Brayden Stomp Jr
ADD_PHONE BStomp86   433-244-4624
ADD_PHONE BStomp86   584-438-1746
ADD_USER  BStrept78   1756 Bella Streptomycin
ADD_PHONE BStrept78  151-393-9311
ADD_PHONE BStrept78  476-305-9428
ADD_USER  BTickli15   7803 Brooklyn Ticklish
ADD_PHONE BTickli15  356-703-6513
ADD_PHONE BTickli15  758-523-7257
ADD_USER  BUtensi64   9194 Brayden Utensil
ADD_PHONE BUtensi64  092-745-6299
ADD_PHONE BUtensi64  367-773-6839
ADD_USER  BUtrech81   1756 Bailey Utrecht
ADD_PHONE BUtrech81  708-329-3516
ADD_USER  BVillei20  15452 Blake Villein
ADD_USER  BVought96    244 Brandon Vought
ADD_PHONE BVought96  014-769-5884
ADD_USER  BWingba23   7945 Bella Wingback
ADD_USER  Brody28       33 Brody
ADD_PHONE Brody28    019-582-1092
ADD_PHONE Brody28    258-878-0176
ADD_PHONE Brody28    412-716-4319
ADD_USER  CAcclai15    264 Christian Acclaim
ADD_PHONE CAcclai15  439-768-9456
ADD_USER  CAddict02     81 Cole Addict
ADD_PHONE CAddict02  251-460-5975
ADD_PHONE CAddict02  911-530-5146
ADD_USER  CAft90        57 Charlotte Aft
ADD_PHONE CAft90     407-532-9897
ADD_USER  CAgee98       72 Connor Agee
ADD_PHONE CAgee98    704-318-4534
ADD_USER  CAidan44     436 Cooper Aidan Cleric
ADD_PHONE CAidan44   299-856-6806
ADD_PHONE CAidan44   406-848-3302
ADD_PHONE CAidan44   639-755-7473
ADD_USER  CAnne90       15 Carson Anne
ADD_PHONE CAnne90    006-486-5221
ADD_PHONE CAnne90    529-604-3307
ADD_USER  CAnorth90    158 Caleb Anorthosite
ADD_PHONE CAnorth90  373-403-9360
ADD_USER  CArduou24   9449 Claire Arduous
ADD_PHONE CArduou24  473-131-9267
ADD_PHONE CArduou24  777-023-3635
ADD_USER  CAspher65     37 Charlotte Aspheric
ADD_PHONE CAspher65  219-344-6531
ADD_PHONE CAspher65  974-300-7762
ADD_USER  CBethle81     24 Chase Bethlehem III
ADD_USER  CBidden49   4209 Carter Bidden
ADD_USER  CBlurry58  49547 Christopher Blurry IV
ADD_PHONE CBlurry58  223-820-2638
ADD_USER  CBolivi80     63 Chloe Bolivia
ADD_PHONE CBolivi80  195-833-9366
ADD_PHONE CBolivi80  365-697-5072
ADD_PHONE CBolivi80  924-783-2514
ADD_USER  CBreakp00     80 Caleb Breakpoint
ADD_PHONE CBreakp00  003-695-5432
ADD_PHONE CBreakp00  275-393-8839
ADD_PHONE CBreakp00  930-086-2406
ADD_USER  CBuckne45    170 Caleb Bucknell
ADD_USER  CChortl11   8749 Christian Chortle
ADD_PHONE CChortl11  223-933-9365
ADD_USER  CCyanam18   3333 Caroline Cyanamid
ADD_PHONE CCyanam18  477-784-5936
ADD_PHONE CCyanam18  651-726-9638
ADD_USER  CDesper95   2735 Christopher Desperate
ADD_USER  CDirich13   4950 Cameron Dirichlet
ADD_PHONE CDirich13  343-578-8207
ADD_USER  CDonton40   8943 Cooper Dontonio Waldo
ADD_PHONE CDonton40  063-802-3378
ADD_USER  CEileen51    984 Charlotte Eileen
ADD_PHONE CEileen51  578-618-0927
ADD_PHONE CEileen51  794-268-7247
ADD_USER  CEmily34    8503 Caroline Emily Wyoming
ADD_PHONE CEmily34   133-688-2802
ADD_PHONE CEmily34   259-048-9813
ADD_PHONE CEmily34   952-746-2047
ADD_USER  CEuterp93   2299 Chloe Euterpe
ADD_PHONE CEuterp93  065-017-8973
ADD_USER  CGreenl98    675 Cole Greenland
ADD_PHONE CGreenl98  838-287-1712
ADD_USER  CHeadro41    902 Claire Headroom
ADD_PHONE CHeadro41  175-035-2913
ADD_PHONE CHeadro41  637-297-0878
ADD_USER  CHind07       49 Connor Hind
ADD_USER  CHoney21    2182 Chloe Honey
ADD_USER  CHonk41      984 Carter Honk
ADD_PHONE CHonk41    271-353-4401
ADD_PHONE CHonk41    450-796-4241
ADD_USER  CHummin20     55 Carter Hummingbird
ADD_PHONE CHummin20  415-846-4200
ADD_PHONE CHummin20  946-854-2584
ADD_USER  CInatte39   8172 Chloe Inattention
ADD_PHONE CInatte39  212-901-2517
ADD_PHONE CInatte39  775-029-2707
ADD_USER  CInexac96     75 Connor Inexact
ADD_PHONE CInexac96  473-901-0339
ADD_PHONE CInexac96  666-936-6273
ADD_PHONE CInexac96  997-821-8909
ADD_USER  CInlaid53   8267 Caleb Inlaid
ADD_PHONE CInlaid53  986-286-0331
ADD_USER  CInsert32     51 Caroline Insert
ADD_PHONE CInsert32  838-508-8737
ADD_USER  CIntrud47  25329 Carter Intrude
ADD_PHONE CIntrud47  238-516-4697
ADD_PHONE CIntrud47  841-382-4135
ADD_USER  CInvect00   4831 Charlotte Invective
ADD_PHONE CInvect00  252-479-8380
ADD_USER  CJitter20     52 Caleb Jittery
ADD_PHONE CJitter20  027-475-4889
ADD_PHONE CJitter20  291-334-2283
ADD_PHONE CJitter20  800-016-6645
ADD_USER  CKately07     50 Charlotte Katelyn Cousin
ADD_PHONE CKately07  238-691-6310
ADD_PHONE CKately07  571-428-3845
ADD_PHONE CKately07  663-743-9847
ADD_USER  CKeesho16  10437 Christopher Keeshond
ADD_PHONE CKeesho16  091-286-8027
ADD_PHONE CKeesho16  733-362-6431
ADD_USER  CKraut95   36941 Cooper Kraut
ADD_PHONE CKraut95   689-816-8466
ADD_PHONE CKraut95   906-236-1430
ADD_PHONE CKraut95   993-738-5264
ADD_USER  CLaymen41  17161 Caroline Laymen
ADD_PHONE CLaymen41  693-548-8460
ADD_USER  CLyrici11      6 Chase Lyricism
ADD_PHONE CLyrici11  220-341-2374
ADD_PHONE CLyrici11  310-121-7407
ADD_PHONE CLyrici11  495-798-7817
ADD_USER  CMallar49    593 Chloe Mallard
ADD_PHONE CMallar49  424-409-5865
ADD_PHONE CMallar49  605-368-7487
ADD_PHONE CMallar49  913-030-2271
ADD_USER  CManvil90  21379 Connor Manville
ADD_PHONE CManvil90  672-314-1178
ADD_PHONE CManvil90  822-362-3256
ADD_PHONE CManvil90  854-265-5936
ADD_USER  CMason99      11 Carson Mason Cryptanalysis IV
ADD_PHONE CMason99   514-479-5015
ADD_PHONE CMason99   661-182-0181
ADD_PHONE CMason99   755-134-3233
ADD_USER  CMater29     493 Chloe Mater
ADD_PHONE CMater29   262-699-5079
ADD_PHONE CMater29   531-229-0829
ADD_PHONE CMater29   767-639-0247
ADD_USER  CMathem10   1673 Christian Mathematic
ADD_USER  CMolecu23     33 Cole Molecule
ADD_PHONE CMolecu23  094-869-4348
ADD_PHONE CMolecu23  679-302-6791
ADD_PHONE CMolecu23  986-060-0526
ADD_USER  COlivet22   8427 Christian Olivetti
ADD_PHONE COlivet22  215-489-4684
ADD_PHONE COlivet22  294-033-8771
ADD_PHONE COlivet22  386-394-9658
ADD_USER  CPall06       11 Carson Pall
ADD_PHONE CPall06    428-921-7188
ADD_PHONE CPall06    791-701-6432
ADD_USER  CPlumba17   5891 Cameron Plumbate
ADD_PHONE CPlumba17  534-400-0806
ADD_PHONE CPlumba17  560-461-6223
ADD_PHONE CPlumba17  923-286-2836
ADD_USER  CPocket09     91 Chloe Pocket
ADD_PHONE CPocket09  224-894-5234
ADD_USER  CPoster83   8367 Charlotte Posteriori
ADD_USER  CPumpki73  27393 Chase Pumpkinseed
ADD_PHONE CPumpki73  069-274-1848
ADD_PHONE CPumpki73  490-112-2302
ADD_PHONE CPumpki73  604-351-4750
ADD_USER  CPyrote40    646 Charlotte Pyrotechnic
ADD_PHONE CPyrote40  588-156-9883
ADD_USER  CRepubl26     64 Charlotte Republic
ADD_USER  CRuddy63       3 Chloe Ruddy
ADD_PHONE CRuddy63   241-871-6762
ADD_PHONE CRuddy63   350-050-9615
ADD_PHONE CRuddy63   639-204-9064
ADD_USER  CRunge05     200 Caroline Runge
ADD_PHONE CRunge05   285-793-1991
ADD_PHONE CRunge05   690-308-0059
ADD_USER  CRussul53  21156 Chloe Russula
ADD_PHONE CRussul53  298-970-2570
ADD_PHONE CRussul53  981-264-1646
ADD_USER  CSapphi52    460 Caroline Sapphire
ADD_USER  CSeethi48   2738 Chloe Seething
ADD_USER  CSherry33     52 Chloe Sherry
ADD_USER  CSiam13       67 Christopher Siam
ADD_PHONE CSiam13    102-469-1427
ADD_PHONE CSiam13    975-734-4512
ADD_USER  CSnook58    7858 Christopher Snook
ADD_PHONE CSnook58   162-393-0868
ADD_PHONE CSnook58   407-161-5507
ADD_PHONE CSnook58   659-867-3584
ADD_USER  CSplay63    2984 Claire Splay
ADD_PHONE CSplay63   219-352-0505
ADD_PHONE CSplay63   971-397-3752
ADD_USER  CStickp07    380 Christopher Stickpin
ADD_PHONE CStickp07  091-579-5016
ADD_USER  CStudio12     81 Claire Studious
ADD_USER  CSuitor98   7882 Chase Suitor
ADD_PHONE CSuitor98  147-330-8632
ADD_PHONE CSuitor98  801-408-5284
ADD_USER  CTam61     30625 Chloe Tam
ADD_PHONE CTam61     023-023-4545
ADD_PHONE CTam61     371-981-6160
ADD_USER  CToroid09    150 Cameron Toroid MD
ADD_PHONE CToroid09  095-167-1967
ADD_PHONE CToroid09  755-671-4039
ADD_PHONE CToroid09  825-046-2065
ADD_USER  CUpton24     719 Chase Upton
ADD_PHONE CUpton24   633-326-6384
ADD_PHONE CUpton24   857-890-8804
ADD_USER  CVerge37     335 Charlie Verge
ADD_PHONE CVerge37   014-074-0672
ADD_PHONE CVerge37   208-468-3835
ADD_USER  CWakeup47   9073 Chloe Wakeup
ADD_USER  CWed73       123 Christopher Wed
ADD_PHONE CWed73     378-351-7454
ADD_USER  CYouth27      14 Christian Youth
ADD_PHONE CYouth27   061-064-9391
ADD_PHONE CYouth27   875-781-1789
ADD_USER  CZoroas89     61 Cooper Zoroastrian
ADD_PHONE CZoroas89  353-832-4619
ADD_PHONE CZoroas89  396-841-6210
ADD_PHONE CZoroas89  997-327-2900
ADD_USER  Carson88   10769 Carson
ADD_USER  DAllott77    730 Daniel Allotted
ADD_USER  DArchip00    533 Dylan Archipelago
ADD_PHONE DArchip00  291-327-8060
ADD_PHONE DArchip00  742-144-2043
ADD_PHONE DArchip00  890-127-1553
ADD_USER  DBiomet21  10424 Dylan Biometrika
ADD_PHONE DBiomet21  238-924-1985
ADD_PHONE DBiomet21  457-563-4090
ADD_PHONE DBiomet21  792-319-0695
ADD_USER  DBrough56     61 David Brought
ADD_USER  DCalcul33    838 Daniel Calculus Esq
ADD_PHONE DCalcul33  106-495-6647
ADD_USER  DChesap53     78 David Chesapeake
ADD_PHONE DChesap53  352-802-1034
ADD_PHONE DChesap53  893-663-7745
ADD_USER  DConduc86    194 David Conducive
ADD_PHONE DConduc86  282-480-5506
ADD_PHONE DConduc86  703-691-9627
ADD_USER  DCotyle54  23403 Daniel Cotyledon
ADD_PHONE DCotyle54  942-138-9174
ADD_USER  DCowpok78     40 David Cowpoke
ADD_PHONE DCowpok78  230-557-1396
ADD_PHONE DCowpok78  357-759-4721
ADD_USER  DFeast19       9 Dylan Feast
ADD_PHONE DFeast19   698-656-4335
ADD_USER  DInnume91    823 David Innumerable
ADD_PHONE DInnume91  226-427-2807
ADD_PHONE DInnume91  868-871-9395
ADD_USER  DIsaac90       0 David Isaac Tahoe MD
ADD_USER  DLucy95     2898 Dylan Lucy
ADD_PHONE DLucy95    302-433-3335
ADD_PHONE DLucy95    731-206-1112
ADD_USER  DMaiden43     62 Dontonio Maiden
ADD_PHONE DMaiden43  567-819-5993
ADD_PHONE DMaiden43  849-598-5211
ADD_USER  DManage57     37 Dontonio Manage
ADD_USER  DMatria67  28659 Dylan Matriarchal
ADD_USER  DNiggar21    828 David Niggardly
ADD_PHONE DNiggar21  239-996-1305
ADD_PHONE DNiggar21  491-340-3869
ADD_PHONE DNiggar21  494-037-5501
ADD_USER  DObscur59   3599 Daniel Obscure
ADD_PHONE DObscur59  338-577-6304
ADD_PHONE DObscur59  609-406-1915
ADD_PHONE DObscur59  848-454-0052
ADD_USER  DOliver11  47816 Dylan Oliver Expression
ADD_PHONE DOliver11  617-079-9923
ADD_PHONE DOliver11  815-301-8702
ADD_PHONE DOliver11  998-934-2612
ADD_USER  DPliny09      62 David Pliny
ADD_PHONE DPliny09   480-220-7422
ADD_USER  DPurloi82    423 Dylan Purloin IV
ADD_USER  DRidgep08  45789 Dylan Ridgepole
ADD_PHONE DRidgep08  015-050-3052
ADD_PHONE DRidgep08  567-773-2159
ADD_USER  DShove91      86 Dylan Shove
ADD_PHONE DShove91   612-872-9336
ADD_USER  DSlip03    49101 David Slip
ADD_PHONE DSlip03    142-853-2481
ADD_PHONE DSlip03    326-307-1584
ADD_USER  DSpinal50  31971 David Spinal
ADD_PHONE DSpinal50  112-636-0120
ADD_PHONE DSpinal50  334-005-0841
ADD_USER  DSteed66    9562 Daniel Steed
ADD_PHONE DSteed66   122-377-2259
ADD_PHONE DSteed66   496-886-6253
ADD_PHONE DSteed66   990-573-1713
ADD_USER  DSubsid90     71 Dylan Subsidy
ADD_PHONE DSubsid90  392-008-8870
ADD_PHONE DSubsid90  656-254-2341
ADD_PHONE DSubsid90  984-681-7719
ADD_USER  DTopsoi49    733 David Topsoil
ADD_PHONE DTopsoi49  783-069-4913
ADD_PHONE DTopsoi49  881-374-7299
ADD_USER  EAnatol43   9477 Emma Anatole
ADD_USER  EAnkara41  40904 Ella Ankara
ADD_PHONE EAnkara41  010-153-3928
ADD_PHONE EAnkara41  661-832-6949
ADD_PHONE EAnkara41  812-571-1338
ADD_USER  EAutocr57  33581 Eva Autocratic
ADD_USER  EBailey01  31275 Emily Bailey Secretive
ADD_USER  EBakery11   2612 Elizabeth Bakery
ADD_PHONE EBakery11  378-108-0341
ADD_USER  EBedspr68  11878 Emma Bedspread
ADD_USER  EBereft45   2409 Ella Bereft
ADD_PHONE EBereft45  135-381-0215
ADD_PHONE EBereft45  294-212-4175
ADD_PHONE EBereft45  448-729-2133
ADD_USER  EBrookl01    451 Ella Brooklyn Gymnasium
ADD_USER  ECarob79      46 Evelyn Carob
ADD_PHONE ECarob79   043-277-4351
ADD_USER  ECatsup17  38243 Eva Catsup
ADD_USER  EConfor25    381 Ella Conformance
ADD_PHONE EConfor25  587-087-7075
ADD_USER  ECorn38      322 Ella Corn
ADD_PHONE ECorn38    475-039-2298
ADD_USER  EDecemb85    756 Emily December
ADD_PHONE EDecemb85  030-558-4186
ADD_PHONE EDecemb85  335-337-6666
ADD_PHONE EDecemb85  478-917-5121
ADD_USER  EDecree38     11 Elizabeth Decreeing
ADD_PHONE EDecree38  525-691-7902
ADD_USER  EDelphi44    254 Elijah Delphic
ADD_USER  EDelphi91     91 Eli Delphine
ADD_PHONE EDelphi91  226-295-2816
ADD_PHONE EDelphi91  632-693-0730
ADD_USER  EDeniab27     85 Eva Deniable
ADD_USER  EElsevi40    587 Ellie Elsevier
ADD_PHONE EElsevi40  728-326-0774
ADD_USER  EFragme80  12728 Elijah Fragmentation
ADD_PHONE EFragme80  476-743-8346
ADD_PHONE EFragme80  782-021-4470
ADD_USER  EFuncto34   2446 Emma Functorial
ADD_PHONE EFuncto34  599-314-2495
ADD_PHONE EFuncto34  714-726-4102
ADD_USER  EFundam76    421 Elijah Fundamental
ADD_USER  EHappy55       7 Evan Happy
ADD_USER  EHill67     8131 Eva Hill
ADD_USER  EHomema28   8718 Emily Homemade
ADD_PHONE EHomema28  066-449-7259
ADD_PHONE EHomema28  151-193-1545
ADD_USER  EHonest61    206 Emma Honesty
ADD_PHONE EHonest61  628-865-6725
ADD_USER  EHuff30       88 Eli Huff
ADD_PHONE EHuff30    026-078-8760
ADD_PHONE EHuff30    027-475-2653
ADD_PHONE EHuff30    187-952-8413
ADD_USER  EIndeli86     76 Ella Indelible
ADD_PHONE EIndeli86  023-449-2651
ADD_PHONE EIndeli86  301-283-4311
ADD_PHONE EIndeli86  951-468-5968
ADD_USER  ELeonid85     60 Evan Leonid
ADD_PHONE ELeonid85  041-469-8431
ADD_PHONE ELeonid85  407-001-2533
ADD_PHONE ELeonid85  909-196-5438
ADD_USER  ELew19       541 Ellie Lew
ADD_PHONE ELew19     095-268-2322
ADD_PHONE ELew19     277-584-1748
ADD_PHONE ELew19     986-061-3955
ADD_USER  ELingui29   6120 Eva Linguist
ADD_PHONE ELingui29  171-558-9364
ADD_PHONE ELingui29  434-821-0158
ADD_PHONE ELingui29  989-417-2534
ADD_USER  ELinoty79   3808 Elijah Linotype
ADD_PHONE ELinoty79  550-487-0475
ADD_PHONE ELinoty79  593-172-9705
ADD_PHONE ELinoty79  999-160-6055
ADD_USER  ELocuti59    403 Eli Locution Esq
ADD_PHONE ELocuti59  582-653-7065
ADD_PHONE ELocuti59  713-530-3821
ADD_PHONE ELocuti59  753-104-2926
ADD_USER  ELucy37    14768 Ella Lucy Tsar
ADD_USER  EMajor60     780 Ellie Major
ADD_USER  ENave37       59 Evelyn Nave
ADD_PHONE ENave37    589-383-8927
ADD_PHONE ENave37    599-670-5089
ADD_USER  EOak84        91 Emma Oak
ADD_PHONE EOak84     069-685-3218
ADD_PHONE EOak84     771-287-9549
ADD_USER  EOffsho84     20 Emma Offshore
ADD_PHONE EOffsho84  460-684-8591
ADD_PHONE EOffsho84  685-939-1841
ADD_PHONE EOffsho84  733-717-8621
ADD_USER  EOpera18     905 Evelyn Opera
ADD_PHONE EOpera18   320-187-4055
ADD_PHONE EOpera18   539-450-4615
ADD_USER  EPatria16      1 Evan Patriarchy
ADD_PHONE EPatria16  049-918-0849
ADD_USER  EPediat15   2565 Eva Pediatrician
ADD_USER  EPernic52     36 Elizabeth Pernicious
ADD_PHONE EPernic52  251-976-9376
ADD_PHONE EPernic52  802-831-7741
ADD_PHONE EPernic52  862-793-2999
ADD_USER  EPeyton44   8508 Elizabeth Peyton Murre
ADD_USER  EPleura49     42 Evan Pleura
ADD_PHONE EPleura49  055-833-5563
ADD_PHONE EPleura49  123-436-0631
ADD_PHONE EPleura49  322-863-7669
ADD_USER  EPuccin96    950 Ellie Puccini
ADD_PHONE EPuccin96  486-339-1197
ADD_USER  EQuadra82     69 Evan Quadratic
ADD_PHONE EQuadra82  053-857-2359
ADD_PHONE EQuadra82  290-646-6559
ADD_PHONE EQuadra82  693-245-3378
ADD_USER  ERaisin66   4304 Emily Raisin
ADD_PHONE ERaisin66  338-047-8761
ADD_PHONE ERaisin66  521-014-0821
ADD_USER  EReedy49     779 Eli Reedy
ADD_PHONE EReedy49   150-345-4174
ADD_PHONE EReedy49   822-366-8551
ADD_USER  ERegina04   9738 Eva Reginald
ADD_PHONE ERegina04  760-720-6543
ADD_USER  ERicksh80     53 Evan Rickshaw MD
ADD_PHONE ERicksh80  414-882-5004
ADD_PHONE ERicksh80  603-473-7239
ADD_PHONE ERicksh80  669-795-3537
ADD_USER  ERipe65     7947 Elijah Ripe
ADD_PHONE ERipe65    037-932-0336
ADD_USER  ESandhi90     91 Eli Sandhill III
ADD_USER  ESavann04    254 Eva Savannah Heusen
ADD_PHONE ESavann04  167-023-2557
ADD_PHONE ESavann04  370-764-6336
ADD_USER  EScound03    737 Eva Scoundrel
ADD_USER  ESeries00   5228 Emma Series
ADD_PHONE ESeries00  424-666-2947
ADD_PHONE ESeries00  540-236-2158
ADD_USER  ESherlo58  42778 Ellie Sherlock
ADD_PHONE ESherlo58  625-082-8640
ADD_USER  EShmuel78    847 Eva Shmuel
ADD_PHONE EShmuel78  449-926-6654
ADD_PHONE EShmuel78  902-480-1492
ADD_USER  ESqueeg21     39 Ella Squeegee
ADD_PHONE ESqueeg21  200-195-3975
ADD_PHONE ESqueeg21  536-222-1183
ADD_USER  EStank02     382 Elizabeth Stank Esq
ADD_PHONE EStank02   753-162-5658
ADD_USER  ESurrea87    554 Emma Surreal
ADD_PHONE ESurrea87  203-184-8109
ADD_PHONE ESurrea87  559-393-8913
ADD_PHONE ESurrea87  621-968-1736
ADD_USER  EVerbos81  25876 Eva Verbose
ADD_PHONE EVerbos81  688-215-7128
ADD_USER  EVictor55     94 Ellie Victoria Lexington
ADD_PHONE EVictor55  997-465-8353
ADD_USER  EVirtua21     76 Evelyn Virtual
ADD_PHONE EVirtua21  483-376-3688
ADD_PHONE EVirtua21  958-779-8832
ADD_USER  EWoods33     152 Ella Woods
ADD_PHONE EWoods33   278-288-3343
ADD_PHONE EWoods33   829-187-8600
ADD_USER  EZilch24      32 Eva Zilch
ADD_PHONE EZilch24   395-478-5898
ADD_PHONE EZilch24   555-206-2561
ADD_PHONE EZilch24   567-539-2104
ADD_USER  GAlong75    2435 Grace Along
ADD_PHONE GAlong75   374-881-2835
ADD_PHONE GAlong75   898-692-8310
ADD_USER  GAndrew26     77 Gabriel Andrew Buddhist
ADD_PHONE GAndrew26  084-953-1779
ADD_PHONE GAndrew26  516-571-1708
ADD_USER  GApport82     28 Grace Apport
ADD_PHONE GApport82  461-569-3603
ADD_PHONE GApport82  686-210-6509
ADD_USER  GCeres70      43 Gabriella Ceres
ADD_PHONE GCeres70   370-947-8361
ADD_PHONE GCeres70   734-596-5495
ADD_USER  GCharli65  20149 Gabriel Charlie Thrombosis
ADD_PHONE GCharli65  958-854-3527
ADD_USER  GChecks44  14607 Gianna Checksum
ADD_PHONE GChecks44  966-730-5725
ADD_USER  GClaire04   5872 Gabriella Claire Hendrickson
ADD_PHONE GClaire04  165-032-7038
ADD_PHONE GClaire04  254-277-2864
ADD_PHONE GClaire04  271-290-6441
ADD_USER  GCogent55    100 Gabriel Cogent
ADD_PHONE GCogent55  007-127-3697
ADD_PHONE GCogent55  571-813-8649
ADD_USER  GConsis65    550 Gavin Consistent
ADD_PHONE GConsis65  460-638-6881
ADD_PHONE GConsis65  692-436-9040
ADD_USER  GConvol74  43252 Gianna Convolve
ADD_PHONE GConvol74  285-031-6758
ADD_PHONE GConvol74  767-264-7174
ADD_PHONE GConvol74  979-257-6887
ADD_USER  GCrucif91  25068 Gavin Crucifixion MD
ADD_PHONE GCrucif91  578-381-0056
ADD_PHONE GCrucif91  929-443-5782
ADD_USER  GDemitt76    909 Gabriel Demitted
ADD_PHONE GDemitt76  682-198-6192
ADD_PHONE GDemitt76  722-461-9868
ADD_PHONE GDemitt76  796-957-8635
ADD_USER  GDiabas03   6853 Gabriel Diabase
ADD_USER  GElectr38     43 Gabriel Electroencephalogram
ADD_PHONE GElectr38  125-865-4909
ADD_PHONE GElectr38  442-846-2755
ADD_PHONE GElectr38  647-999-0738
ADD_USER  GEterna88     44 Gabriella Eternal
ADD_PHONE GEterna88  571-635-3492
ADD_PHONE GEterna88  822-318-1954
ADD_USER  GExpect34   7399 Grace Expectant
ADD_PHONE GExpect34  298-027-0012
ADD_USER  GGovern94   6693 Gabriella Govern
ADD_USER  GImpres41     62 Grace Impressive
ADD_PHONE GImpres41  015-774-0916
ADD_PHONE GImpres41  267-170-4590
ADD_USER  GInacti80   2400 Grace Inactivate
ADD_USER  GMoment34   9810 Gavin Moment
ADD_PHONE GMoment34  634-044-9955
ADD_PHONE GMoment34  718-252-6609
ADD_USER  GNoah13    32107 Gavin Noah Pfizer
ADD_PHONE GNoah13    770-971-3621
ADD_PHONE GNoah13    963-019-0897
ADD_USER  GOwing72   33059 Gabriella Owing
ADD_PHONE GOwing72   716-911-6266
ADD_USER  GPeat01      340 Gianna Peat
ADD_USER  GPhonol51     21 Gabriel Phonology
ADD_PHONE GPhonol51  058-915-2295
ADD_USER  GRecher18  15735 Gianna Recherche
ADD_USER  GSexual49   6572 Gabriella Sexual
ADD_USER  GStarle80    115 Gavin Starlet
ADD_USER  GStrobe03   3561 Grace Strobe
ADD_PHONE GStrobe03  688-173-7021
ADD_PHONE GStrobe03  809-414-4891
ADD_PHONE GStrobe03  914-665-3795
ADD_USER  GSupine67     88 Grace Supine
ADD_PHONE GSupine67  186-463-3525
ADD_PHONE GSupine67  791-074-4464
ADD_USER  GSyndic36    351 Gavin Syndicate
ADD_PHONE GSyndic36  331-006-4540
ADD_PHONE GSyndic36  719-004-7122
ADD_USER  GTechni79   6887 Grace Technic
ADD_USER  GWallop09    314 Gabriel Wallop
ADD_PHONE GWallop09  450-929-1924
ADD_PHONE GWallop09  532-577-8360
ADD_PHONE GWallop09  688-937-7847
ADD_USER  GWestbo26   4039 Gavin Westbound
ADD_PHONE GWestbo26  114-511-9123
ADD_PHONE GWestbo26  260-817-2003
ADD_PHONE GWestbo26  513-860-9660
ADD_USER  Gianna00     675 Gianna
ADD_USER  HAdam88       77 Henry Adam Pal
ADD_USER  HAnisot26   6314 Hannah Anisotropy
ADD_PHONE HAnisot26  269-355-1212
ADD_PHONE HAnisot26  694-143-0009
ADD_PHONE HAnisot26  697-137-9268
ADD_USER  HBearbe51   1814 Henry Bearberry Esq
ADD_PHONE HBearbe51  327-587-5054
ADD_USER  HBertra69   4918 Hunter Bertrand
ADD_USER  HBlock67     385 Hunter Block
ADD_PHONE HBlock67   006-289-9704
ADD_PHONE HBlock67   736-686-1965
ADD_PHONE HBlock67   770-831-9130
ADD_USER  HCole10     1319 Henry Cole Portsmouth
ADD_PHONE HCole10    584-355-4672
ADD_PHONE HCole10    710-870-5581
ADD_USER  HCrisp87      32 Hunter Crisp
ADD_PHONE HCrisp87   149-789-6793
ADD_USER  HCypres93    696 Hannah Cypress
ADD_PHONE HCypres93  059-504-7781
ADD_USER  HDey63      5867 Hailey Dey
ADD_PHONE HDey63     001-960-5922
ADD_USER  HDuopol42  30975 Hannah Duopoly
ADD_PHONE HDuopol42  788-047-5971
ADD_PHONE HDuopol42  902-018-3195
ADD_USER  HElabor04    996 Hailey Elaborate
ADD_PHONE HElabor04  225-627-3021
ADD_USER  HFishmo96    915 Hunter Fishmonger
ADD_PHONE HFishmo96  465-227-6832
ADD_PHONE HFishmo96  581-813-2961
ADD_PHONE HFishmo96  643-605-8273
ADD_USER  HFitchb94    816 Hunter Fitchburg
ADD_PHONE HFitchb94  064-275-0397
ADD_PHONE HFitchb94  685-877-4691
ADD_PHONE HFitchb94  772-271-6036
ADD_USER  HGantry74     64 Henry Gantry
ADD_USER  HGenera89     27 Henry Genera
ADD_PHONE HGenera89  313-961-0543
ADD_USER  HGrace16    4080 Hannah Grace Flyway
ADD_USER  HHearth28   7063 Hailey Hearth
ADD_PHONE HHearth28  072-052-4425
ADD_PHONE HHearth28  123-326-7368
ADD_PHONE HHearth28  843-618-9500
ADD_USER  HHeidel33    751 Hailey Heidelberg
ADD_PHONE HHeidel33  681-271-0780
ADD_USER  HHideou21     49 Hunter Hideous
ADD_PHONE HHideou21  000-384-8571
ADD_PHONE HHideou21  892-479-1741
ADD_USER  HIndica22     16 Hunter Indicate
ADD_PHONE HIndica22  881-553-1460
ADD_USER  HLightn47    301 Henry Lightning
ADD_PHONE HLightn47  600-192-1463
ADD_USER  HMailma35    349 Henry Mailman
ADD_PHONE HMailma35  018-921-8769
ADD_PHONE HMailma35  852-549-3287
ADD_USER  HMoneta94  42381 Hunter Monetary
ADD_USER  HMonrov26     52 Hannah Monrovia
ADD_PHONE HMonrov26  762-047-7564
ADD_PHONE HMonrov26  994-928-2591
ADD_USER  HMuskel68    607 Henry Muskellunge
ADD_PHONE HMuskel68  365-754-5177
ADD_USER  HNude22       76 Hunter Nude
ADD_PHONE HNude22    224-068-8077
ADD_PHONE HNude22    300-429-0951
ADD_PHONE HNude22    609-442-6709
ADD_USER  HPerish53     98 Hailey Perish
ADD_PHONE HPerish53  631-771-8100
ADD_USER  HPhonic37      2 Henry Phonic
ADD_USER  HRetroa69   8909 Hunter Retroactive
ADD_USER  HSensuo64      1 Henry Sensuous
ADD_PHONE HSensuo64  114-670-4700
ADD_PHONE HSensuo64  487-929-3772
ADD_PHONE HSensuo64  678-587-9484
ADD_USER  HSloane23   3760 Hailey Sloane
ADD_PHONE HSloane23  022-998-9436
ADD_PHONE HSloane23  442-407-0417
ADD_PHONE HSloane23  979-357-7417
ADD_USER  HTeetot87    449 Henry Teetotal
ADD_PHONE HTeetot87  223-991-9538
ADD_PHONE HTeetot87  263-359-6894
ADD_PHONE HTeetot87  853-501-4670
ADD_USER  HThereo50  48291 Hailey Thereon
ADD_PHONE HThereo50  019-352-1355
ADD_PHONE HThereo50  491-011-8889
ADD_PHONE HThereo50  903-491-4025
ADD_USER  HTrypsi58   1909 Hannah Trypsin
ADD_USER  HTurvy71      96 Hannah Turvy
ADD_PHONE HTurvy71   049-820-4999
ADD_PHONE HTurvy71   243-171-8404
ADD_PHONE HTurvy71   333-044-4987
ADD_USER  HWangle24    354 Henry Wangle
ADD_PHONE HWangle24  486-164-3313
ADD_PHONE HWangle24  619-372-9560
ADD_USER  HWorry53     350 Hailey Worry
ADD_PHONE HWorry53   130-414-3336
ADD_PHONE HWorry53   254-455-0365
ADD_PHONE HWorry53   368-474-8409
ADD_USER  IAcadem07  16061 Isaac Academia
ADD_PHONE IAcadem07  581-923-6933
ADD_PHONE IAcadem07  812-429-4495
ADD_USER  IAccess61  40040 Ian Accession
ADD_PHONE IAccess61  126-505-1201
ADD_PHONE IAccess61  557-021-9017
ADD_USER  IAndrew58    376 Ian Andrew Silverman
ADD_USER  IBlackm84     64 Isaiah Blackmail III
ADD_PHONE IBlackm84  002-163-2430
ADD_PHONE IBlackm84  096-182-3164
ADD_PHONE IBlackm84  230-035-6277
ADD_USER  IBourba48    270 Isaiah Bourbaki
ADD_PHONE IBourba48  143-550-4375
ADD_PHONE IBourba48  772-871-1391
ADD_USER  IBuena92      43 Isaiah Buena
ADD_USER  IBunkma16     42 Isaac Bunkmate
ADD_PHONE IBunkma16  571-945-6642
ADD_PHONE IBunkma16  955-905-4582
ADD_USER  IChaunc04   9998 Isabelle Chauncey MD
ADD_PHONE IChaunc04  488-416-0153
ADD_USER  IChloe80   12646 Isabella Chloe Flashback
ADD_USER  IDelve73      18 Ian Delve
ADD_USER  IEveryb06     33 Isaac Everybody
ADD_PHONE IEveryb06  403-418-1466
ADD_PHONE IEveryb06  733-496-3373
ADD_PHONE IEveryb06  751-389-0312
ADD_USER  IFettle70  47471 Isaiah Fettle
ADD_USER  IGargle28   2280 Isabella Gargle
ADD_USER  IGreenb84    906 Isaac Greenbriar
ADD_PHONE IGreenb84  964-696-4026
ADD_PHONE IGreenb84  997-569-8049
ADD_USER  IInsens49  19200 Isabelle Insensitive
ADD_PHONE IInsens49  345-664-6677
ADD_PHONE IInsens49  551-236-3867
ADD_PHONE IInsens49  712-134-2744
ADD_USER  ILongfe89  16272 Isabella Longfellow
ADD_PHONE ILongfe89  218-070-6256
ADD_PHONE ILongfe89  744-314-3835
ADD_USER  ILowlan88   5300 Isabelle Lowland
ADD_PHONE ILowlan88  321-661-9877
ADD_USER  IMule23      800 Ian Mule
ADD_USER  INot53        90 Isaiah Not
ADD_USER  INyc65       161 Ian Nyc
ADD_PHONE INyc65     892-267-6840
ADD_USER  IPergam61  34025 Isabelle Pergamon
ADD_PHONE IPergam61  570-069-8938
ADD_USER  IPerle22      58 Isaiah Perle
ADD_PHONE IPerle22   055-017-4262
ADD_PHONE IPerle22   161-372-3653
ADD_PHONE IPerle22   798-589-4950
ADD_USER  ISadie14    9179 Isabelle Sadie
ADD_PHONE ISadie14   121-008-6155
ADD_PHONE ISadie14   416-446-1369
ADD_PHONE ISadie14   644-011-8490
ADD_USER  ISaid91      108 Isaiah Said
ADD_PHONE ISaid91    154-576-9772
ADD_PHONE ISaid91    367-296-4400
ADD_USER  ISarah47      65 Isabelle Sarah Vale
ADD_PHONE ISarah47   163-526-2929
ADD_PHONE ISarah47   426-238-1401
ADD_USER  ISulfat09  28199 Isabelle Sulfate
ADD_PHONE ISulfat09  476-061-6480
ADD_USER  IThousa09  19881 Ian Thousand
ADD_PHONE IThousa09  579-746-1085
ADD_PHONE IThousa09  718-400-6284
ADD_PHONE IThousa09  909-923-1833
ADD_USER  ITucson93  16840 Isaiah Tucson
ADD_PHONE ITucson93  504-524-3150
ADD_PHONE ITucson93  832-739-8531
ADD_USER  IVelar73   19809 Isabella Velar
ADD_PHONE IVelar73   472-057-2044
ADD_PHONE IVelar73   514-555-6325
ADD_USER  IVoltai60   4101 Ian Voltaic
ADD_USER  IWalton24    443 Ian Walton
ADD_USER  IYukon03      61 Isabella Yukon
ADD_PHONE IYukon03   182-127-1990
ADD_PHONE IYukon03   785-240-7479
ADD_USER  JAbeyan90    825 James Abeyant MD
ADD_PHONE JAbeyan90  183-374-0846
ADD_PHONE JAbeyan90  220-675-3936
ADD_PHONE JAbeyan90  713-429-6937
ADD_USER  JAccost80   5582 Jayden Accost Esq
ADD_PHONE JAccost80  304-603-3154
ADD_PHONE JAccost80  505-797-1021
ADD_USER  JAffere09    489 Jayden Afferent
ADD_PHONE JAffere09  033-789-9477
ADD_PHONE JAffere09  541-685-3382
ADD_PHONE JAffere09  556-513-9183
ADD_USER  JAllian58    215 Jordan Alliance
ADD_PHONE JAllian58  033-644-3398
ADD_PHONE JAllian58  520-514-4369
ADD_USER  JArabes82     44 James Arabesque
ADD_PHONE JArabes82  472-232-6898
ADD_PHONE JArabes82  631-712-9566
ADD_PHONE JArabes82  829-006-6961
ADD_USER  JArmpit73  39075 John Armpit
ADD_PHONE JArmpit73  214-755-8068
ADD_PHONE JArmpit73  572-863-6097
ADD_PHONE JArmpit73  730-254-8472
ADD_USER  JAssert40    261 Jordan Assert
ADD_USER  JBamboo66    373 Jayden Bamboo
ADD_PHONE JBamboo66  126-388-3749
ADD_PHONE JBamboo66  285-062-2551
ADD_USER  JBenjam03     85 Julian Benjamin Susceptible
ADD_PHONE JBenjam03  350-129-9936
ADD_USER  JBenjam74     69 James Benjamin
ADD_PHONE JBenjam74  299-403-0906
ADD_PHONE JBenjam74  322-072-9890
ADD_PHONE JBenjam74  636-826-4137
ADD_USER  JBerlit41   8930 Jacob Berlitz
ADD_PHONE JBerlit41  671-906-6890
ADD_USER  JBiddy95     107 Julia Biddy
ADD_PHONE JBiddy95   518-669-9944
ADD_USER  JBlake48      13 Joshua Blake Tale MD
ADD_USER  JBliste08    986 Jayden Blister
ADD_PHONE JBliste08  372-346-2772
ADD_USER  JBlutwu31     61 Jackson Blutwurst
ADD_PHONE JBlutwu31  289-984-8369
ADD_USER  JBolton09     76 Julia Bolton
ADD_USER  JBrody60     790 John Brody Duckling
ADD_USER  JCapaci13    545 Jayden Capacitate Esq
ADD_USER  JCarcin01  31744 Joshua Carcinogen
ADD_PHONE JCarcin01  457-250-5619
ADD_USER  JChina12     343 James China
ADD_PHONE JChina12   132-430-2649
ADD_PHONE JChina12   572-221-5142
ADD_PHONE JChina12   972-051-8567
ADD_USER  JContam30   2072 Jordan Contaminate
ADD_PHONE JContam30  075-029-0951
ADD_PHONE JContam30  964-388-9852
ADD_USER  JCoulom86    339 James Coulomb
ADD_PHONE JCoulom86  469-489-3438
ADD_USER  JCourty18     25 Joshua Courtyard
ADD_USER  JCurbsi33    203 Jordan Curbside
ADD_PHONE JCurbsi33  151-352-9449
ADD_PHONE JCurbsi33  395-639-6745
ADD_PHONE JCurbsi33  774-879-6291
ADD_USER  JDivide98  38469 Joshua Divide
ADD_USER  JDobbin61    495 Jake Dobbin
ADD_PHONE JDobbin61  133-059-8159
ADD_USER  JDonton56   8363 Jack Dontonio Gather
ADD_PHONE JDonton56  838-817-7041
ADD_USER  JDummy36     358 Jordan Dummy
ADD_PHONE JDummy36   827-381-1602
ADD_USER  JEmploy15   4049 Joseph Employed MD
ADD_PHONE JEmploy15  914-131-1435
ADD_PHONE JEmploy15  975-099-8100
ADD_USER  JFilthy25    559 Jonathan Filthy
ADD_USER  JFlaxen97     35 Jacob Flaxen
ADD_PHONE JFlaxen97  270-663-8173
ADD_PHONE JFlaxen97  372-818-1709
ADD_PHONE JFlaxen97  551-430-6062
ADD_USER  JFrustr98  16550 Jonathan Frustrate
ADD_PHONE JFrustr98  008-372-4839
ADD_PHONE JFrustr98  299-996-6482
ADD_PHONE JFrustr98  383-123-7248
ADD_USER  JGarbag58    460 Julia Garbage
ADD_USER  JGeomet57  32937 Joseph Geometrician
ADD_PHONE JGeomet57  282-631-5217
ADD_PHONE JGeomet57  509-560-1619
ADD_PHONE JGeomet57  807-073-8784
ADD_USER  JGibe85       37 Julian Gibe
ADD_PHONE JGibe85    528-480-2058
ADD_USER  JGlauco69  46118 Joshua Glaucous
ADD_USER  JGraham07   6969 Jake Graham
ADD_PHONE JGraham07  782-585-2007
ADD_PHONE JGraham07  834-869-4935
ADD_PHONE JGraham07  918-207-4016
ADD_USER  JGunner50    940 Jayden Gunnery
ADD_PHONE JGunner50  653-909-1359
ADD_PHONE JGunner50  655-024-4400
ADD_USER  JHardha36  23086 Jacob Hardhat
ADD_PHONE JHardha36  300-114-3289
ADD_USER  JHillsi37    275 James Hillside
ADD_PHONE JHillsi37  665-402-9153
ADD_PHONE JHillsi37  701-225-9141
ADD_PHONE JHillsi37  904-146-3951
ADD_USER  JHobbyh39    973 Jacob Hobbyhorse
ADD_PHONE JHobbyh39  125-724-3245
ADD_PHONE JHobbyh39  902-594-5388
ADD_USER  JHomunc19  38738 Julian Homunculus
ADD_USER  JHomunc64  33362 Jackson Homunculus
ADD_USER  JHorsew96    683 Joseph Horsewoman
ADD_PHONE JHorsew96  545-303-9909
ADD_PHONE JHorsew96  632-886-9284
ADD_PHONE JHorsew96  640-656-3349
ADD_USER  JIII11      8241 Jayden III
ADD_PHONE JIII11     621-009-8788
ADD_PHONE JIII11     659-482-9559
ADD_USER  JIllume94  19043 Jacob Illume
ADD_PHONE JIllume94  261-311-2371
ADD_USER  JInclos71   5604 Jacob Inclose
ADD_USER  JInsubs11   1660 Joseph Insubstantial
ADD_PHONE JInsubs11  038-505-9278
ADD_PHONE JInsubs11  665-172-5857
ADD_USER  JIrrepr73    637 Julia Irreproachable
ADD_PHONE JIrrepr73  259-523-8088
ADD_PHONE JIrrepr73  917-856-2253
ADD_USER  JLapse27   33752 Jonathan Lapse
ADD_PHONE JLapse27   607-030-7826
ADD_PHONE JLapse27   746-753-2388
ADD_USER  JLenin67    6017 Joseph Lenin
ADD_PHONE JLenin67   999-431-8655
ADD_USER  JLewd59       66 John Lewd
ADD_USER  JManusc92   5237 Jacob Manuscript
ADD_USER  JMedici57    362 Jacob Medici
ADD_PHONE JMedici57  249-321-5345
ADD_PHONE JMedici57  681-060-8727
ADD_USER  JMercen60    734 Jayden Mercenary
ADD_PHONE JMercen60  165-680-9773
ADD_USER  JMorpho66  30026 John Morphology
ADD_USER  JNab68        61 Jonathan Nab
ADD_PHONE JNab68     157-616-8537
ADD_PHONE JNab68     344-186-1825
ADD_PHONE JNab68     880-504-6872
ADD_USER  JNautil82      1 Joseph Nautilus
ADD_USER  JNiche69       6 Jack Niche
ADD_USER  JNimble23    703 Joseph Nimble
ADD_PHONE JNimble23  067-004-1710
ADD_USER  JOliver49   5392 Jayden Oliver Bricklaying
ADD_PHONE JOliver49  255-484-5071
ADD_PHONE JOliver49  998-910-5901
ADD_USER  JOman40      684 Jack Oman
ADD_PHONE JOman40    472-938-4099
ADD_USER  JPanda53      64 Jake Panda
ADD_USER  JPasser35  13688 Jacob Passer
ADD_PHONE JPasser35  428-563-9877
ADD_PHONE JPasser35  556-642-3159
ADD_PHONE JPasser35  799-921-0162
ADD_USER  JPicojo44    627 Jordan Picojoule
ADD_PHONE JPicojo44  262-349-5080
ADD_PHONE JPicojo44  335-230-0010
ADD_PHONE JPicojo44  559-139-8423
ADD_USER  JRiboso21     42 John Ribosome
ADD_USER  JServil99   5987 Julia Servile
ADD_USER  JShiloh36  34581 Jordan Shiloh
ADD_PHONE JShiloh36  647-479-6309
ADD_PHONE JShiloh36  955-866-2269
ADD_USER  JSib18        81 John Sib
ADD_PHONE JSib18     321-562-4752
ADD_USER  JSnook92     805 Jayden Snook
ADD_PHONE JSnook92   776-648-2967
ADD_USER  JSociet11   4429 Joseph Societe
ADD_PHONE JSociet11  203-404-1286
ADD_USER  JSunset34   8667 Jake Sunset
ADD_PHONE JSunset34  759-197-5085
ADD_PHONE JSunset34  956-412-7856
ADD_USER  JSyring32    892 Jayden Syringe
ADD_PHONE JSyring32  405-235-3833
ADD_PHONE JSyring32  521-958-8118
ADD_PHONE JSyring32  578-638-7000
ADD_USER  JTantru13    698 Jonathan Tantrum IV
ADD_PHONE JTantru13  774-165-3510
ADD_USER  JTelesc32  46384 James Telescopic
ADD_USER  JTerato95     64 Joshua Teratology Jr
ADD_USER  JTrioxi71    516 Jake Trioxide
ADD_USER  JTripod24   4598 Julian Tripod
ADD_PHONE JTripod24  105-034-2536
ADD_PHONE JTripod24  397-186-0137
ADD_PHONE JTripod24  532-155-9763
ADD_USER  JTrista92     73 Jake Tristan Suzanne
ADD_USER  JTurgid96    745 Jake Turgid
ADD_PHONE JTurgid96  154-830-0463
ADD_PHONE JTurgid96  743-661-9774
ADD_PHONE JTurgid96  967-485-0041
ADD_USER  JWash79    30932 Jake Wash
ADD_PHONE JWash79    824-294-2826
ADD_PHONE JWash79    870-520-2080
ADD_USER  JWatana05   6220 Jackson Watanabe
ADD_PHONE JWatana05  507-944-4395
ADD_PHONE JWatana05  782-775-2997
ADD_USER  JWednes33     57 Jack Wednesday
ADD_PHONE JWednes33  205-127-9229
ADD_PHONE JWednes33  488-261-8243
ADD_USER  JWhitew11   3305 Jacob Whitewash
ADD_PHONE JWhitew11  046-257-9057
ADD_PHONE JWhitew11  210-905-9550
ADD_PHONE JWhitew11  747-080-1081
ADD_USER  JWillia31     41 Jake William Countrywide
ADD_PHONE JWillia31  243-569-5640
ADD_USER  JWyatt98   30173 Jake Wyatt Sage
ADD_PHONE JWyatt98   754-112-1998
ADD_PHONE JWyatt98   975-819-3395
ADD_USER  Jonatha33   5801 Jonathan
ADD_USER  KAlbert38  42879 Katelyn Alberta
ADD_PHONE KAlbert38  166-395-2254
ADD_PHONE KAlbert38  506-545-7544
ADD_PHONE KAlbert38  994-752-3495
ADD_USER  KAlexan91     56 Kaylee Alexandra Curiosity
ADD_PHONE KAlexan91  041-576-5194
ADD_PHONE KAlexan91  255-132-9093
ADD_PHONE KAlexan91  599-884-5507
ADD_USER  KAmbula10   7567 Kaitlyn Ambulant
ADD_PHONE KAmbula10  404-345-8474
ADD_PHONE KAmbula10  489-982-4137
ADD_USER  KBackpl64   6082 Kate Backplate
ADD_PHONE KBackpl64  709-346-6381
ADD_USER  KCavill90    479 Kaitlyn Cavilling
ADD_PHONE KCavill90  199-591-4470
ADD_PHONE KCavill90  201-095-8427
ADD_PHONE KCavill90  244-976-9730
ADD_USER  KColt05    20052 Kate Colt
ADD_PHONE KColt05    290-874-5886
ADD_PHONE KColt05    534-376-7971
ADD_PHONE KColt05    778-608-4686
ADD_USER  KCommut53    886 Kaitlyn Commutate
ADD_USER  KEpigra04  44365 Kylie Epigram
ADD_PHONE KEpigra04  782-272-0013
ADD_USER  KFall84     1310 Katelyn Fall
ADD_PHONE KFall84    258-222-7776
ADD_PHONE KFall84    904-174-2135
ADD_USER  KFamili25      9 Kaitlyn Familiar
ADD_PHONE KFamili25  534-590-9854
ADD_USER  KFerrei68    108 Kaylee Ferreira
ADD_PHONE KFerrei68  240-721-4225
ADD_PHONE KFerrei68  979-047-2518
ADD_USER  KHistor81     83 Kate History
ADD_PHONE KHistor81  531-291-4560
ADD_USER  KHomunc61  46331 Kate Homunculus
ADD_PHONE KHomunc61  342-246-5792
ADD_PHONE KHomunc61  656-897-6156
ADD_USER  KHorn41     5714 Kate Horn
ADD_PHONE KHorn41    080-804-5854
ADD_PHONE KHorn41    083-839-9075
ADD_PHONE KHorn41    263-892-4982
ADD_USER  KHorn96    36849 Katelyn Horn
ADD_PHONE KHorn96    041-376-7248
ADD_PHONE KHorn96    153-542-1110
ADD_PHONE KHorn96    755-680-0767
ADD_USER  KIndefa98     46 Kylie Indefatigable
ADD_PHONE KIndefa98  355-686-6499
ADD_USER  KKaylee51   8994 Katelyn Kaylee Cattle
ADD_PHONE KKaylee51  603-781-1082
ADD_PHONE KKaylee51  957-935-9045
ADD_USER  KLeah55      614 Kayla Leah Hager
ADD_PHONE KLeah55    207-358-8339
ADD_PHONE KLeah55    338-767-2648
ADD_PHONE KLeah55    813-764-3974
ADD_USER  KLicens60     10 Kylie Licensor
ADD_PHONE KLicens60  224-887-7856
ADD_PHONE KLicens60  505-052-6399
ADD_PHONE KLicens60  558-001-3924
ADD_USER  KMartin91     89 Kayla Martini
ADD_PHONE KMartin91  151-701-9866
ADD_PHONE KMartin91  582-990-0511
ADD_USER  KMinefi94   9381 Kaylee Minefield
ADD_USER  KMustar91  36798 Kaitlyn Mustard
ADD_USER  KPoppy49   42390 Kaylee Poppy
ADD_PHONE KPoppy49   456-377-8360
ADD_USER  KPurpor76     18 Kylie Purport
ADD_PHONE KPurpor76  008-505-1610
ADD_USER  KRecuse25  35981 Kayla Recuse
ADD_PHONE KRecuse25  483-881-3443
ADD_PHONE KRecuse25  564-330-2605
ADD_USER  KSears85     572 Kaitlyn Sears
ADD_PHONE KSears85   303-655-5905
ADD_PHONE KSears85   508-656-0088
ADD_PHONE KSears85   578-906-5456
ADD_USER  KSidewa10    363 Kylie Sidewalk
ADD_PHONE KSidewa10  142-676-9775
ADD_PHONE KSidewa10  759-682-4498
ADD_USER  KSymbio56   2172 Kaitlyn Symbiosis
ADD_PHONE KSymbio56  686-205-9569
ADD_PHONE KSymbio56  949-294-3160
ADD_USER  KWomen58     209 Kaylee Women
ADD_USER  KZoe30       533 Kylie Zoe Montana
ADD_PHONE KZoe30     106-144-0607
ADD_PHONE KZoe30     318-907-1489
ADD_PHONE KZoe30     491-533-1699
ADD_USER  LAdam26    27509 Logan Adam Cartographic
ADD_PHONE LAdam26    468-049-2007
ADD_PHONE LAdam26    682-696-3133
ADD_USER  LAnnapo79   5003 Lauren Annapolis
ADD_PHONE LAnnapo79  413-973-5634
ADD_PHONE LAnnapo79  642-800-5180
ADD_PHONE LAnnapo79  875-431-8920
ADD_USER  LAquila19   3395 Luke Aquila
ADD_PHONE LAquila19  365-619-8217
ADD_USER  LAstm52      399 Lilly Astm
ADD_USER  LAustin41    351 Logan Austin Barrage
ADD_USER  LAvenue05    243 Logan Avenue
ADD_PHONE LAvenue05  111-445-2497
ADD_PHONE LAvenue05  217-533-0938
ADD_USER  LAvuncu74  40418 Layla Avuncular
ADD_PHONE LAvuncu74  588-831-4085
ADD_PHONE LAvuncu74  607-268-4508
ADD_USER  LCaroli10     49 Lily Caroline Havoc
ADD_PHONE LCaroli10  118-500-6901
ADD_PHONE LCaroli10  331-761-9968
ADD_PHONE LCaroli10  698-272-4828
ADD_USER  LCastig73    264 Logan Castigate
ADD_PHONE LCastig73  374-615-1826
ADD_USER  LConduc00      1 Lillian Conduct
ADD_PHONE LConduc00  194-701-4163
ADD_PHONE LConduc00  465-767-3273
ADD_USER  LCorp16    30016 Lillian Corp
ADD_PHONE LCorp16    384-951-9071
ADD_PHONE LCorp16    941-497-5032
ADD_USER  LCrysta04    681 Lucy Crystallography
ADD_USER  LCurtis94  27245 Lillian Curtis
ADD_PHONE LCurtis94  769-638-0360
ADD_PHONE LCurtis94  828-215-3403
ADD_USER  LCustom11     50 Lily Customhouse
ADD_USER  LDadais46    230 Lucy Dadaism
ADD_USER  LDefini91     68 Luke Definitive
ADD_PHONE LDefini91  268-748-7186
ADD_PHONE LDefini91  555-590-6647
ADD_USER  LDivorc05   4162 Leah Divorce
ADD_PHONE LDivorc05  537-469-6247
ADD_PHONE LDivorc05  640-509-9018
ADD_USER  LDoldru35    636 Lillian Doldrums
ADD_PHONE LDoldru35  143-715-2387
ADD_PHONE LDoldru35  391-399-2289
ADD_PHONE LDoldru35  497-686-1220
ADD_USER  LDragoo40     94 Liam Dragoon
ADD_PHONE LDragoo40  109-878-6875
ADD_USER  LEdit24       27 Liam Edit
ADD_PHONE LEdit24    302-365-7822
ADD_USER  LEpic55    36680 Lauren Epic
ADD_PHONE LEpic55    333-746-8101
ADD_PHONE LEpic55    782-111-1392
ADD_PHONE LEpic55    831-711-0965
ADD_USER  LFamili73  46226 Lucy Familial
ADD_PHONE LFamili73  046-746-5203
ADD_PHONE LFamili73  447-114-5807
ADD_PHONE LFamili73  716-228-4906
ADD_USER  LFiberb20    229 Logan Fiberboard
ADD_PHONE LFiberb20  011-638-1439
ADD_PHONE LFiberb20  296-545-2864
ADD_PHONE LFiberb20  446-083-8035
ADD_USER  LFootfa27     37 Lily Footfall
ADD_PHONE LFootfa27  130-478-9262
ADD_PHONE LFootfa27  607-466-4258
ADD_USER  LFragme93    191 Lauren Fragmentation
ADD_USER  LGerund32     74 Lucas Gerund
ADD_PHONE LGerund32  003-338-3482
ADD_PHONE LGerund32  336-853-3486
ADD_USER  LGrandm78  47900 Lillian Grandmother
ADD_PHONE LGrandm78  379-378-4484
ADD_PHONE LGrandm78  604-048-1038
ADD_PHONE LGrandm78  916-732-9335
ADD_USER  LGrante03  26701 Layla Grantee
ADD_PHONE LGrante03  225-805-8989
ADD_PHONE LGrante03  633-650-8495
ADD_PHONE LGrante03  964-413-2771
ADD_USER  LGrosse00     67 Luke Grosset
ADD_USER  LGrown41   35363 Liam Grown
ADD_PHONE LGrown41   009-140-5069
ADD_PHONE LGrown41   045-734-7896
ADD_PHONE LGrown41   278-704-0716
ADD_USER  LGutsy47     477 Logan Gutsy
ADD_PHONE LGutsy47   539-106-2489
ADD_PHONE LGutsy47   546-152-0361
ADD_PHONE LGutsy47   758-066-8464
ADD_USER  LHacien01  43112 Leah Hacienda
ADD_PHONE LHacien01  306-118-5008
ADD_PHONE LHacien01  642-005-6410
ADD_USER  LHypote39      9 Lily Hypotenuse
ADD_PHONE LHypote39  032-759-2960
ADD_PHONE LHypote39  191-115-8751
ADD_PHONE LHypote39  731-012-9247
ADD_USER  LHypoth10      8 Lily Hypothyroid
ADD_PHONE LHypoth10  635-720-2190
ADD_PHONE LHypoth10  818-812-3034
ADD_PHONE LHypoth10  997-667-9624
ADD_USER  LImmuno76    570 Lauren Immunoelectrophoresis
ADD_PHONE LImmuno76  318-512-8008
ADD_USER  LImpute04     49 Layla Impute
ADD_PHONE LImpute04  161-013-4523
ADD_PHONE LImpute04  840-049-2877
ADD_PHONE LImpute04  907-430-6812
ADD_USER  LIsabel76     54 Lilly Isabella Oxygen
ADD_PHONE LIsabel76  014-226-5850
ADD_PHONE LIsabel76  458-884-4893
ADD_PHONE LIsabel76  493-622-1242
ADD_USER  LJoe26      6661 Liam Joe
ADD_PHONE LJoe26     131-591-5649
ADD_PHONE LJoe26     286-893-9851
ADD_PHONE LJoe26     642-788-0435
ADD_USER  LJoseph39      2 Liam Joseph Remunerate Jr
ADD_USER  LJoshua66  38042 Luke Joshua Fontaine
ADD_PHONE LJoshua66  648-892-3664
ADD_USER  LJuicy22     775 Liam Juicy
ADD_PHONE LJuicy22   693-739-5743
ADD_PHONE LJuicy22   732-651-1501
ADD_PHONE LJuicy22   945-558-3409
ADD_USER  LKelvin16    869 Layla Kelvin
ADD_USER  LKiplin61    216 Lillian Kipling
ADD_PHONE LKiplin61  133-431-0584
ADD_PHONE LKiplin61  446-986-2182
ADD_PHONE LKiplin61  547-921-5171
ADD_USER  LLesoth80  38028 Lucas Lesotho IV
ADD_USER  LLoblol07  19372 Lilly Loblolly
ADD_PHONE LLoblol07  407-878-5640
ADD_PHONE LLoblol07  663-221-4818
ADD_PHONE LLoblol07  706-297-8243
ADD_USER  LLuxuri68    234 Lucas Luxuriant
ADD_USER  LMckenz37   9093 Layla Mckenzie
ADD_PHONE LMckenz37  234-744-3785
ADD_PHONE LMckenz37  628-412-2068
ADD_USER  LModest31    957 Lucas Modesty
ADD_PHONE LModest31  451-444-0609
ADD_PHONE LModest31  976-490-4095
ADD_USER  LMorgan03  30466 Lauren Morgan Leathery
ADD_PHONE LMorgan03  010-935-7225
ADD_PHONE LMorgan03  015-973-0599
ADD_PHONE LMorgan03  978-218-3031
ADD_USER  LMyosin01     99 Leah Myosin
ADD_USER  LObsess55    456 Lily Obsessive
ADD_PHONE LObsess55  935-013-9461
ADD_PHONE LObsess55  985-467-3040
ADD_USER  LOffer12      95 Lucy Offer
ADD_PHONE LOffer12   773-183-4791
ADD_PHONE LOffer12   846-768-6479
ADD_USER  LOnlook67     35 Layla Onlook
ADD_USER  LOppenh20   2613 Lucas Oppenheimer
ADD_USER  LPath40    11088 Landon Path
ADD_PHONE LPath40    495-911-5635
ADD_PHONE LPath40    821-902-7188
ADD_USER  LPavlov26  10708 Luke Pavlov
ADD_PHONE LPavlov26  078-156-4719
ADD_PHONE LPavlov26  854-698-4359
ADD_PHONE LPavlov26  868-259-6089
ADD_USER  LPhilol36  49057 Logan Philology
ADD_PHONE LPhilol36  617-205-6352
ADD_PHONE LPhilol36  973-706-4659
ADD_USER  LPion60    16676 Lucas Pion MD
ADD_PHONE LPion60    147-361-1911
ADD_PHONE LPion60    168-126-4507
ADD_PHONE LPion60    177-776-3769
ADD_USER  LPlatyp45  20787 Lauren Platypus
ADD_PHONE LPlatyp45  016-965-2100
ADD_PHONE LPlatyp45  353-766-6157
ADD_USER  LPsycho73   4163 Liam Psychoacoustic
ADD_USER  LQuell81   21115 Lilly Quell
ADD_PHONE LQuell81   640-479-6035
ADD_PHONE LQuell81   961-628-9563
ADD_USER  LRipen80   21923 Lily Ripen
ADD_PHONE LRipen80   642-535-0669
ADD_PHONE LRipen80   733-738-0487
ADD_PHONE LRipen80   904-779-9728
ADD_USER  LRupee44      10 Lucas Rupee
ADD_PHONE LRupee44   058-290-4546
ADD_PHONE LRupee44   486-559-8533
ADD_PHONE LRupee44   644-282-6798
ADD_USER  LSaxony59     47 Lucas Saxony Jr
ADD_USER  LScrew62      95 Lillian Screw
ADD_USER  LScurry76    465 Liam Scurry
ADD_PHONE LScurry76  916-525-0514
ADD_USER  LSecret72    368 Leah Secretive
ADD_PHONE LSecret72  087-905-4268
ADD_USER  LSector57     27 Lucy Sectoral
ADD_PHONE LSector57  593-819-6749
ADD_PHONE LSector57  851-098-4923
ADD_USER  LSemant02     47 Landon Semantic PhD
ADD_PHONE LSemant02  108-565-7883
ADD_PHONE LSemant02  409-384-1960
ADD_PHONE LSemant02  718-155-7872
ADD_USER  LSmolde83   2604 Liam Smolder
ADD_PHONE LSmolde83  071-612-2449
ADD_PHONE LSmolde83  152-782-4636
ADD_PHONE LSmolde83  358-340-6572
ADD_USER  LSpatul86     27 Lauren Spatula
ADD_USER  LSplit57    1772 Liam Split IV
ADD_PHONE LSplit57   867-507-1178
ADD_USER  LStasis97  15345 Liam Stasis
ADD_PHONE LStasis97  273-728-9528
ADD_USER  LStitch59  16631 Lucas Stitch
ADD_USER  LStun56     3766 Layla Stun
ADD_USER  LStuttg95      5 Lily Stuttgart
ADD_USER  LSuppre69  10077 Lucy Suppressor Esq
ADD_PHONE LSuppre69  032-715-6387
ADD_USER  LSwitch72   3396 Landon Switch
ADD_PHONE LSwitch72  115-238-1946
ADD_USER  LSynchr26  25599 Leah Synchronous
ADD_PHONE LSynchr26  173-041-1353
ADD_PHONE LSynchr26  311-010-4849
ADD_PHONE LSynchr26  984-987-1198
ADD_USER  LTank69       27 Lauren Tank
ADD_PHONE LTank69    419-510-5980
ADD_PHONE LTank69    726-671-2726
ADD_USER  LTeahou08   5716 Luke Teahouse
ADD_USER  LTenaci30     40 Lillian Tenacious
ADD_USER  LTeneme59   1201 Luke Tenement
ADD_USER  LTernar01  49018 Liam Ternary
ADD_PHONE LTernar01  194-012-9934
ADD_USER  LTheref90   4596 Lucy Therefrom
ADD_PHONE LTheref90  161-569-6565
ADD_PHONE LTheref90  320-680-5240
ADD_PHONE LTheref90  506-824-6498
ADD_USER  LThicke16     96 Logan Thicket
ADD_PHONE LThicke16  031-007-5233
ADD_PHONE LThicke16  342-678-1627
ADD_PHONE LThicke16  865-152-7250
ADD_USER  LThomas21   6034 Logan Thomas Grid
ADD_PHONE LThomas21  616-888-3509
ADD_PHONE LThomas21  643-086-5066
ADD_USER  LTransa42  43628 Lillian Transalpine
ADD_PHONE LTransa42  162-329-0199
ADD_PHONE LTransa42  977-841-7307
ADD_USER  LTrepid42  19242 Landon Trepidation
ADD_PHONE LTrepid42  319-664-5444
ADD_PHONE LTrepid42  508-194-4176
ADD_PHONE LTrepid42  880-632-5632
ADD_USER  LTwirl80    3781 Liam Twirl
ADD_PHONE LTwirl80   494-811-0475
ADD_PHONE LTwirl80   576-620-2068
ADD_PHONE LTwirl80   851-549-5080
ADD_USER  LVelasq10    559 Lucy Velasquez
ADD_PHONE LVelasq10  884-479-2270
ADD_USER  LVermei24   6778 Lilly Vermeil
ADD_USER  LVolcan05     99 Layla Volcano
ADD_PHONE LVolcan05  802-921-4080
ADD_USER  LWabash76     16 Leah Wabash
ADD_PHONE LWabash76  055-551-0447
ADD_PHONE LWabash76  223-234-7284
ADD_PHONE LWabash76  533-878-7733
ADD_USER  MAdair45      37 Maya Adair
ADD_PHONE MAdair45   058-721-9355
ADD_PHONE MAdair45   160-139-6191
ADD_PHONE MAdair45   323-296-2881
ADD_USER  MAntioc32     34 Madeline Antioch
ADD_PHONE MAntioc32  871-262-2386
ADD_USER  MArab99     6104 Mia Arab
ADD_PHONE MArab99    080-736-1042
ADD_PHONE MArab99    964-812-3913
ADD_PHONE MArab99    992-732-9509
ADD_USER  MAriann28    541 Madelyn Arianna Decree Esq
ADD_PHONE MAriann28  619-125-2162
ADD_PHONE MAriann28  762-930-9456
ADD_USER  MAutogr47    834 Mackenzie Autograph
ADD_PHONE MAutogr47  868-531-6918
ADD_USER  MAvalan42  26109 Madelyn Avalanche
ADD_PHONE MAvalan42  304-904-1344
ADD_PHONE MAvalan42  841-354-4720
ADD_USER  MBaccal53     92 Mia Baccalaureate
ADD_PHONE MBaccal53  406-505-2765
ADD_PHONE MBaccal53  447-137-2067
ADD_PHONE MBaccal53  936-805-3341
ADD_USER  MBoatho77     25 Matthew Boathouse
ADD_PHONE MBoatho77  223-927-0686
ADD_PHONE MBoatho77  618-611-2271
ADD_PHONE MBoatho77  983-681-6852
ADD_USER  MBrenda89     58 Makayla Brenda Esq
ADD_PHONE MBrenda89  596-114-7437
ADD_USER  MByprod03   4060 Michael Byproduct
ADD_PHONE MByprod03  225-504-2482
ADD_PHONE MByprod03  461-963-6385
ADD_PHONE MByprod03  745-295-9005
ADD_USER  MByzant75   2240 Michael Byzantium PhD
ADD_PHONE MByzant75  169-174-2254
ADD_PHONE MByzant75  456-563-0221
ADD_PHONE MByzant75  845-449-4160
ADD_USER  MCalf72     6671 Michael Calf
ADD_PHONE MCalf72    303-584-7117
ADD_PHONE MCalf72    780-149-3146
ADD_PHONE MCalf72    923-820-5652
ADD_USER  MCharli95    187 Max Charlie Onyx
ADD_USER  MChase10     137 Michael Chase Johnstown IV
ADD_USER  MCounci40  47819 Michael Councilman MD
ADD_USER  MCrayfi27    751 Makayla Crayfish
ADD_PHONE MCrayfi27  195-289-7409
ADD_PHONE MCrayfi27  224-806-2822
ADD_PHONE MCrayfi27  704-973-9110
ADD_USER  MDecemb91     28 Madison December
ADD_USER  MDeluxe68  27510 Makayla Deluxe
ADD_PHONE MDeluxe68  489-125-1719
ADD_PHONE MDeluxe68  858-275-6991
ADD_USER  MDepute18  24704 Madison Depute
ADD_PHONE MDepute18  396-584-4661
ADD_USER  MDescan21    951 Makayla Descant
ADD_PHONE MDescan21  377-008-4443
ADD_PHONE MDescan21  385-788-8309
ADD_PHONE MDescan21  579-799-3344
ADD_USER  MDiffer74   6338 Max Differ III
ADD_USER  MDishes76  24786 Molly Dishes
ADD_PHONE MDishes76  832-029-4778
ADD_PHONE MDishes76  938-013-2159
ADD_USER  MDread32   44348 Mason Dread
ADD_USER  MDuress19   1249 Madison Duress
ADD_PHONE MDuress19  584-311-6979
ADD_PHONE MDuress19  815-403-2956
ADD_USER  MDyer69      277 Madeline Dyer
ADD_PHONE MDyer69    166-072-9655
ADD_PHONE MDyer69    650-016-4858
ADD_PHONE MDyer69    758-393-0262
ADD_USER  MElectr40    166 Morgan Electrophorus
ADD_USER  MEpisco18    414 Molly Episcopate
ADD_PHONE MEpisco18  474-818-8738
ADD_PHONE MEpisco18  532-361-8701
ADD_USER  MEscadr29   8067 Michael Escadrille
ADD_USER  MEsther84    670 Max Esther Jr
ADD_PHONE MEsther84  019-700-4169
ADD_PHONE MEsther84  347-283-9625
ADD_PHONE MEsther84  448-746-6382
ADD_USER  MEveryo48    999 Mackenzie Everyone
ADD_PHONE MEveryo48  050-686-2111
ADD_PHONE MEveryo48  097-585-5784
ADD_USER  MExcava69   6665 Max Excavate
ADD_PHONE MExcava69  039-879-2828
ADD_PHONE MExcava69  589-032-8130
ADD_USER  MExtrus11   6345 Makayla Extrusion MD
ADD_PHONE MExtrus11  773-840-8422
ADD_USER  MFascic28    674 Maya Fasciculate
ADD_PHONE MFascic28  433-622-0723
ADD_PHONE MFascic28  563-754-1509
ADD_USER  MFlintl19    204 Mackenzie Flintlock
ADD_PHONE MFlintl19  331-641-4906
ADD_USER  MForth59    5753 Mackenzie Forth
ADD_USER  MGhost13    8965 Max Ghost
ADD_PHONE MGhost13   080-762-0194
ADD_PHONE MGhost13   213-559-8667
ADD_PHONE MGhost13   749-344-8743
ADD_USER  MGibral86  41928 Max Gibraltar
ADD_USER  MHandic98    708 Mason Handicap
ADD_PHONE MHandic98  067-617-6026
ADD_PHONE MHandic98  185-936-5936
ADD_USER  MHold71     4033 Makayla Hold
ADD_PHONE MHold71    369-462-7314
ADD_PHONE MHold71    369-890-8621
ADD_PHONE MHold71    919-460-3016
ADD_USER  MIgnora72  29976 Makayla Ignoramus
ADD_PHONE MIgnora72  406-187-4563
ADD_PHONE MIgnora72  579-547-0195
ADD_PHONE MIgnora72  852-112-8678
ADD_USER  MIndisp21     88 Matthew Indisposition
ADD_PHONE MIndisp21  345-224-8769
ADD_PHONE MIndisp21  476-703-9889
ADD_USER  MIsothe06  38818 Mason Isotherm
ADD_PHONE MIsothe06  250-269-5969
ADD_PHONE MIsothe06  290-084-6063
ADD_PHONE MIsothe06  391-067-6525
ADD_USER  MJulia22       6 Madison Julia Chippendale
ADD_PHONE MJulia22   175-049-0973
ADD_PHONE MJulia22   626-563-2961
ADD_USER  MLeewar55     93 Madeline Leeward
ADD_USER  MLolly46     194 Max Lolly
ADD_PHONE MLolly46   482-385-5765
ADD_USER  MMacken14  46177 Mia Mackenzie Hyman
ADD_USER  MMagnes42  46512 Max Magnesite
ADD_PHONE MMagnes42  115-668-3500
ADD_PHONE MMagnes42  757-039-9396
ADD_USER  MMarin15    1513 Maya Marin
ADD_PHONE MMarin15   484-294-3453
ADD_PHONE MMarin15   620-340-4319
ADD_USER  MMetamo28     84 Morgan Metamorphosis
ADD_PHONE MMetamo28  169-262-1157
ADD_PHONE MMetamo28  298-432-2192
ADD_PHONE MMetamo28  817-934-9929
ADD_USER  MMinimu78     72 Madelyn Minimum
ADD_USER  MNevert73   5701 Molly Nevertheless
ADD_PHONE MNevert73  923-080-1139
ADD_USER  MNewton55   4346 Max Newton
ADD_PHONE MNewton55  395-164-4453
ADD_PHONE MNewton55  823-492-1094
ADD_USER  MNumera22    884 Molly Numerable
ADD_PHONE MNumera22  176-421-8380
ADD_PHONE MNumera22  791-118-0503
ADD_USER  MOffice70      2 Madeline Officemate
ADD_USER  MOneupm15  38150 Matthew Oneupmanship
ADD_PHONE MOneupm15  035-774-5421
ADD_USER  MOntolo21    200 Mackenzie Ontology
ADD_PHONE MOntolo21  001-195-4309
ADD_PHONE MOntolo21  105-135-0806
ADD_PHONE MOntolo21  541-552-8300
ADD_USER  MParkwa79      2 Matthew Parkway
ADD_USER  MPart52       54 Madison Part
ADD_PHONE MPart52    022-386-8700
ADD_PHONE MPart52    171-675-4356
ADD_USER  MPasteb94     79 Max Pasteboard PhD
ADD_PHONE MPasteb94  055-609-9254
ADD_PHONE MPasteb94  221-037-9178
ADD_PHONE MPasteb94  756-460-9953
ADD_USER  MPhilan08    280 Mason Philanthrope
ADD_PHONE MPhilan08  966-986-9211
ADD_USER  MPrejud20   6619 Morgan Prejudice
ADD_PHONE MPrejud20  458-014-3924
ADD_PHONE MPrejud20  923-935-5996
ADD_USER  MPsylli56    404 Mason Psyllium
ADD_PHONE MPsylli56  609-278-6089
ADD_PHONE MPsylli56  880-582-9676
ADD_USER  MRatioc80  40264 Makayla Ratiocinate
ADD_PHONE MRatioc80  980-976-9982
ADD_USER  MRevoca73  25622 Michael Revocable Esq
ADD_PHONE MRevoca73  806-941-6774
ADD_USER  MSaigon73     36 Madison Saigon
ADD_PHONE MSaigon73  077-964-0275
ADD_PHONE MSaigon73  641-101-7171
ADD_PHONE MSaigon73  998-010-2925
ADD_USER  MScinti56  14532 Maya Scintillate
ADD_PHONE MScinti56  440-300-9274
ADD_PHONE MScinti56  924-337-8037
ADD_PHONE MScinti56  953-894-0638
ADD_USER  MSewera79     18 Makayla Sewerage
ADD_PHONE MSewera79  768-173-8228
ADD_PHONE MSewera79  894-189-6549
ADD_USER  MShoest31   7880 Matthew Shoestring
ADD_PHONE MShoest31  392-651-1278
ADD_PHONE MShoest31  838-599-1841
ADD_USER  MSignor14     60 Makayla Signora
ADD_USER  MSop02     25953 Mason Sop
ADD_PHONE MSop02     279-361-7075
ADD_PHONE MSop02     349-936-2412
ADD_USER  MSuccin53    259 Madison Succinct
ADD_PHONE MSuccin53  271-251-3468
ADD_PHONE MSuccin53  497-881-7991
ADD_PHONE MSuccin53  584-596-3264
ADD_USER  MTeenag35     87 Makayla Teenage
ADD_PHONE MTeenag35  424-361-3968
ADD_PHONE MTeenag35  538-224-2335
ADD_PHONE MTeenag35  864-288-2349
ADD_USER  MToggle65     46 Matthew Toggle
ADD_PHONE MToggle65  521-619-9326
ADD_USER  MUmbrag69   4586 Mackenzie Umbrage
ADD_USER  MWither14  12063 Mia Wither
ADD_PHONE MWither14  031-366-7091
ADD_USER  NAdsorp40     72 Natalie Adsorptive
ADD_USER  NAlimon94  18205 Nathan Alimony
ADD_USER  NAmeric99    721 Noah American
ADD_USER  NAngios42   5614 Nicholas Angiosperm
ADD_PHONE NAngios42  741-918-3922
ADD_PHONE NAngios42  966-845-5753
ADD_USER  NAustin23     24 Noah Austin Reflect
ADD_PHONE NAustin23  102-929-8823
ADD_PHONE NAustin23  123-361-1060
ADD_PHONE NAustin23  505-034-4668
ADD_USER  NBalk81       34 Nicholas Balk
ADD_PHONE NBalk81    244-235-4657
ADD_PHONE NBalk81    378-705-6271
ADD_USER  NBewitc05    546 Nathan Bewitch
ADD_USER  NBigelo59    597 Nathan Bigelow
ADD_PHONE NBigelo59  068-599-9786
ADD_PHONE NBigelo59  531-633-9381
ADD_PHONE NBigelo59  560-824-1034
ADD_USER  NBodice85   8161 Nathan Bodice
ADD_PHONE NBodice85  055-075-1063
ADD_PHONE NBodice85  221-668-2433
ADD_PHONE NBodice85  281-297-2386
ADD_USER  NBrody51      51 Noah Brody Riven Jr
ADD_USER  NCalgar77     79 Nathan Calgary
ADD_PHONE NCalgar77  063-025-4389
ADD_USER  NCircum20    974 Nathan Circumsphere
ADD_USER  NDecept28    232 Noah Deception
ADD_PHONE NDecept28  781-248-6751
ADD_USER  NEcumen87  12723 Nathan Ecumenic
ADD_USER  NEnfant42     61 Noah Enfant
ADD_USER  NEurope78     33 Noah European
ADD_USER  NFootfa87   4647 Natalie Footfall
ADD_PHONE NFootfa87  585-147-1906
ADD_USER  NGarlan88   1557 Nicholas Garland
ADD_PHONE NGarlan88  385-376-8855
ADD_USER  NGrainy49      4 Nicholas Grainy
ADD_PHONE NGrainy49  047-309-0423
ADD_PHONE NGrainy49  206-132-4554
ADD_PHONE NGrainy49  270-833-7809
ADD_USER  NHardin78     51 Nicholas Hardin
ADD_PHONE NHardin78  149-584-0041
ADD_PHONE NHardin78  215-179-3689
ADD_PHONE NHardin78  766-285-6168
ADD_USER  NHeavyw06  43415 Nathan Heavyweight
ADD_PHONE NHeavyw06  064-223-6488
ADD_PHONE NHeavyw06  151-178-7068
ADD_PHONE NHeavyw06  495-356-5783
ADD_USER  NHenry46      96 Noah Henry Moorish
ADD_PHONE NHenry46   302-592-3939
ADD_PHONE NHenry46   846-054-3699
ADD_USER  NHerb94      138 Nicholas Herb
ADD_PHONE NHerb94    484-349-8777
ADD_USER  NIpsila42    396 Nathan Ipsilateral IV
ADD_PHONE NIpsila42  700-025-3161
ADD_PHONE NIpsila42  836-455-7473
ADD_USER  NKant55       87 Nicholas Kant III
ADD_PHONE NKant55    682-854-0827
ADD_USER  NLiam07      408 Nathan Liam Gallberry
ADD_PHONE NLiam07    263-067-0275
ADD_PHONE NLiam07    940-484-1186
ADD_USER  NNolan43    6297 Natalie Nolan
ADD_PHONE NNolan43   717-655-1711
ADD_PHONE NNolan43   739-549-5877
ADD_PHONE NNolan43   818-696-0967
ADD_USER  NPinkis01     74 Natalie Pinkish MD
ADD_PHONE NPinkis01  558-406-3558
ADD_PHONE NPinkis01  905-402-0712
ADD_USER  NPlanet47   9596 Nicholas Planetesimal
ADD_USER  NPresti54  16452 Noah Prestigious
ADD_PHONE NPresti54  128-970-4194
ADD_PHONE NPresti54  258-627-9229
ADD_PHONE NPresti54  542-697-7341
ADD_USER  NProfli07   2094 Nicholas Profligate
ADD_PHONE NProfli07  047-135-1665
ADD_PHONE NProfli07  612-273-1949
ADD_USER  NScald70    3374 Nicholas Scald
ADD_PHONE NScald70   283-581-7594
ADD_USER  NSweeth06    417 Noah Sweetheart
ADD_PHONE NSweeth06  043-965-4584
ADD_PHONE NSweeth06  346-393-8097
ADD_USER  NVarian00     83 Natalie Varian
ADD_PHONE NVarian00  588-008-4001
ADD_USER  NVolley48  28600 Nathan Volleyball
ADD_USER  NWharve49   5658 Nathan Wharves PhD
ADD_USER  OCruppe30   7972 Oliver Crupper
ADD_PHONE OCruppe30  235-247-7950
ADD_PHONE OCruppe30  401-467-2965
ADD_PHONE OCruppe30  792-964-5186
ADD_USER  ODigest18    762 Olivia Digestive
ADD_PHONE ODigest18  031-057-6139
ADD_PHONE ODigest18  328-616-2479
ADD_PHONE ODigest18  762-912-9555
ADD_USER  OGrace98    8035 Olivia Grace Concordant
ADD_PHONE OGrace98   910-554-9570
ADD_USER  OHillbi13    618 Oliver Hillbilly MD
ADD_PHONE OHillbi13  017-327-2975
ADD_PHONE OHillbi13  329-637-9038
ADD_PHONE OHillbi13  653-703-2607
ADD_USER  OIncubu58   5451 Olivia Incubus
ADD_PHONE OIncubu58  556-703-1146
ADD_PHONE OIncubu58  664-002-6503
ADD_PHONE OIncubu58  826-567-4245
ADD_USER  OInshor21    955 Owen Inshore
ADD_PHONE OInshor21  210-621-8865
ADD_PHONE OInshor21  538-999-9141
ADD_PHONE OInshor21  614-010-8380
ADD_USER  OIsotro22    670 Owen Isotropic
ADD_PHONE OIsotro22  234-708-9573
ADD_USER  OIssuan12      0 Oliver Issuant
ADD_PHONE OIssuan12  003-228-1512
ADD_USER  OKinsha32     44 Owen Kinshasha
ADD_PHONE OKinsha32  270-380-7400
ADD_PHONE OKinsha32  976-430-8447
ADD_USER  OLament85  26651 Oliver Lament
ADD_PHONE OLament85  458-297-8177
ADD_PHONE OLament85  779-519-9056
ADD_PHONE OLament85  900-981-5848
ADD_USER  OLangui02  19514 Olivia Languid
ADD_USER  OMatthe29    460 Oliver Matthew Equipped
ADD_USER  ONatali30   4960 Olivia Natalie Inhabitant
ADD_USER  ONitrit75  44134 Olivia Nitrite
ADD_USER  OOslo51      837 Olivia Oslo
ADD_PHONE OOslo51    582-648-6390
ADD_USER  OPhilip09  18431 Owen Philip
ADD_USER  ORuanda77   3224 Owen Ruanda
ADD_PHONE ORuanda77  062-256-7414
ADD_USER  OSachs07    6886 Oliver Sachs
ADD_PHONE OSachs07   078-367-9768
ADD_PHONE OSachs07   395-412-4084
ADD_PHONE OSachs07   419-116-9592
ADD_USER  OSculpt59     30 Olivia Sculptor
ADD_PHONE OSculpt59  741-654-2423
ADD_USER  OSkimpy11   6412 Oliver Skimpy
ADD_PHONE OSkimpy11  556-023-3033
ADD_PHONE OSkimpy11  677-132-5662
ADD_USER  OStanch78     22 Owen Stanchion
ADD_PHONE OStanch78  654-103-0130
ADD_USER  OSteamy49    351 Owen Steamy
ADD_PHONE OSteamy49  691-440-0124
ADD_PHONE OSteamy49  784-951-1807
ADD_USER  OTaxica58  40320 Olivia Taxicab
ADD_PHONE OTaxica58  097-346-6704
ADD_PHONE OTaxica58  241-431-1262
ADD_PHONE OTaxica58  857-899-3994
ADD_USER  PAnalys93  27031 Paige Analyst
ADD_PHONE PAnalys93  746-786-4588
ADD_USER  PArcher83    334 Parker Archery
ADD_PHONE PArcher83  503-166-8292
ADD_PHONE PArcher83  589-621-9659
ADD_USER  PAudrey24    602 Peyton Audrey Clement
ADD_PHONE PAudrey24  323-853-9963
ADD_USER  PBitter49  40387 Paige Bitternut
ADD_USER  PBowl58     3219 Paige Bowl
ADD_PHONE PBowl58    188-869-8951
ADD_PHONE PBowl58    749-500-5796
ADD_PHONE PBowl58    781-659-3940
ADD_USER  PBrag78       67 Peyton Brag
ADD_PHONE PBrag78    133-862-4780
ADD_PHONE PBrag78    203-922-2233
ADD_PHONE PBrag78    549-848-0851
ADD_USER  PCoequa31   8790 Paige Coequal
ADD_PHONE PCoequa31  234-259-0339
ADD_PHONE PCoequa31  800-945-7560
ADD_USER  PConsol56  24208 Paige Consolation
ADD_PHONE PConsol56  419-557-8699
ADD_USER  PContro38    757 Parker Controversial
ADD_PHONE PContro38  785-781-6960
ADD_USER  PFloren64     53 Paige Florence
ADD_PHONE PFloren64  617-572-2988
ADD_PHONE PFloren64  630-705-8553
ADD_PHONE PFloren64  804-503-1023
ADD_USER  PIsabel74    682 Peyton Isabelle Blackberry
ADD_PHONE PIsabel74  761-011-8030
ADD_USER  PLauren90     79 Paige Lauren Hertz
ADD_PHONE PLauren90  244-747-0460
ADD_PHONE PLauren90  624-240-8831
ADD_PHONE PLauren90  794-232-1797
ADD_USER  PMirror08   9221 Parker Mirror MD
ADD_PHONE PMirror08  000-679-9593
ADD_USER  POrono05    2680 Parker Orono
ADD_PHONE POrono05   941-256-9257
ADD_USER  PPaige19   15418 Paige Paige Bauhaus
ADD_PHONE PPaige19   447-431-6278
ADD_USER  PPicker73   8425 Parker Pickering
ADD_PHONE PPicker73  083-219-1201
ADD_PHONE PPicker73  111-732-9191
ADD_PHONE PPicker73  145-157-8566
ADD_USER  PPrefat71   9448 Peyton Prefatory
ADD_PHONE PPrefat71  022-810-3451
ADD_PHONE PPrefat71  204-207-9110
ADD_PHONE PPrefat71  561-897-7739
ADD_USER  PPriggi86     75 Paige Priggish
ADD_PHONE PPriggi86  400-291-1295
ADD_PHONE PPriggi86  701-694-3196
ADD_USER  PRejoin00   3091 Paige Rejoinder
ADD_USER  PSaturn54     35 Parker Saturn
ADD_PHONE PSaturn54  213-673-1372
ADD_USER  PScarf91    8063 Parker Scarf
ADD_PHONE PScarf91   413-555-4700
ADD_USER  PShaw65    23394 Peyton Shaw
ADD_PHONE PShaw65    020-049-8673
ADD_PHONE PShaw65    349-079-2221
ADD_USER  PTestat84     90 Paige Testate
ADD_PHONE PTestat84  912-843-1938
ADD_USER  PVengea62  19780 Peyton Vengeance
ADD_USER  PWeir72     2897 Parker Weir
ADD_PHONE PWeir72    704-771-5705
ADD_USER  PWhiteh94     17 Parker Whitehead
ADD_PHONE PWhiteh94  403-302-6170
ADD_PHONE PWhiteh94  879-381-8713
ADD_USER  PZachar76    921 Parker Zachary Screwball
ADD_PHONE PZachar76  026-462-6601
ADD_PHONE PZachar76  294-086-9089
ADD_USER  RBellma60     15 Ryan Bellman IV
ADD_PHONE RBellma60  129-108-1248
ADD_PHONE RBellma60  993-601-2881
ADD_USER  RBiolog73     80 Riley Biology
ADD_PHONE RBiolog73  424-653-7048
ADD_USER  RDowlin03     21 Ryan Dowling
ADD_PHONE RDowlin03  073-238-8742
ADD_PHONE RDowlin03  112-623-8377
ADD_PHONE RDowlin03  665-952-3379
ADD_USER  RJackso68    267 Ryan Jackson Chenille III
ADD_PHONE RJackso68  393-445-1403
ADD_PHONE RJackso68  774-928-5608
ADD_PHONE RJackso68  845-311-4690
ADD_USER  RMorato89   9610 Ryan Moratorium
ADD_PHONE RMorato89  738-688-6815
ADD_PHONE RMorato89  783-785-7255
ADD_PHONE RMorato89  998-464-6230
ADD_USER  RMotif35     228 Riley Motif
ADD_PHONE RMotif35   090-891-7453
ADD_PHONE RMotif35   829-963-6549
ADD_USER  RNurse19     433 Riley Nurse
ADD_PHONE RNurse19   008-415-8607
ADD_PHONE RNurse19   262-825-5923
ADD_PHONE RNurse19   967-437-3573
ADD_USER  RPeacea90    655 Ryan Peaceable
ADD_PHONE RPeacea90  399-697-1631
ADD_PHONE RPeacea90  436-133-4045
ADD_PHONE RPeacea90  932-584-1185
ADD_USER  RPolis08     383 Ryan Polis
ADD_PHONE RPolis08   082-585-8603
ADD_PHONE RPolis08   974-786-2634
ADD_USER  RRodrig60  44218 Ryan Rodriguez
ADD_USER  RRomanc96     62 Riley Romance PhD
ADD_PHONE RRomanc96  200-139-0636
ADD_PHONE RRomanc96  365-984-3038
ADD_USER  RSporad53    528 Ryan Sporadic
ADD_PHONE RSporad53  201-148-6589
ADD_PHONE RSporad53  987-276-2195
ADD_USER  RTeardr16  12958 Ryan Teardrop
ADD_PHONE RTeardr16  530-350-4547
ADD_PHONE RTeardr16  947-603-6265
ADD_USER  RThomas33     34 Ryan Thomas Flatland
ADD_PHONE RThomas33  208-562-4993
ADD_PHONE RThomas33  771-964-9514
ADD_PHONE RThomas33  788-266-9731
ADD_USER  RTulle21   45024 Riley Tulle
ADD_PHONE RTulle21   255-685-8032
ADD_PHONE RTulle21   500-698-5991
ADD_USER  SAlexan90   5943 Samuel Alexander Scene PhD
ADD_USER  SAnna33       14 Samantha Anna Pliancy
ADD_USER  SArrang36   1709 Sofia Arrange
ADD_PHONE SArrang36  894-213-9206
ADD_PHONE SArrang36  922-512-0474
ADD_USER  SAvenge48   1086 Sarah Avenge Esq
ADD_PHONE SAvenge48  477-505-4347
ADD_PHONE SAvenge48  709-289-4491
ADD_PHONE SAvenge48  946-705-7356
ADD_USER  SBeowul23    522 Sofia Beowulf Esq
ADD_PHONE SBeowul23  502-396-1402
ADD_PHONE SBeowul23  984-168-5643
ADD_USER  SBlush61   45026 Sophia Blush
ADD_USER  SBoron46      37 Sydney Boron
ADD_USER  SBruise67  20379 Savannah Bruise
ADD_PHONE SBruise67  891-406-4799
ADD_USER  SBub73       151 Samuel Bub
ADD_PHONE SBub73     668-707-3139
ADD_USER  SCaribo32  35852 Savannah Caribou
ADD_USER  SCompre17     51 Sofia Compressive
ADD_PHONE SCompre17  962-756-6710
ADD_USER  SCompre40   7582 Sarah Comprehensible
ADD_PHONE SCompre40  279-275-9670
ADD_PHONE SCompre40  832-586-4947
ADD_USER  SContin09      1 Samuel Continental
ADD_PHONE SContin09  702-847-6396
ADD_USER  SCranda80   8548 Sydney Crandall
ADD_PHONE SCranda80  053-439-9732
ADD_USER  SCrucif40  16442 Sophia Crucifix
ADD_PHONE SCrucif40  054-494-2208
ADD_PHONE SCrucif40  317-249-4967
ADD_USER  SCrucif42    541 Savannah Crucify
ADD_PHONE SCrucif42  887-833-1107
ADD_USER  SCrysta26     23 Sydney Crystallographer
ADD_PHONE SCrysta26  390-844-8709
ADD_USER  SDana77     2772 Sydney Dana
ADD_PHONE SDana77    193-049-5227
ADD_PHONE SDana77    666-827-0367
ADD_USER  SDennis18    409 Sophie Dennis
ADD_PHONE SDennis18  417-165-1231
ADD_PHONE SDennis18  557-910-7884
ADD_USER  SDiathe45     66 Samantha Diathesis
ADD_USER  SDinner07     41 Sarah Dinnertime
ADD_PHONE SDinner07  698-455-3419
ADD_USER  SEva13      4687 Sophie Eva Sympathy
ADD_PHONE SEva13     333-873-3165
ADD_PHONE SEva13     561-686-0336
ADD_PHONE SEva13     569-634-9149
ADD_USER  SExposi16  41248 Sophia Expositor
ADD_PHONE SExposi16  192-852-5228
ADD_PHONE SExposi16  331-275-4957
ADD_USER  SFern73    43227 Sophie Fern
ADD_USER  SFetus42      28 Savannah Fetus
ADD_PHONE SFetus42   199-552-4222
ADD_PHONE SFetus42   980-032-1980
ADD_USER  SFormat69   8252 Sophia Formatted
ADD_USER  SFricat68  32187 Savannah Fricative
ADD_PHONE SFricat68  301-493-1349
ADD_PHONE SFricat68  949-149-0022
ADD_USER  SFrueha57   9657 Sophia Fruehauf
ADD_USER  SGanyme36     45 Savannah Ganymede
ADD_PHONE SGanyme36  236-450-6657
ADD_PHONE SGanyme36  815-987-9780
ADD_PHONE SGanyme36  966-746-4260
ADD_USER  SHillbi02  44348 Savannah Hillbilly
ADD_PHONE SHillbi02  447-788-0158
ADD_USER  SHinter26    363 Savannah Hinterland
ADD_PHONE SHinter26  347-079-0009
ADD_PHONE SHinter26  578-901-0340
ADD_PHONE SHinter26  986-043-5481
ADD_USER  SHunter06     27 Samuel Hunter Teleology Esq
ADD_PHONE SHunter06  130-214-1348
ADD_PHONE SHunter06  352-615-0580
ADD_PHONE SHunter06  732-464-0557
ADD_USER  SImplod99     35 Samantha Implode
ADD_PHONE SImplod99  349-116-8860
ADD_USER  SInlet85     994 Sydney Inlet
ADD_PHONE SInlet85   465-306-5130
ADD_PHONE SInlet85   843-774-5680
ADD_USER  SLegibl37    249 Savannah Legible
ADD_PHONE SLegibl37  010-869-4669
ADD_PHONE SLegibl37  070-904-1038
ADD_PHONE SLegibl37  125-186-7814
ADD_USER  SLose58      144 Savannah Lose
ADD_PHONE SLose58    015-734-1507
ADD_USER  SMyofib75    744 Samantha Myofibril
ADD_USER  SNip37       425 Samuel Nip
ADD_PHONE SNip37     188-458-8955
ADD_USER  SNugato34  18714 Savannah Nugatory
ADD_PHONE SNugato34  100-799-6443
ADD_USER  SOperat02    428 Sofia Operate
ADD_PHONE SOperat02  600-574-2678
ADD_PHONE SOperat02  940-734-4102
ADD_USER  SParish37   9513 Savannah Parish Esq
ADD_PHONE SParish37  591-877-1975
ADD_USER  SPeacem73  46657 Sophia Peacemake
ADD_PHONE SPeacem73  092-750-7043
ADD_PHONE SPeacem73  639-302-9604
ADD_PHONE SPeacem73  712-563-0105
ADD_USER  SPliny27       8 Sofia Pliny
ADD_PHONE SPliny27   407-260-8681
ADD_PHONE SPliny27   707-216-9859
ADD_USER  SPremon60     35 Sarah Premonitory
ADD_PHONE SPremon60  656-667-6047
ADD_USER  SQuacke17      6 Sofia Quackery
ADD_PHONE SQuacke17  261-803-3546
ADD_USER  SReed31     2270 Sophia Reed
ADD_PHONE SReed31    200-884-2258
ADD_PHONE SReed31    308-818-6451
ADD_PHONE SReed31    951-663-3693
ADD_USER  SReflec54     65 Samuel Reflector
ADD_PHONE SReflec54  360-005-9795
ADD_USER  SRonald13     80 Sarah Ronald
ADD_PHONE SRonald13  480-062-1382
ADD_PHONE SRonald13  648-912-1958
ADD_USER  SSatan68     318 Sophie Satan
ADD_PHONE SSatan68   334-540-1115
ADD_PHONE SSatan68   472-648-3704
ADD_USER  SServic69  29191 Sarah Serviceable
ADD_PHONE SServic69  035-687-7972
ADD_USER  SStereo95     17 Sophia Stereography
ADD_PHONE SStereo95  210-550-6238
ADD_PHONE SStereo95  537-678-5171
ADD_PHONE SStereo95  561-447-1625
ADD_USER  SSweete65   1390 Sydney Sweeten
ADD_PHONE SSweete65  782-719-4650
ADD_USER  STrelli75    494 Samuel Trellis
ADD_PHONE STrelli75  236-780-2246
ADD_USER  SUpset68   49197 Sophie Upset
ADD_PHONE SUpset68   409-466-7372
ADD_PHONE SUpset68   645-104-6195
ADD_USER  SVerdan00      5 Samuel Verdant
ADD_PHONE SVerdan00  634-602-1225
ADD_USER  SVerse55     561 Samantha Verse
ADD_PHONE SVerse55   676-805-4478
ADD_USER  SViva20       52 Samantha Viva
ADD_PHONE SViva20    169-205-1535
ADD_PHONE SViva20    214-946-8492
ADD_PHONE SViva20    683-314-5410
ADD_USER  SYoungs68    949 Sydney Youngster
ADD_PHONE SYoungs68  968-507-3410
ADD_USER  Samuel91      48 Samuel
ADD_USER  TAggrav01    591 Tyler Aggravate
ADD_PHONE TAggrav01  161-057-0959
ADD_PHONE TAggrav01  382-683-2833
ADD_PHONE TAggrav01  447-871-4127
ADD_USER  TAlaska51    222 Tristan Alaska
ADD_PHONE TAlaska51  412-452-7567
ADD_PHONE TAlaska51  556-988-7712
ADD_PHONE TAlaska51  595-581-2386
ADD_USER  TArrang99  26635 Taylor Arrangeable MD
ADD_PHONE TArrang99  931-100-6751
ADD_PHONE TArrang99  934-829-6184
ADD_USER  TBreech66      6 Thomas Breeches
ADD_PHONE TBreech66  169-807-3086
ADD_PHONE TBreech66  414-366-7676
ADD_PHONE TBreech66  789-305-7706
ADD_USER  TChevro16   8575 Taylor Chevron
ADD_PHONE TChevro16  035-637-5023
ADD_USER  TColloq18  49404 Thomas Colloquium
ADD_USER  TFracti97     93 Thomas Fraction
ADD_PHONE TFracti97  068-352-0837
ADD_USER  TGalati30     55 Tristan Galatia IV
ADD_PHONE TGalati30  104-689-6751
ADD_PHONE TGalati30  149-312-6836
ADD_PHONE TGalati30  866-026-6284
ADD_USER  THankel02     30 Tristan Hankel
ADD_PHONE THankel02  041-957-6076
ADD_PHONE THankel02  603-108-6237
ADD_USER  TImplau61    604 Tristan Implausible
ADD_PHONE TImplau61  262-587-6609
ADD_PHONE TImplau61  557-837-1777
ADD_USER  TInfra31     894 Thomas Infra
ADD_PHONE TInfra31   254-949-0036
ADD_PHONE TInfra31   367-050-6526
ADD_PHONE TInfra31   592-938-3576
ADD_USER  TIsaac45   15619 Thomas Isaac Smirk
ADD_PHONE TIsaac45   266-110-7570
ADD_PHONE TIsaac45   407-692-6754
ADD_PHONE TIsaac45   446-128-9888
ADD_USER  TItalia50    977 Tristan Italian
ADD_USER  TJackso07  22591 Tyler Jacksonville
ADD_PHONE TJackso07  542-684-3028
ADD_USER  TJackso16    898 Thomas Jackson Theme
ADD_PHONE TJackso16  006-988-9633
ADD_PHONE TJackso16  298-781-3301
ADD_PHONE TJackso16  724-609-1368
ADD_USER  TKinney45    173 Tristan Kinney
ADD_PHONE TKinney45  222-753-6163
ADD_PHONE TKinney45  555-347-7085
ADD_USER  TLeeway55     17 Tristan Leeway
ADD_USER  TMadeli79   8903 Taylor Madeline
ADD_USER  TMax01        51 Tyler Max Stack
ADD_PHONE TMax01     745-751-7369
ADD_PHONE TMax01     774-413-0803
ADD_PHONE TMax01     896-940-6856
ADD_USER  TNozzle03   9910 Taylor Nozzle
ADD_PHONE TNozzle03  148-541-4512
ADD_PHONE TNozzle03  217-746-9400
ADD_PHONE TNozzle03  322-578-5626
ADD_USER  TPerill89  47843 Taylor Perilla
ADD_PHONE TPerill89  105-311-5648
ADD_USER  TPermit91   6073 Tristan Permitted Jr
ADD_USER  TPurvey00   3006 Tyler Purveyor
ADD_PHONE TPurvey00  435-723-8556
ADD_USER  TRetina45  23448 Tyler Retina
ADD_PHONE TRetina45  300-625-8697
ADD_PHONE TRetina45  580-625-7691
ADD_PHONE TRetina45  637-923-8158
ADD_USER  TSights68  43880 Thomas Sightseeing
ADD_PHONE TSights68  276-340-7532
ADD_PHONE TSights68  469-275-6514
ADD_PHONE TSights68  578-363-2681
ADD_USER  TSilkwo47    788 Thomas Silkworm Esq
ADD_PHONE TSilkwo47  428-593-5213
ADD_USER  TStar53    21446 Taylor Star
ADD_PHONE TStar53    202-677-0188
ADD_PHONE TStar53    718-980-9306
ADD_USER  TTitian19  43289 Taylor Titian
ADD_PHONE TTitian19  150-688-2339
ADD_PHONE TTitian19  398-892-0887
ADD_USER  VBurton93      8 Victoria Burton
ADD_PHONE VBurton93  020-015-1645
ADD_PHONE VBurton93  819-621-0000
ADD_PHONE VBurton93  993-242-3129
ADD_USER  VKnowet33  21562 Victoria Knoweth
ADD_PHONE VKnowet33  336-116-9676
ADD_USER  VPop65        23 Victoria Pop
ADD_USER  VScarfa92     76 Victoria Scarface
ADD_PHONE VScarfa92  162-182-0143
ADD_PHONE VScarfa92  664-018-3888
ADD_USER  WAlexei73  30616 William Alexei
ADD_PHONE WAlexei73  637-743-7881
ADD_PHONE WAlexei73  804-123-1250
ADD_USER  WBaptis12     82 Wyatt Baptiste
ADD_PHONE WBaptis12  229-907-1212
ADD_PHONE WBaptis12  641-440-3570
ADD_PHONE WBaptis12  982-996-8186
ADD_USER  WCamero01     11 William Cameron Collision
ADD_PHONE WCamero01  204-787-2929
ADD_PHONE WCamero01  566-236-2331
ADD_PHONE WCamero01  774-461-2651
ADD_USER  WCockle05     59 William Cocklebur MD
ADD_PHONE WCockle05  863-503-6058
ADD_USER  WCombin21   7178 William Combination
ADD_PHONE WCombin21  425-536-2643
ADD_PHONE WCombin21  848-974-5216
ADD_USER  WEosine13     68 Wyatt Eosine
ADD_PHONE WEosine13  792-095-7510
ADD_USER  WExchan60     72 William Exchange
ADD_USER  WIodate76     45 Wyatt Iodate
ADD_PHONE WIodate76  064-483-4387
ADD_USER  WKickba80   8081 Wyatt Kickback
ADD_USER  WMuggy08   20673 Wyatt Muggy
ADD_PHONE WMuggy08   182-659-9035
ADD_PHONE WMuggy08   328-445-9794
ADD_USER  WMultip93    771 William Multiplet
ADD_USER  WPapyru45  26025 William Papyrus
ADD_PHONE WPapyru45  243-811-6575
ADD_PHONE WPapyru45  424-119-4876
ADD_PHONE WPapyru45  573-744-6000
ADD_USER  WSwede21    7701 Wyatt Swede
ADD_PHONE WSwede21   399-717-3323
ADD_PHONE WSwede21   758-387-0685
ADD_USER  WWherew11    262 William Wherewithal
ADD_PHONE WWherew11  336-734-6968
ADD_PHONE WWherew11  346-887-8256
ADD_USER  WWicket38  16452 William Wicket
ADD_PHONE WWicket38  071-023-5463
ADD_PHONE WWicket38  683-006-9065
ADD_USER  XAesthe37   2851 Xavier Aesthete
ADD_USER  XEnglis24     70 Xavier Englishmen
ADD_USER  XFacade50    707 Xavier Facade
ADD_USER  XPleiad65   6014 Xavier Pleiades
ADD_PHONE XPleiad65  566-224-8879
ADD_USER  XUpperm52  46343 Xavier Uppermost
ADD_PHONE XUpperm52  216-828-9003
ADD_PHONE XUpperm52  759-309-2630
ADD_USER  XVortic28     21 Xavier Vortices
ADD_USER  XWadswo01     35 Xavier Wadsworth
ADD_USER  ZCalend07    307 Zoey Calendar
ADD_PHONE ZCalend07  178-658-2648
ADD_PHONE ZCalend07  981-648-3994
ADD_USER  ZCaught02   3477 Zachary Caught
ADD_PHONE ZCaught02  143-166-5208
ADD_PHONE ZCaught02  144-693-4084
ADD_PHONE ZCaught02  763-133-8493
ADD_USER  ZCrusty01   4001 Zachary Crusty
ADD_PHONE ZCrusty01  377-104-5321
ADD_PHONE ZCrusty01  468-387-0835
ADD_PHONE ZCrusty01  475-062-5917
ADD_USER  ZEli86       580 Zachary Eli Chop
ADD_USER  ZEsq65       843 Zoe Esq
ADD_PHONE ZEsq65     028-137-2955
ADD_PHONE ZEsq65     154-104-1499
ADD_USER  ZFount05      51 Zachary Fount
ADD_PHONE ZFount05   330-984-9411
ADD_PHONE ZFount05   475-941-6252
ADD_PHONE ZFount05   848-650-6880
ADD_USER  ZGamesm72     33 Zoe Gamesman
ADD_PHONE ZGamesm72  101-356-0507
ADD_PHONE ZGamesm72  257-259-6953
ADD_PHONE ZGamesm72  558-983-9761
ADD_USER  ZGill03     7417 Zoe Gill
ADD_PHONE ZGill03    132-702-6302
ADD_USER  ZHasp56      438 Zachary Hasp
ADD_USER  ZJackda01     96 Zachary Jackdaw
ADD_PHONE ZJackda01  311-551-8820
ADD_PHONE ZJackda01  474-341-5315
ADD_USER  ZKaddis17   8258 Zachary Kaddish
ADD_PHONE ZKaddis17  613-155-2823
ADD_PHONE ZKaddis17  631-478-1034
ADD_USER  ZLuke59      567 Zachary Luke Renoir
ADD_USER  ZMoscow56   6156 Zoey Moscow
ADD_PHONE ZMoscow56  453-818-7945
ADD_PHONE ZMoscow56  467-245-4850
ADD_USER  ZOctill44  35978 Zoe Octillion
ADD_PHONE ZOctill44  094-998-6726
ADD_USER  ZParisi12  29781 Zoe Parisian
ADD_PHONE ZParisi12  218-212-4504
ADD_PHONE ZParisi12  732-235-5327
ADD_USER  ZSquali98  47089 Zoe Squalid
ADD_PHONE ZSquali98  069-416-8057
ADD_PHONE ZSquali98  643-001-9137
ADD_PHONE ZSquali98  704-556-6405
ADD_USER  ZWinkle25    426 Zoe Winkle
ADD_PHONE ZWinkle25  845-706-5836
ADD_USER  ZWrapup59  12621 Zachary Wrapup
ADD_USER  ZYarmou97   4264 Zoey Yarmouth
MARK_USED 0726P39cNeTQAE 1QMqlVEDcaokmc 4Cg4SofBa49YP7 Cwl90rz1rjtgsZ D4DNfcLTuV3kIz Dk65tm7GpCOvSf GK69bSCbpg9cwp JqXwdYuQ6DIjOO
MARK_USED NUb2upso2fwIcT Ns4ZsiVcEPhTat P5AbGOmlH9X9bM PDpWRy6sCURaNL TLWuI1K3ZDOE6d Vrt25EUNUz0wC9 WKsxlmLKWNOGtp YD0uhFLSBaVu8r
MARK_USED YG5YfGBFGu0538 YyJa2ucsiNdYPr ZGyf6UfNpyFyXO ZNuPMCj3KJ7XJ9 elLpImZCQi039A fuC2fOODZclGKA g1HQHv5aHpeTq7 h5ddJet9mWFoRI
MARK_USED puauyAtGAYZj0E r2uQm0kKkmcvI3 rXYsEUGzJzBXyo sBGlECNojkDNah ugzVfhi39ZkfGB wIrkir74aSpbt1
