PRIZE     dogo         570      3 Club Dogo 12-Month Subscription
PRIZE     downloads    700      8 10 MP3 Downloads from Babster
PRIZE     habitat       35    100 Donation to Habitat for Humanity
PRIZE     hat         2222      2 Ninja Warrior Mount Midoriyama T-Shirt
PRIZE     maze           1     20 Memory Collector Maze Downloadable Game
PRIZE     ovis          50      3 Ovis Rent a Car Single Upgrade Coupon
PRIZE     pudget        50      5 pudget Rent A Car Single Upgrade Coupon
PRIZE     quest          1     10 Memory Quest Downloadable Game
PRIZE     rest         500      5 Restaurant Gift Card from E-Restaurants.com
PRIZE     visasweep      1   1000 $500 VISA(r) Gift Card Sweepstakes Entry
ADD_USER  AAbigai76   1804 Addison Abigail Counsel
ADD_PHONE AAbigai76  181-104-3611
ADD_PHONE AAbigai76  275-859-7230
ADD_PHONE AAbigai76  765-486-9496
ADD_USER  AAcadem16     13 Anna Academia
ADD_USER  AAccent70  37756 Avery Accentuate
ADD_PHONE AAccent70  129-793-6736
ADD_PHONE AAccent70  854-929-7623
ADD_USER  AAcclim80    147 Arianna Acclimate
ADD_USER  AAdam86      693 Alexander Adam Intake
ADD_PHONE AAdam86    744-948-0998
ADD_USER  AAddiso26  11678 Alyssa Addison Lockheed
ADD_PHONE AAddiso26  606-492-2014
ADD_USER  AAgouti66   4193 Alexis Agouti
ADD_USER  AAlcott01     41 Arianna Alcott
ADD_PHONE AAlcott01  129-412-3224
ADD_PHONE AAlcott01  358-637-6506
ADD_PHONE AAlcott01  831-119-8693
ADD_USER  AAmbros69   8736 Abigail Ambrosia
ADD_PHONE AAmbros69  063-477-7837
ADD_USER  AAndes30     892 Alex Andes
ADD_USER  AArseni89   9519 Amelia Arsenide
ADD_PHONE AArseni89  072-313-9712
ADD_PHONE AArseni89  091-018-1503
ADD_USER  AAssai87      93 Arianna Assai
ADD_USER  AAugmen28   2119 Adam Augmentation
ADD_USER  AAwful95     170 Anthony Awful
ADD_USER  ABailey25     35 Addison Bailey Bear
ADD_USER  ABenjam20   2955 Adam Benjamin Lapse
ADD_PHONE ABenjam20  706-936-3364
ADD_PHONE ABenjam20  707-360-2433
ADD_USER  ABlenhe69     71 Alexis Blenheim
ADD_PHONE ABlenhe69  352-335-4146
ADD_PHONE ABlenhe69  449-984-0660
ADD_PHONE ABlenhe69  835-603-1288
ADD_USER  ABlomqu21  37377 Austin Blomquist
ADD_USER  ABootst20    252 Arianna Bootstrapping
ADD_PHONE ABootst20  821-503-7607
ADD_USER  ABreech53   6546 Alexandra Breech
ADD_PHONE ABreech53  132-959-6930
ADD_PHONE ABreech53  379-371-2719
ADD_USER  ABriann69     61 Alyssa Brianna Theodosian
ADD_PHONE ABriann69  841-079-5557
ADD_PHONE ABriann69  882-502-1638
ADD_USER  ABriggs00     40 Adam Briggs IV
ADD_USER  ABrimfu56     36 Ava Brimful
ADD_PHONE ABrimfu56  262-742-9806
ADD_PHONE ABrimfu56  713-993-2344
ADD_PHONE ABrimfu56  966-393-5181
ADD_USER  ACellul06  18794 Alyssa Cellulose
ADD_PHONE ACellul06  199-341-5480
ADD_PHONE ACellul06  305-522-0703
ADD_PHONE ACellul06  444-033-6615
ADD_USER  ACern36    33359 Allison Cern
ADD_PHONE ACern36    076-204-0801
ADD_USER  AChase83    7039 Adam Chase Brandon
ADD_USER  ACinder01     91 Arianna Cinderella
ADD_PHONE ACinder01  544-920-5425
ADD_USER  AClande03    715 Audrey Clandestine
ADD_PHONE AClande03  247-950-0904
ADD_PHONE AClande03  575-252-9480
ADD_USER  AClassy26  17398 Andrew Classy PhD
ADD_PHONE AClassy26  546-935-3123
ADD_PHONE AClassy26  849-149-6538
ADD_USER  ACole60      449 Aaron Cole Refuge
ADD_PHONE ACole60    347-773-3418
ADD_PHONE ACole60    730-152-1366
ADD_USER  AComfor56  34130 Abigail Comfort
ADD_PHONE AComfor56  376-648-1013
ADD_PHONE AComfor56  791-044-7453
ADD_PHONE AComfor56  965-280-5664
ADD_USER  AConefl06     73 Aubrey Coneflower
ADD_PHONE AConefl06  068-506-7863
ADD_PHONE AConefl06  209-435-0653
ADD_USER  AConfer90   7223 Amelia Conferred
ADD_PHONE AConfer90  045-714-5648
ADD_PHONE AConfer90  206-331-9885
ADD_PHONE AConfer90  930-051-7131
ADD_USER  AConic53     432 Aiden Conic
ADD_PHONE AConic53   089-198-3281
ADD_PHONE AConic53   926-437-1089
ADD_USER  AConkli37    765 Amelia Conklin
ADD_USER  ACounte29     46 Addison Counterpoint
ADD_PHONE ACounte29  151-426-7947
ADD_PHONE ACounte29  484-090-6951
ADD_PHONE ACounte29  697-859-4195
ADD_USER  ACoutur77    889 Ava Couturier
ADD_USER  ACreek12      74 Aaron Creek
ADD_PHONE ACreek12   258-464-2361
ADD_PHONE ACreek12   494-577-8270
ADD_USER  ACunnin58    582 Arianna Cunningham
ADD_PHONE ACunnin58  120-395-1984
ADD_USER  ADaniel59    150 Austin Daniel Candace
ADD_PHONE ADaniel59  446-216-3517
ADD_USER  ADead99     6902 Andrew Dead
ADD_USER  ADelawa30    562 Arianna Delaware
ADD_PHONE ADelawa30  414-573-1416
ADD_PHONE ADelawa30  454-338-5113
ADD_PHONE ADelawa30  543-593-9811
ADD_USER  ADeleti72    556 Abigail Deletion
ADD_USER  ADepres68    603 Aaron Depressor
ADD_PHONE ADepres68  697-289-0014
ADD_USER  ADesk54     8741 Alyssa Desk
ADD_PHONE ADesk54    060-803-6778
ADD_PHONE ADesk54    434-435-9853
ADD_PHONE ADesk54    976-378-3192
ADD_USER  ADiverg47  21389 Anthony Diverge
ADD_USER  ADogleg00     91 Aiden Dogleg
ADD_PHONE ADogleg00  634-154-5486
ADD_PHONE ADogleg00  833-552-3792
ADD_USER  ADonton08     31 Aaron Dontonio Grayson
ADD_PHONE ADonton08  353-734-3423
ADD_PHONE ADonton08  414-785-8486
ADD_PHONE ADonton08  679-724-6727
ADD_USER  ADowns71      80 Aidan Downs
ADD_PHONE ADowns71   534-390-0575
ADD_PHONE ADowns71   918-184-6879
ADD_USER  ADylan16   22912 Alex Dylan Ivanhoe
ADD_PHONE ADylan16   119-135-9168
ADD_USER  AEggshe45    254 Amelia Eggshell
ADD_PHONE AEggshe45  279-343-2921
ADD_USER  AEmotio81     30 Andrew Emotion
ADD_USER  AEosine96    537 Alexander Eosine
ADD_PHONE AEosine96  303-011-9515
ADD_PHONE AEosine96  657-677-6805
ADD_PHONE AEosine96  869-509-2789
ADD_USER  AEpigen25     37 Anthony Epigenetic
ADD_PHONE AEpigen25  233-861-2969
ADD_PHONE AEpigen25  423-517-8553
ADD_USER  AEuridy86     10 Andrew Euridyce
ADD_USER  AEvelyn14  34776 Alexis Evelyn Cornbread MD
ADD_PHONE AEvelyn14  385-403-3760
ADD_USER  AExcheq18   9646 Adam Exchequer
ADD_PHONE AExcheq18  290-343-7251
ADD_PHONE AExcheq18  486-932-7420
ADD_USER  AFergus75     26 Anthony Ferguson
ADD_PHONE AFergus75  245-649-2546
ADD_PHONE AFergus75  745-329-1369
ADD_PHONE AFergus75  921-822-6421
ADD_USER  AFlagpo83    835 Avery Flagpole
ADD_PHONE AFlagpo83  428-120-1284
ADD_USER  AFrolic17   1218 Anthony Frolic MD
ADD_PHONE AFrolic17  407-616-8650
ADD_USER  AGibbet04  22232 Aubrey Gibbet
ADD_USER  AGolly06    5329 Alexander Golly
ADD_PHONE AGolly06   972-047-8583
ADD_PHONE AGolly06   992-063-2206
ADD_USER  AGuaran51     95 Alex Guaranteeing
ADD_PHONE AGuaran51  268-201-6374
ADD_PHONE AGuaran51  502-898-2897
ADD_PHONE AGuaran51  782-635-4661
ADD_USER  AHandso75     73 Avery Handsome
ADD_PHONE AHandso75  025-889-9234
ADD_PHONE AHandso75  417-443-4660
ADD_USER  AHardwo54    102 Abigail Hardwood
ADD_PHONE AHardwo54  723-053-3937
ADD_PHONE AHardwo54  755-435-3960
ADD_USER  AHasten39     88 Arianna Hasten
ADD_PHONE AHasten39  515-687-1775
ADD_PHONE AHasten39  866-532-7696
ADD_PHONE AHasten39  901-294-3772
ADD_USER  AHenley78   3645 Arianna Henley
ADD_PHONE AHenley78  867-213-5794
ADD_USER  AHerewi15     73 Alexis Herewith
ADD_USER  AHerman60  46445 Allison Hermann
ADD_PHONE AHerman60  320-220-4963
ADD_PHONE AHerman60  969-043-2218
ADD_USER  AHillel44     90 Anna Hillel
ADD_PHONE AHillel44  024-396-3461
ADD_PHONE AHillel44  047-126-2657
ADD_USER  AHydrox15      9 Aiden Hydroxy
ADD_PHONE AHydrox15  341-934-9421
ADD_USER  AHypoth76   2421 Alex Hypothalamic
ADD_USER  AIcicle77     85 Allison Icicle
ADD_PHONE AIcicle77  881-069-1374
ADD_USER  AInaugu96     87 Aaron Inaugurate
ADD_USER  AInfreq64     81 Audrey Infrequent
ADD_USER  AInstit36  24376 Anthony Institute
ADD_USER  AInviab43   8019 Ava Inviable
ADD_PHONE AInviab43  929-709-2625
ADD_USER  AIsaiah63   4801 Aiden Isaiah Dummy
ADD_PHONE AIsaiah63  296-598-4125
ADD_PHONE AIsaiah63  297-227-0928
ADD_USER  AJackda89    302 Anna Jackdaw
ADD_USER  AJordan30    487 Amelia Jordan
ADD_USER  AJordan83  29278 Adam Jordan Dent
ADD_PHONE AJordan83  077-966-1104
ADD_PHONE AJordan83  175-939-7744
ADD_PHONE AJordan83  404-751-0716
ADD_USER  AJunta87     765 Austin Junta
ADD_PHONE AJunta87   996-860-2527
ADD_USER  AKately05   4117 Arianna Katelyn Pomona
ADD_PHONE AKately05  404-913-4104
ADD_PHONE AKately05  916-046-2960
ADD_USER  AKenton90     55 Andrew Kenton
ADD_PHONE AKenton90  405-274-4694
ADD_PHONE AKenton90  435-787-5891
ADD_USER  AKowale27     17 Abigail Kowalewski
ADD_PHONE AKowale27  009-047-0299
ADD_PHONE AKowale27  217-259-8943
ADD_PHONE AKowale27  635-176-6865
ADD_USER  ALayla79    8606 Avery Layla Hickory
ADD_PHONE ALayla79   291-489-8985
ADD_PHONE ALayla79   853-113-9777
ADD_USER  ALegion81    193 Ava Legion
ADD_USER  ALeroy85      18 Avery Leroy
ADD_PHONE ALeroy85   187-496-3791
ADD_PHONE ALeroy85   195-057-5941
ADD_PHONE ALeroy85   917-033-8150
ADD_USER  ALithic94    419 Alyssa Lithic PhD
ADD_USER  ALivre00      57 Aaron Livre
ADD_PHONE ALivre00   152-664-2635
ADD_PHONE ALivre00   592-937-0820
ADD_PHONE ALivre00   977-429-6022
ADD_USER  ALucas70      91 Alex Lucas Jimmie
ADD_USER  ALunch88     249 Aidan Lunch
ADD_PHONE ALunch88   618-301-0407
ADD_USER  AMaid50    47412 Addison Maid Esq
ADD_PHONE AMaid50    688-720-0808
ADD_PHONE AMaid50    861-374-1074
ADD_PHONE AMaid50    994-599-5455
ADD_USER  AMall93       65 Adam Mall
ADD_PHONE AMall93    917-253-1882
ADD_USER  AMargo66     227 Avery Margo
ADD_USER  AMarvel74    694 Abigail Marvel PhD
ADD_USER  AMcdona37    410 Aubrey Mcdonald
ADD_PHONE AMcdona37  550-085-1632
ADD_USER  AMeanwh60   9178 Arianna Meanwhile
ADD_USER  AMiller34  27846 Andrew Miller
ADD_PHONE AMiller34  189-438-4233
ADD_PHONE AMiller34  193-622-8328
ADD_PHONE AMiller34  665-704-8955
ADD_USER  AMissou52    474 Addison Missoula
ADD_PHONE AMissou52  274-930-7615
ADD_PHONE AMissou52  581-146-4893
ADD_USER  AMobile02     39 Anna Mobile
ADD_PHONE AMobile02  075-934-7338
ADD_PHONE AMobile02  506-106-7916
ADD_PHONE AMobile02  801-388-2027
ADD_USER  AMocker53    219 Arianna Mockernut
ADD_USER  AMockin57    298 Aaron Mockingbird
ADD_PHONE AMockin57  002-561-0927
ADD_PHONE AMockin57  377-545-4593
ADD_PHONE AMockin57  649-036-9204
ADD_USER  AMohr93     6065 Anna Mohr
ADD_PHONE AMohr93    272-756-2434
ADD_USER  AMoisey86    532 Andrew Moiseyev
ADD_PHONE AMoisey86  140-588-5194
ADD_PHONE AMoisey86  305-180-2410
ADD_USER  AMooris75   5846 Anna Moorish
ADD_USER  ANorris12     97 Anna Norris
ADD_PHONE ANorris12  348-389-6510
ADD_PHONE ANorris12  458-957-5202
ADD_PHONE ANorris12  586-561-3661
ADD_USER  AObelis27   1239 Allison Obelisk
ADD_PHONE AObelis27  384-747-2832
ADD_USER  AOffbea52  16970 Avery Offbeat
ADD_PHONE AOffbea52  737-327-7927
ADD_USER  AOliver52     80 Alex Oliver Hodgkin
ADD_PHONE AOliver52  130-536-3582
ADD_PHONE AOliver52  435-709-5788
ADD_PHONE AOliver52  976-596-3809
ADD_USER  AOmaha06      80 Austin Omaha
ADD_PHONE AOmaha06   279-566-0899
ADD_PHONE AOmaha06   591-301-4004
ADD_USER  AOrlean58     72 Alexander Orleans
ADD_PHONE AOrlean58  367-022-3595
ADD_PHONE AOrlean58  519-612-2315
ADD_USER  APercen61    957 Aaron Percent
ADD_USER  APerfid16     23 Audrey Perfidious MD
ADD_PHONE APerfid16  919-849-6806
ADD_USER  APersia74   5522 Alexander Persia IV
ADD_USER  APocus31    2094 Alexander Pocus Esq
ADD_PHONE APocus31   866-505-1476
ADD_USER  APraseo98   9721 Anthony Praseodymium PhD
ADD_PHONE APraseo98  786-421-9263
ADD_USER  APrepos81   5667 Alexis Preposterous
ADD_PHONE APrepos81  240-153-3745
ADD_PHONE APrepos81  264-311-2548
ADD_USER  APrism46    8604 Avery Prism
ADD_USER  APythag04  12573 Amelia Pythagorean
ADD_USER  ARepell85    202 Alexis Repelling
ADD_PHONE ARepell85  396-930-1763
ADD_PHONE ARepell85  790-448-5540
ADD_PHONE ARepell85  923-977-3565
ADD_USER  AReverb46  45570 Anna Reverberate
ADD_PHONE AReverb46  129-848-5032
ADD_USER  ARuanda76     91 Avery Ruanda
ADD_PHONE ARuanda76  092-698-4104
ADD_PHONE ARuanda76  324-845-3613
ADD_PHONE ARuanda76  733-493-1279
ADD_USER  ARutile15     14 Aubrey Rutile
ADD_USER  ASalari00    565 Aaron Salaried
ADD_PHONE ASalari00  551-810-2258
ADD_PHONE ASalari00  948-795-3029
ADD_PHONE ASalari00  979-284-6694
ADD_USER  ASeamen44    223 Alexis Seamen
ADD_PHONE ASeamen44  239-489-3954
ADD_PHONE ASeamen44  638-443-5356
ADD_USER  AShakea85  28498 Anthony Shakeable
ADD_USER  ASniffl65    446 Avery Sniffly
ADD_PHONE ASniffl65  098-244-8658
ADD_PHONE ASniffl65  923-864-5121
ADD_PHONE ASniffl65  962-166-2377
ADD_USER  ASolute69     31 Alex Solute
ADD_USER  ASpicy57   33852 Allison Spicy
ADD_PHONE ASpicy57   189-152-6993
ADD_PHONE ASpicy57   391-492-0762
ADD_PHONE ASpicy57   816-434-9869
ADD_USER  ASpinod27  34640 Austin Spinodal
ADD_USER  ASpring25     30 Aaron Springtail IV
ADD_PHONE ASpring25  477-962-8182
ADD_USER  AStart94     212 Alexandra Start
ADD_PHONE AStart94   297-382-5837
ADD_PHONE AStart94   724-921-8192
ADD_USER  AStulti22    905 Austin Stultify
ADD_PHONE AStulti22  318-602-9043
ADD_USER  ASuicid84  10616 Aidan Suicide
ADD_PHONE ASuicid84  023-910-7918
ADD_PHONE ASuicid84  032-792-1333
ADD_PHONE ASuicid84  743-068-9240
ADD_USER  ASumner42   8380 Anna Sumner
ADD_USER  ATerra74    5998 Amelia Terra
ADD_PHONE ATerra74   085-988-9463
ADD_USER  ATestim53      5 Audrey Testimonial
ADD_PHONE ATestim53  069-852-9838
ADD_PHONE ATestim53  306-148-3493
ADD_PHONE ATestim53  389-680-5489
ADD_USER  AThinni44    119 Alexandra Thinnish PhD
ADD_USER  AThorpe37     91 Aidan Thorpe
ADD_USER  AThough38     64 Arianna Though
ADD_PHONE AThough38  222-941-0487
ADD_PHONE AThough38  422-570-4631
ADD_PHONE AThough38  434-780-4098
ADD_USER  ATithe60   17721 Alexander Tithe
ADD_PHONE ATithe60   692-401-7522
ADD_PHONE ATithe60   785-508-6009
ADD_PHONE ATithe60   801-829-5848
ADD_USER  ATyler02   43946 Adam Tyler Wastage
ADD_PHONE ATyler02   350-655-3914
ADD_PHONE ATyler02   669-490-1193
ADD_USER  ATyler99    1596 Alexander Tyler Tuba
ADD_PHONE ATyler99   665-986-1155
ADD_PHONE ATyler99   898-094-5768
ADD_USER  ATypese04    485 Anthony Typeset
ADD_PHONE ATypese04  135-273-5777
ADD_PHONE ATypese04  319-290-0421
ADD_PHONE ATypese04  491-492-8358
ADD_USER  AUnderc67   5427 Adam Underclassmen III
ADD_PHONE AUnderc67  325-573-8033
ADD_PHONE AUnderc67  389-156-8798
ADD_PHONE AUnderc67  807-971-8233
ADD_USER  AWolcot91     21 Audrey Wolcott
ADD_PHONE AWolcot91  640-960-3306
ADD_USER  AYen76      1130 Alyssa Yen
ADD_PHONE AYen76     543-797-8446
ADD_USER  Andrew80    3952 Andrew
ADD_PHONE Andrew80   016-749-2090
ADD_USER  Anthony17   7380 Anthony
ADD_PHONE Anthony17  275-868-2219
ADD_PHONE Anthony17  684-722-9332
ADD_USER  BAriann86  12634 Bella Arianna Reason
ADD_PHONE BAriann86  873-245-2175
ADD_USER  BAsplen74  49416 Brody Asplenium
ADD_PHONE BAsplen74  328-833-0591
ADD_PHONE BAsplen74  518-246-0967
ADD_PHONE BAsplen74  818-823-6823
ADD_USER  BAudiot54     95 Benjamin Audiotape Esq
ADD_PHONE BAudiot54  815-277-7063
ADD_USER  BAustin44  30733 Brayden Austin
ADD_PHONE BAustin44  262-343-9460
ADD_USER  BBaggy18     562 Brooke Baggy
ADD_USER  BBark18    24144 Brandon Bark
ADD_PHONE BBark18    422-163-2895
ADD_PHONE BBark18    630-332-0526
ADD_PHONE BBark18    785-954-1978
ADD_USER  BBizet11     293 Benjamin Bizet
ADD_PHONE BBizet11   727-932-7241
ADD_PHONE BBizet11   874-301-1300
ADD_USER  BBlinn70   45985 Brianna Blinn
ADD_PHONE BBlinn70   150-707-9040
ADD_PHONE BBlinn70   557-066-0757
ADD_USER  BBrawl32     280 Blake Brawl
ADD_USER  BCalend91  27130 Bella Calendar
ADD_PHONE BCalend91  536-568-5258
ADD_PHONE BCalend91  539-815-2909
ADD_USER  BCharis89    384 Brandon Charismatic
ADD_PHONE BCharis89  125-963-7943
ADD_PHONE BCharis89  928-026-6439
ADD_USER  BCompan67   2964 Blake Companion
ADD_USER  BConvey71     77 Brianna Conveyance
ADD_USER  BDemogr25   6324 Brayden Demography
ADD_PHONE BDemogr25  039-875-1948
ADD_PHONE BDemogr25  810-656-3249
ADD_USER  BDeprec97     73 Bella Depreciable
ADD_USER  BEight44   48773 Brandon Eight
ADD_PHONE BEight44   432-567-3650
ADD_PHONE BEight44   622-220-0483
ADD_USER  BEllips38  26667 Brayden Ellipsometer
ADD_PHONE BEllips38  595-128-7249
ADD_PHONE BEllips38  955-093-8329
ADD_USER  BEmascu83     82 Brody Emasculate III
ADD_PHONE BEmascu83  499-607-1311
ADD_PHONE BEmascu83  972-569-5114
ADD_USER  BEmile49    6862 Brody Emile
ADD_PHONE BEmile49   843-016-0804
ADD_USER  BEmma29    40091 Bella Emma Irrawaddy
ADD_PHONE BEmma29    313-034-1953
ADD_PHONE BEmma29    625-982-5186
ADD_PHONE BEmma29    718-753-4941
ADD_USER  BEvolut85     90 Brooke Evolution
ADD_PHONE BEvolut85  006-752-5985
ADD_PHONE BEvolut85  042-631-2652
ADD_USER  BFeveri78     77 Bailey Feverish
ADD_PHONE BFeveri78  686-868-9944
ADD_PHONE BFeveri78  983-038-9349
ADD_USER  BFootba66    920 Blake Football
ADD_PHONE BFootba66  356-717-7792
ADD_PHONE BFootba66  513-165-4831
ADD_USER  BForlor25   6549 Brooklyn Forlorn
ADD_USER  BHabit62   44728 Brianna Habit
ADD_PHONE BHabit62   066-099-2602
ADD_USER  BHeadli54     29 Bella Headline
ADD_PHONE BHeadli54  083-402-2795
ADD_PHONE BHeadli54  210-945-5268
ADD_PHONE BHeadli54  895-407-1149
ADD_USER  BHearty60  37350 Benjamin Hearty
ADD_PHONE BHearty60  012-335-6365
ADD_PHONE BHearty60  416-183-1141
ADD_PHONE BHearty60  704-827-9431
ADD_USER  BHeath96      74 Benjamin Heath
ADD_USER  BHewn40      847 Brody Hewn
ADD_PHONE BHewn40    006-851-6860
ADD_PHONE BHewn40    332-495-0814
ADD_PHONE BHewn40    682-856-9338
ADD_USER  BHorses65    446 Brayden Horseshoe
ADD_USER  BHummel23     27 Brianna Hummel Esq
ADD_PHONE BHummel23  315-841-5371
ADD_PHONE BHummel23  525-010-0276
ADD_PHONE BHummel23  680-349-8071
ADD_USER  BHydrop76    152 Blake Hydrophobia
ADD_PHONE BHydrop76  226-983-2459
ADD_PHONE BHydrop76  404-647-7652
ADD_PHONE BHydrop76  439-622-1586
ADD_USER  BIrredu92  44801 Bailey Irreducible
ADD_USER  BJess95    25262 Bailey Jess
ADD_PHONE BJess95    072-031-0257
ADD_PHONE BJess95    319-954-4457
ADD_USER  BLagos31   31745 Brooklyn Lagos
ADD_PHONE BLagos31   457-405-2714
ADD_PHONE BLagos31   789-253-9876
ADD_USER  BLavish72   4321 Brianna Lavish
ADD_PHONE BLavish72  040-606-1380
ADD_USER  BLiam10     7557 Brandon Liam Delusion
ADD_USER  BLocomo85     54 Brooklyn Locomotory
ADD_PHONE BLocomo85  528-463-5212
ADD_USER  BLoess48      23 Brandon Loess
ADD_USER  BLura55      400 Brandon Lura
ADD_USER  BMadeli32  36806 Brooke Madeline Dismal
ADD_PHONE BMadeli32  889-295-6925
ADD_USER  BMia08       712 Brooke Mia Debussy
ADD_PHONE BMia08     628-423-5668
ADD_USER  BMia23     28397 Brooklyn Mia Delphine
ADD_USER  BMiser17   16628 Brooklyn Miser
ADD_USER  BNoodle65      6 Brayden Noodle
ADD_PHONE BNoodle65  039-893-6933
ADD_PHONE BNoodle65  405-418-1775
ADD_PHONE BNoodle65  743-462-4153
ADD_USER  BNullst27   2112 Brayden Nullstellensatz
ADD_PHONE BNullst27  405-910-5315
ADD_USER  BOedipu89     18 Bailey Oedipus
ADD_PHONE BOedipu89  481-757-6444
ADD_PHONE BOedipu89  866-761-4935
ADD_USER  BOneupm52   8248 Bailey Oneupmanship
ADD_PHONE BOneupm52  399-495-2524
ADD_USER  BPaige01    5042 Brianna Paige Audience
ADD_PHONE BPaige01   590-242-4625
ADD_PHONE BPaige01   953-163-5454
ADD_USER  BPatrio92   2209 Brayden Patriotic
ADD_PHONE BPatrio92  884-966-5209
ADD_PHONE BPatrio92  998-996-1443
ADD_USER  BPlank35      34 Bailey Plank
ADD_USER  BPostpo20     13 Brody Postposition
ADD_USER  BRaylei50     71 Brianna Rayleigh
ADD_PHONE BRaylei50  377-742-3499
ADD_PHONE BRaylei50  712-927-3933
ADD_USER  BReclam64    528 Brooklyn Reclamation
ADD_PHONE BReclam64  230-396-1922
ADD_USER  BRest20       54 Brooklyn Rest
ADD_PHONE BRest20    605-545-4690
ADD_PHONE BRest20    771-608-0070
ADD_USER  BRunoff35     32 Bailey Runoff
ADD_PHONE BRunoff35  151-681-4062
ADD_PHONE BRunoff35  589-184-3505
ADD_USER  BSchott91     79 Benjamin Schottky
ADD_PHONE BSchott91  875-295-4638
ADD_USER  BSeagra11  30289 Brody Seagram
ADD_USER  BSheer29     522 Bella Sheer
ADD_PHONE BSheer29   108-763-7835
ADD_PHONE BSheer29   475-309-5979
ADD_USER  BShipbo95    602 Bailey Shipboard Esq
ADD_PHONE BShipbo95  220-476-2673
ADD_PHONE BShipbo95  473-577-4529
ADD_USER  BSmolde89    435 Bella Smolder
ADD_PHONE BSmolde89  575-044-6717
ADD_USER  BSnowy05   49929 Blake Snowy PhD
ADD_PHONE BSnowy05   030-614-9781
ADD_USER  BSofia13    3832 Brianna Sofia Sham
ADD_PHONE BSofia13   696-857-1016
ADD_PHONE BSofia13   780-249-4027
ADD_PHONE BSofia13   966-133-7930
ADD_USER  BSphale31    755 Brooke Sphalerite
ADD_PHONE BSphale31  381-766-8823
ADD_PHONE BSphale31  516-182-1949
ADD_USER  BSpring82   8906 Bailey Springtail
ADD_PHONE BSpring82  177-610-8389
ADD_USER  BThrash85  42195 Brayden Thrash
ADD_USER  BTift01       29 Bailey Tift
ADD_PHONE BTift01    232-292-1229
ADD_PHONE BTift01    474-837-3346
ADD_USER  BUnison99   7992 Brooklyn Unison
ADD_PHONE BUnison99  446-862-2538
ADD_USER  BUpturn00    780 Brianna Upturn
ADD_PHONE BUpturn00  123-823-2150
ADD_PHONE BUpturn00  382-739-9494
ADD_PHONE BUpturn00  788-217-9776
ADD_USER  Benjami64   4954 Benjamin
ADD_PHONE Benjami64  684-349-4142
ADD_PHONE Benjami64  745-561-5422
ADD_USER  CAdd93     11847 Cooper Add
ADD_PHONE CAdd93     594-229-5830
ADD_PHONE CAdd93     688-973-0181
ADD_USER  CAgile33   35758 Caroline Agile
ADD_PHONE CAgile33   182-784-9031
ADD_PHONE CAgile33   391-425-4253
ADD_PHONE CAgile33   585-008-0983
ADD_USER  CAgree26     843 Carson Agree
ADD_PHONE CAgree26   505-524-1740
ADD_USER  CAlgal59    2800 Claire Algal
ADD_PHONE CAlgal59   359-448-2943
ADD_PHONE CAlgal59   812-794-2452
ADD_USER  CAnthon14  18877 Carson Anthony Embarcadero
ADD_PHONE CAnthon14  135-044-2015
ADD_PHONE CAnthon14  652-954-5201
ADD_USER  CApt63      8352 Caroline Apt
ADD_PHONE CApt63     208-729-5259
ADD_PHONE CApt63     446-630-4783
ADD_USER  CAristo30  29129 Caroline Aristocratic
ADD_USER  CAscrip70     79 Charlotte Ascription
ADD_USER  CAsepti74      6 Christian Aseptic
ADD_USER  CAspira60   5478 Cole Aspirate
ADD_PHONE CAspira60  071-096-1118
ADD_PHONE CAspira60  519-953-8181
ADD_USER  CAvowal19      0 Carson Avowal
ADD_PHONE CAvowal19  247-297-9456
ADD_PHONE CAvowal19  272-942-9194
ADD_PHONE CAvowal19  431-873-2141
ADD_USER  CBarone37   4485 Caleb Baronet
ADD_USER  CBasebo78    731 Cameron Baseboard
ADD_PHONE CBasebo78  170-625-2427
ADD_PHONE CBasebo78  310-287-1879
ADD_PHONE CBasebo78  414-960-2559
ADD_USER  CBirthp92   2113 Carter Birthplace
ADD_USER  CContin68     45 Carter Continua
ADD_USER  CCorrig95     60 Charlie Corrigendum
ADD_USER  CCreole74    624 Caleb Creole
ADD_USER  CDelft77     973 Chloe Delft
ADD_PHONE CDelft77   049-157-5794
ADD_PHONE CDelft77   651-867-9317
ADD_PHONE CDelft77   770-055-6825
ADD_USER  CDisyll29      8 Christopher Disyllable
ADD_USER  CDogber48  32964 Cameron Dogberry
ADD_PHONE CDogber48  352-420-8413
ADD_USER  CEelgra38   4540 Charlie Eelgrass
ADD_USER  CEpistl30   9516 Christopher Epistle MD
ADD_PHONE CEpistl30  073-544-9136
ADD_PHONE CEpistl30  924-999-2051
ADD_USER  CFailso67    198 Carson Failsoft
ADD_USER  CFaithf75   3424 Christian Faithful
ADD_PHONE CFaithf75  035-904-9350
ADD_PHONE CFaithf75  063-077-7051
ADD_USER  CFayett82     53 Charlotte Fayette
ADD_PHONE CFayett82  095-412-4270
ADD_PHONE CFayett82  365-397-8830
ADD_USER  CFootme41   7685 Cameron Footmen
ADD_PHONE CFootme41  345-504-0296
ADD_PHONE CFootme41  496-236-8735
ADD_PHONE CFootme41  779-927-8590
ADD_USER  CForbea58  15645 Cooper Forbearance
ADD_USER  CFrigid52  28302 Carter Frigidaire
ADD_PHONE CFrigid52  622-196-9517
ADD_USER  CGigavo35  28417 Christian Gigavolt
ADD_USER  CHimsel95     41 Chase Himself
ADD_PHONE CHimsel95  121-335-5614
ADD_USER  CHoar69       12 Chase Hoar
ADD_USER  CHuh92       691 Caroline Huh
ADD_USER  CInordi54  29135 Carter Inordinate
ADD_PHONE CInordi54  085-553-6868
ADD_USER  CIntell50  43529 Charlotte Intellect
ADD_PHONE CIntell50  113-253-6209
ADD_PHONE CIntell50  314-206-3340
ADD_PHONE CIntell50  981-049-5662
ADD_USER  CIsomor23    451 Caroline Isomorphic
ADD_PHONE CIsomor23  402-812-0087
ADD_PHONE CIsomor23  823-830-6363
ADD_USER  CKickof66    925 Charlotte Kickoff
ADD_USER  CLexing34    854 Christopher Lexington
ADD_USER  CLigand56  24754 Charlotte Ligand
ADD_PHONE CLigand56  977-527-6756
ADD_USER  CLily56     3783 Claire Lily Fusible
ADD_PHONE CLily56    413-307-6188
ADD_PHONE CLily56    734-318-7910
ADD_USER  CLookou36   2465 Carter Lookout
ADD_USER  CLubric70    850 Cameron Lubricity
ADD_USER  CMadeli44    447 Charlotte Madeline Demijohn
ADD_PHONE CMadeli44  990-754-9607
ADD_USER  CMecca80      16 Charlie Mecca
ADD_PHONE CMecca80   560-158-4211
ADD_PHONE CMecca80   629-675-4920
ADD_PHONE CMecca80   717-727-2561
ADD_USER  CMoor44     9054 Connor Moor
ADD_USER  CMullig88    681 Charlotte Mulligatawny
ADD_PHONE CMullig88  136-472-3634
ADD_PHONE CMullig88  297-272-0133
ADD_PHONE CMullig88  547-479-6406
ADD_USER  CNewspa99    766 Connor Newspaperman
ADD_PHONE CNewspa99  058-279-3412
ADD_PHONE CNewspa99  549-745-4584
ADD_USER  CNichol28   3793 Charlie Nicholas Perjure
ADD_PHONE CNichol28  570-074-5055
ADD_PHONE CNichol28  654-098-8105
ADD_PHONE CNichol28  703-403-6219
ADD_USER  COsteop75    767 Cole Osteopathic
ADD_PHONE COsteop75  268-879-5076
ADD_PHONE COsteop75  280-647-2646
ADD_USER  COwn78     46046 Cole Own
ADD_PHONE COwn78     025-676-4507
ADD_PHONE COwn78     437-070-2528
ADD_PHONE COwn78     751-977-0866
ADD_USER  CParaly29    121 Carson Paralysis
ADD_USER  CPegasu51     27 Chase Pegasus
ADD_USER  CPoliti25     14 Caleb Politico
ADD_PHONE CPoliti25  354-183-5361
ADD_PHONE CPoliti25  484-913-0216
ADD_PHONE CPoliti25  526-026-5689
ADD_USER  CPollux51    713 Charlie Pollux Esq
ADD_PHONE CPollux51  484-470-0197
ADD_USER  CPracti66    924 Charlie Practise
ADD_PHONE CPracti66  306-212-3681
ADD_PHONE CPracti66  928-762-7482
ADD_USER  CPrivy37     675 Cole Privy
ADD_PHONE CPrivy37   041-309-7170
ADD_PHONE CPrivy37   448-839-2010
ADD_USER  CRegret02   2208 Caleb Regretful
ADD_PHONE CRegret02  282-676-5955
ADD_PHONE CRegret02  476-610-1367
ADD_PHONE CRegret02  828-715-0963
ADD_USER  CRein42      763 Caleb Rein
ADD_USER  CRototi01     17 Chase Rototill PhD
ADD_PHONE CRototi01  171-051-3948
ADD_PHONE CRototi01  576-203-4678
ADD_PHONE CRototi01  639-633-6946
ADD_USER  CRustpr42    684 Christian Rustproof
ADD_PHONE CRustpr42  369-017-6012
ADD_PHONE CRustpr42  751-139-9885
ADD_USER  CSable61       7 Claire Sable
ADD_PHONE CSable61   508-343-3638
ADD_PHONE CSable61   613-683-5190
ADD_USER  CScabro23    170 Caleb Scabrous
ADD_PHONE CScabro23  416-954-8368
ADD_PHONE CScabro23  520-274-4690
ADD_USER  CScalar10    911 Caroline Scalar
ADD_PHONE CScalar10  320-960-9638
ADD_USER  CServic40  11396 Cameron Serviceable
ADD_PHONE CServic40  438-082-7162
ADD_PHONE CServic40  688-678-8446
ADD_USER  CSlob47        7 Cooper Slob
ADD_PHONE CSlob47    877-871-4549
ADD_USER  CSly64      5156 Cameron Sly Jr
ADD_USER  CSnag21       28 Chloe Snag
ADD_PHONE CSnag21    128-167-9575
ADD_PHONE CSnag21    733-999-8289
ADD_PHONE CSnag21    963-677-2217
ADD_USER  CSpirit66   8700 Carson Spiritual
ADD_PHONE CSpirit66  355-115-7831
ADD_PHONE CSpirit66  841-132-0712
ADD_USER  CStable53   4117 Cole Stable
ADD_PHONE CStable53  116-093-8301
ADD_PHONE CStable53  405-110-2987
ADD_PHONE CStable53  805-493-2319
ADD_USER  CStriat67  45841 Christopher Striate
ADD_PHONE CStriat67  645-947-9566
ADD_PHONE CStriat67  677-798-2713
ADD_USER  CSubsid94    334 Cole Subsidy
ADD_PHONE CSubsid94  400-698-6641
ADD_PHONE CSubsid94  662-196-5041
ADD_PHONE CSubsid94  964-744-7070
ADD_USER  CSurgeo48   5842 Claire Surgeon
ADD_PHONE CSurgeo48  453-018-1190
ADD_USER  CTaskma13     43 Chase Taskmaster
ADD_PHONE CTaskma13  657-562-5786
ADD_PHONE CTaskma13  889-546-5830
ADD_PHONE CTaskma13  961-571-3289
ADD_USER  CThrong51    228 Chloe Throng
ADD_USER  CTypewr72     73 Caleb Typewritten
ADD_PHONE CTypewr72  024-824-6362
ADD_PHONE CTypewr72  563-136-5889
ADD_PHONE CTypewr72  998-584-5150
ADD_USER  CVector43   9087 Charlie Vectorial
ADD_PHONE CVector43  243-053-6274
ADD_PHONE CVector43  243-234-7911
ADD_USER  CWas08      8861 Claire Was
ADD_PHONE CWas08     114-266-4029
ADD_PHONE CWas08     211-721-7211
ADD_USER  Chloe22        3 Chloe
ADD_PHONE Chloe22    106-026-0036
ADD_PHONE Chloe22    991-820-7016
ADD_USER  Cooper18    1825 Cooper
ADD_USER  DAmbigu38  20427 Daniel Ambiguous
ADD_PHONE DAmbigu38  338-261-5957
ADD_PHONE DAmbigu38  728-304-5226
ADD_PHONE DAmbigu38  929-965-9530
ADD_USER  DAxisym41  19638 Daniel Axisymmetric
ADD_USER  DBergam92     93 Dylan Bergamot
ADD_PHONE DBergam92  103-482-4967
ADD_PHONE DBergam92  954-108-3949
ADD_USER  DBromid51  42503 Dontonio Bromide
ADD_USER  DCarter57     33 David Carter Manure
ADD_PHONE DCarter57  360-491-4097
ADD_USER  DContin25    915 Dontonio Continuo
ADD_PHONE DContin25  090-859-8538
ADD_PHONE DContin25  162-526-4891
ADD_PHONE DContin25  739-088-8191
ADD_USER  DExcisa54   2965 Daniel Excisable
ADD_USER  DExtran03    163 Dontonio Extraneous
ADD_PHONE DExtran03  067-552-9666
ADD_PHONE DExtran03  881-030-1578
ADD_PHONE DExtran03  988-154-0482
ADD_USER  DFactor68  14213 Daniel Factory
ADD_PHONE DFactor68  081-950-6353
ADD_USER  DFiness61     42 Daniel Finesse
ADD_PHONE DFiness61  364-351-2671
ADD_PHONE DFiness61  990-618-8955
ADD_USER  DFound07    8360 David Found
ADD_USER  DGiulia35   1208 Dontonio Giuliano
ADD_PHONE DGiulia35  652-043-5423
ADD_USER  DInvert97    558 Daniel Invertebrate
ADD_USER  DKen41      5409 Dylan Ken
ADD_USER  DLiam66     7570 David Liam Everett
ADD_PHONE DLiam66    550-598-5249
ADD_PHONE DLiam66    628-506-3334
ADD_PHONE DLiam66    886-153-9426
ADD_USER  DLongfe85   2003 Dylan Longfellow
ADD_PHONE DLongfe85  451-112-1823
ADD_PHONE DLongfe85  952-265-8182
ADD_USER  DLorele98   9679 Dontonio Lorelei
ADD_USER  DMane29     2739 Dontonio Mane
ADD_PHONE DMane29    431-178-6467
ADD_USER  DMouthf25    869 Daniel Mouthful
ADD_PHONE DMouthf25  594-674-8831
ADD_PHONE DMouthf25  951-864-7952
ADD_USER  DNumeri50     63 David Numerische
ADD_PHONE DNumeri50  598-879-2088
ADD_USER  DOnly20     8726 Daniel Only
ADD_PHONE DOnly20    024-668-7726
ADD_PHONE DOnly20    075-184-7070
ADD_PHONE DOnly20    451-640-8955
ADD_USER  DPlot85      713 Daniel Plot
ADD_PHONE DPlot85    426-638-1528
ADD_PHONE DPlot85    798-239-2707
ADD_USER  DRestra07   8031 Dylan Restrain
ADD_PHONE DRestra07  233-418-5201
ADD_PHONE DRestra07  337-458-2091
ADD_USER  DRetrof82  41757 David Retrofit
ADD_PHONE DRetrof82  301-989-4508
ADD_PHONE DRetrof82  494-805-8859
ADD_USER  DSeason08   2300 Daniel Season
ADD_PHONE DSeason08  176-693-1026
ADD_PHONE DSeason08  385-543-5074
ADD_USER  DSteril09  12604 David Sterile
ADD_PHONE DSteril09  046-060-2362
ADD_PHONE DSteril09  250-893-9258
ADD_PHONE DSteril09  295-151-1198
ADD_USER  DSupern06     46 Dontonio Supernatant
ADD_PHONE DSupern06  439-943-0797
ADD_PHONE DSupern06  528-205-1106
ADD_USER  DTact64    13563 Dylan Tact
ADD_USER  DTimesh22    423 Dontonio Timeshare
ADD_USER  DTomogr69   4106 David Tomography
ADD_PHONE DTomogr69  623-611-3386
ADD_PHONE DTomogr69  853-073-2332
ADD_USER  DTripar73    673 Daniel Tripartite
ADD_PHONE DTripar73  068-694-7028
ADD_PHONE DTripar73  134-569-2592
ADD_PHONE DTripar73  187-565-7384
ADD_USER  DVineya70     67 Dylan Vineyard
ADD_PHONE DVineya70  291-843-3210
ADD_PHONE DVineya70  860-723-7879
ADD_PHONE DVineya70  900-984-2135
ADD_USER  DVolunt60     44 Dylan Volunteer
ADD_PHONE DVolunt60  249-941-0834
ADD_PHONE DVolunt60  815-086-2460
ADD_PHONE DVolunt60  927-269-6915
ADD_USER  DWhosoe32  21432 Dontonio Whosoever
ADD_USER  DWinnow21    618 Daniel Winnow
ADD_PHONE DWinnow21  188-266-6223
ADD_USER  DWisecr65  49728 Dylan Wisecrack
ADD_USER  DWyeth81      20 Daniel Wyeth
ADD_USER  EAccent12    610 Elijah Accentual
ADD_PHONE EAccent12  453-558-6929
ADD_PHONE EAccent12  547-717-1108
ADD_PHONE EAccent12  735-240-9647
ADD_USER  EAlma74       20 Elijah Alma
ADD_PHONE EAlma74    220-016-8670
ADD_USER  EAnt59         0 Emily Ant
ADD_PHONE EAnt59     286-846-7487
ADD_USER  EArt18       293 Elizabeth Art
ADD_PHONE EArt18     049-185-3453
ADD_PHONE EArt18     844-622-2088
ADD_USER  EAudibl59    133 Elijah Audible
ADD_USER  EBaptis37    864 Evelyn Baptismal
ADD_PHONE EBaptis37  289-128-6551
ADD_PHONE EBaptis37  546-885-8994
ADD_USER  EBarten13    802 Evelyn Bartender
ADD_PHONE EBarten13  063-708-1938
ADD_USER  EBogey87     482 Emma Bogey
ADD_PHONE EBogey87   020-792-1590
ADD_PHONE EBogey87   625-664-7824
ADD_PHONE EBogey87   957-131-5221
ADD_USER  EBuildu47     92 Ella Buildup
ADD_USER  ECarame16    491 Ellie Caramel
ADD_PHONE ECarame16  188-837-4003
ADD_PHONE ECarame16  271-094-9357
ADD_PHONE ECarame16  816-780-5710
ADD_USER  ECarniv73     47 Emma Carnival
ADD_PHONE ECarniv73  074-023-5049
ADD_USER  ECoddin83    640 Ellie Coddington
ADD_PHONE ECoddin83  762-027-4430
ADD_USER  ECompla53     77 Evelyn Complacent MD
ADD_PHONE ECompla53  697-078-9602
ADD_PHONE ECompla53  698-704-6105
ADD_USER  EConnub49  33885 Eva Connubial
ADD_PHONE EConnub49  188-460-2975
ADD_PHONE EConnub49  357-314-1582
ADD_PHONE EConnub49  527-799-8633
ADD_USER  EDonova72   8837 Eva Donovan
ADD_PHONE EDonova72  107-996-1100
ADD_PHONE EDonova72  223-523-8456
ADD_PHONE EDonova72  908-386-4536
ADD_USER  EEffusi61     22 Elijah Effusive
ADD_PHONE EEffusi61  012-708-5944
ADD_PHONE EEffusi61  739-749-7295
ADD_PHONE EEffusi61  772-255-6664
ADD_USER  EErotic76   6679 Eli Erotic
ADD_PHONE EErotic76  042-245-5195
ADD_PHONE EErotic76  304-053-4883
ADD_USER  EExpect20    648 Eli Expectation IV
ADD_USER  EExpert18    470 Evan Expertise
ADD_USER  EFahey63      92 Ella Fahey
ADD_PHONE EFahey63   314-159-6375
ADD_PHONE EFahey63   832-030-8104
ADD_USER  EFillip50  29240 Evelyn Fillip
ADD_USER  EFlow50    49914 Eli Flow
ADD_PHONE EFlow50    494-823-5937
ADD_USER  EFourte86     66 Emily Fourteen
ADD_PHONE EFourte86  118-418-2293
ADD_PHONE EFourte86  154-171-1916
ADD_PHONE EFourte86  366-608-3764
ADD_USER  EFreya97   28266 Ellie Freya
ADD_PHONE EFreya97   310-153-8920
ADD_PHONE EFreya97   541-869-3257
ADD_PHONE EFreya97   888-611-2722
ADD_USER  EFright48  10783 Ella Frighten MD
ADD_USER  EFrizzl86    575 Emily Frizzle
ADD_PHONE EFrizzl86  414-313-3361
ADD_PHONE EFrizzl86  497-095-9833
ADD_PHONE EFrizzl86  812-025-7105
ADD_USER  EGoer94      320 Evelyn Goer
ADD_PHONE EGoer94    314-977-8934
ADD_PHONE EGoer94    597-546-7356
ADD_PHONE EGoer94    631-605-0734
ADD_USER  EGoody33    4403 Evan Goody
ADD_PHONE EGoody33   428-777-2858
ADD_USER  EGratui46    559 Evan Gratuity
ADD_PHONE EGratui46  557-458-8769
ADD_USER  EGymnas35   1695 Elijah Gymnastic
ADD_USER  EHandbo46    543 Elizabeth Handbook
ADD_PHONE EHandbo46  061-328-3663
ADD_USER  EHighbo54  49000 Evelyn Highboy
ADD_PHONE EHighbo54  726-424-0023
ADD_PHONE EHighbo54  886-377-6951
ADD_USER  EHitchc78    525 Eva Hitchcock
ADD_PHONE EHitchc78  414-888-7785
ADD_PHONE EHitchc78  682-244-4041
ADD_PHONE EHitchc78  873-463-1852
ADD_USER  EHomoge14     35 Eva Homogeneity
ADD_PHONE EHomoge14  025-256-4723
ADD_PHONE EHomoge14  284-726-0383
ADD_PHONE EHomoge14  900-048-1596
ADD_USER  EHuston90   5631 Evan Huston
ADD_PHONE EHuston90  197-241-2193
ADD_USER  EInsuli31     82 Elijah Insulin
ADD_PHONE EInsuli31  019-523-6414
ADD_PHONE EInsuli31  210-350-7689
ADD_PHONE EInsuli31  302-370-6800
ADD_USER  EInterp71    447 Eva Interpolate
ADD_PHONE EInterp71  628-062-3262
ADD_PHONE EInterp71  681-956-1770
ADD_USER  EJukes70    6157 Elijah Jukes
ADD_PHONE EJukes70   424-485-1260
ADD_USER  ELamar55    5215 Ellie Lamar
ADD_PHONE ELamar55   287-121-7595
ADD_PHONE ELamar55   458-599-5856
ADD_USER  ELamina15  27439 Ella Laminar
ADD_PHONE ELamina15  692-087-4851
ADD_PHONE ELamina15  818-735-4055
ADD_PHONE ELamina15  851-339-4833
ADD_USER  ELauren41  17973 Eva Lauren Scull
ADD_USER  ELenore69    716 Eva Lenore
ADD_USER  ELettuc96   8085 Emily Lettuce
ADD_PHONE ELettuc96  390-481-9282
ADD_PHONE ELettuc96  590-633-5553
ADD_PHONE ELettuc96  679-848-0170
ADD_USER  ELucy67    12773 Emily Lucy Providential
ADD_PHONE ELucy67    793-559-5106
ADD_USER  EManome13     53 Ellie Manometer
ADD_PHONE EManome13  181-504-5707
ADD_PHONE EManome13  816-060-3556
ADD_PHONE EManome13  906-928-0958
ADD_USER  EMark97       33 Eva Mark
ADD_PHONE EMark97    800-728-8722
ADD_PHONE EMark97    854-576-3405
ADD_PHONE EMark97    965-311-2945
ADD_USER  EMecum45    3936 Evan Mecum
ADD_USER  EMush79      864 Eva Mush
ADD_PHONE EMush79    593-784-3073
ADD_PHONE EMush79    798-908-6872
ADD_USER  ENanome70  17169 Ella Nanometer
ADD_PHONE ENanome70  152-356-4576
ADD_PHONE ENanome70  447-309-7236
ADD_PHONE ENanome70  489-314-3079
ADD_USER  ENarbon35    798 Emma Narbonne
ADD_PHONE ENarbon35  130-519-9637
ADD_PHONE ENarbon35  243-723-5034
ADD_PHONE ENarbon35  698-913-1932
ADD_USER  ENathan29  39679 Evan Nathan Apperception
ADD_PHONE ENathan29  550-217-2618
ADD_PHONE ENathan29  980-857-2393
ADD_USER  ENipple58  28959 Evan Nipple
ADD_PHONE ENipple58  186-788-1159
ADD_PHONE ENipple58  535-941-1979
ADD_USER  EOuagad59    220 Elizabeth Ouagadougou
ADD_USER  EPatrim21  17138 Evelyn Patrimony
ADD_PHONE EPatrim21  831-689-6414
ADD_USER  EPestil65   7192 Emily Pestilent
ADD_PHONE EPestil65  342-157-3450
ADD_USER  EPlanet52      8 Ellie Planetesimal
ADD_PHONE EPlanet52  512-523-8877
ADD_PHONE EPlanet52  543-150-4888
ADD_PHONE EPlanet52  552-486-6306
ADD_USER  EPolar35      81 Evelyn Polar
ADD_USER  EPort21       65 Elizabeth Port
ADD_PHONE EPort21    122-613-8290
ADD_PHONE EPort21    199-125-5030
ADD_PHONE EPort21    681-290-8114
ADD_USER  EPotent76  37050 Evelyn Potent
ADD_PHONE EPotent76  333-932-3625
ADD_PHONE EPotent76  804-089-2944
ADD_USER  EProjec66     33 Evelyn Projectile
ADD_PHONE EProjec66  293-556-0624
ADD_PHONE EProjec66  771-541-0512
ADD_USER  EPrompt75     98 Elijah Promptitude
ADD_USER  EPropel04   8102 Eli Propelled Jr
ADD_PHONE EPropel04  121-008-6084
ADD_PHONE EPropel04  246-901-2839
ADD_PHONE EPropel04  252-258-4979
ADD_USER  EPurcha68     56 Emma Purchase
ADD_PHONE EPurcha68  253-095-1312
ADD_USER  EPyrote34     75 Elijah Pyrotechnic
ADD_PHONE EPyrote34  913-808-2503
ADD_USER  EQuench95    394 Ella Quench Esq
ADD_PHONE EQuench95  436-977-1760
ADD_PHONE EQuench95  527-556-0236
ADD_USER  ERandom84   1559 Ellie Random
ADD_USER  ERevere81  30410 Ellie Reverend
ADD_PHONE ERevere81  492-553-8366
ADD_PHONE ERevere81  909-580-7055
ADD_USER  ERoofto66     71 Emma Rooftop
ADD_USER  ESarspa09     27 Elijah Sarsparilla
ADD_USER  EScroog13  28781 Ella Scrooge
ADD_PHONE EScroog13  709-495-4829
ADD_USER  EShenan20    451 Ellie Shenandoah
ADD_PHONE EShenan20  083-723-4432
ADD_PHONE EShenan20  115-854-7640
ADD_PHONE EShenan20  729-708-0902
ADD_USER  ESmutty76  35955 Evelyn Smutty
ADD_USER  EStatio13     13 Evelyn Stationmaster MD
ADD_USER  ETaboo91    7865 Elizabeth Taboo
ADD_USER  EUnison85     81 Eva Unison
ADD_PHONE EUnison85  542-444-7250
ADD_USER  EVeloci57    815 Emma Velocity
ADD_USER  EWheres23   8177 Emily Wheresoever
ADD_PHONE EWheres23  584-268-7942
ADD_PHONE EWheres23  761-657-6544
ADD_PHONE EWheres23  826-516-3726
ADD_USER  EWhy89      7432 Elizabeth Why
ADD_PHONE EWhy89     612-173-3187
ADD_USER  GAim56       306 Gabriel Aim
ADD_PHONE GAim56     522-636-3202
ADD_PHONE GAim56     620-524-5582
ADD_USER  GBrochu36  33456 Gabriel Brochure Esq
ADD_USER  GCaroli63  12301 Gianna Carolingian
ADD_PHONE GCaroli63  721-820-4219
ADD_USER  GChanso42  42228 Gabriel Chanson
ADD_PHONE GChanso42  019-321-0551
ADD_PHONE GChanso42  186-069-0148
ADD_PHONE GChanso42  797-915-2087
ADD_USER  GConstr45     67 Gabriella Constrain
ADD_PHONE GConstr45  335-644-8756
ADD_PHONE GConstr45  490-908-9205
ADD_USER  GDeuter58      7 Gabriella Deuterate
ADD_PHONE GDeuter58  022-557-3228
ADD_USER  GEducat35     50 Gianna Educate
ADD_USER  GEncomi64   1716 Gabriel Encomia
ADD_PHONE GEncomi64  165-790-4230
ADD_PHONE GEncomi64  569-246-5854
ADD_PHONE GEncomi64  638-983-4363
ADD_USER  GExecut21     59 Gianna Executrix
ADD_PHONE GExecut21  649-319-3683
ADD_USER  GExorbi44  25368 Gianna Exorbitant
ADD_PHONE GExorbi44  674-899-9852
ADD_USER  GExtra50   28275 Gianna Extra
ADD_PHONE GExtra50   078-391-1272
ADD_PHONE GExtra50   586-110-2733
ADD_PHONE GExtra50   614-018-2321
ADD_USER  GFranci72   6550 Gianna Francine
ADD_USER  GGabrie55   5670 Gavin Gabriel Wrongdo
ADD_PHONE GGabrie55  078-642-7810
ADD_PHONE GGabrie55  147-043-5442
ADD_PHONE GGabrie55  604-591-8077
ADD_USER  GGerald12    613 Grace Geraldine
ADD_PHONE GGerald12  145-374-9605
ADD_PHONE GGerald12  193-949-3599
ADD_USER  GGlandu18   5135 Gianna Glandular
ADD_PHONE GGlandu18  532-225-9533
ADD_PHONE GGlandu18  916-752-0707
ADD_USER  GHarmon44     57 Gianna Harmonious
ADD_PHONE GHarmon44  280-498-3169
ADD_PHONE GHarmon44  581-915-6870
ADD_PHONE GHarmon44  728-695-5626
ADD_USER  GIll74      6577 Gabriella Ill
ADD_USER  GLaymen99     60 Gavin Laymen
ADD_PHONE GLaymen99  378-321-1970
ADD_USER  GLily22      899 Gianna Lily Psych
ADD_PHONE GLily22    790-820-0080
ADD_USER  GMana67    43201 Gabriella Mana MD
ADD_PHONE GMana67    219-205-3391
ADD_PHONE GMana67    697-176-9734
ADD_PHONE GMana67    997-350-6026
ADD_USER  GMelodr94   6860 Gianna Melodrama
ADD_PHONE GMelodr94  029-820-7880
ADD_PHONE GMelodr94  048-794-3427
ADD_USER  GMeyer60      29 Gabriel Meyer
ADD_PHONE GMeyer60   311-267-3326
ADD_PHONE GMeyer60   696-941-7007
ADD_PHONE GMeyer60   956-349-9596
ADD_USER  GPelvis29     71 Gavin Pelvis PhD
ADD_PHONE GPelvis29  373-013-7775
ADD_PHONE GPelvis29  504-956-7951
ADD_PHONE GPelvis29  833-914-9944
ADD_USER  GPhoebe99  39649 Gabriel Phoebe
ADD_PHONE GPhoebe99  344-396-4882
ADD_USER  GPresid39  26461 Gabriella Preside
ADD_PHONE GPresid39  074-743-8881
ADD_PHONE GPresid39  636-100-5018
ADD_PHONE GPresid39  945-464-3735
ADD_USER  GSalvad09   1960 Gavin Salvador
ADD_PHONE GSalvad09  345-381-3294
ADD_PHONE GSalvad09  640-217-3676
ADD_USER  GShirle05  28648 Gabriel Shirley
ADD_USER  GShred97     815 Gavin Shred
ADD_USER  GSpandr71    112 Gavin Spandrel
ADD_USER  GStrato16   1368 Gavin Stratosphere
ADD_PHONE GStrato16  757-373-8099
ADD_USER  GToothp72   7306 Gavin Toothpick
ADD_PHONE GToothp72  346-826-3604
ADD_PHONE GToothp72  441-130-6036
ADD_USER  GWester99    524 Gavin Westernmost
ADD_PHONE GWester99  123-366-5310
ADD_PHONE GWester99  181-219-3703
ADD_USER  HAcadem91  32753 Hannah Academician
ADD_PHONE HAcadem91  189-462-1692
ADD_USER  HCastet91  30402 Henry Casteth
ADD_PHONE HCastet91  138-607-3165
ADD_USER  HHeartb41     41 Hannah Heartbeat
ADD_USER  HHough44     828 Henry Hough
ADD_PHONE HHough44   629-211-1192
ADD_USER  HHouseh19     91 Hailey Household PhD
ADD_PHONE HHouseh19  639-136-0882
ADD_USER  HJaundi07     46 Henry Jaundice Jr
ADD_PHONE HJaundi07  496-285-7672
ADD_USER  HJoshua21   5794 Hunter Joshua Antic
ADD_PHONE HJoshua21  250-704-5249
ADD_PHONE HJoshua21  252-704-3156
ADD_USER  HKarate39  26479 Hailey Karate
ADD_PHONE HKarate39  285-256-4706
ADD_PHONE HKarate39  662-535-6909
ADD_USER  HLiam77      368 Henry Liam Clap
ADD_USER  HLifest40  33772 Hannah Lifestyle
ADD_PHONE HLifest40  123-590-6441
ADD_PHONE HLifest40  506-668-1633
ADD_USER  HLily20      686 Hannah Lily Cagey
ADD_PHONE HLily20    306-510-2974
ADD_PHONE HLily20    507-035-2057
ADD_PHONE HLily20    638-398-6657
ADD_USER  HMeadow74   8694 Hannah Meadowland
ADD_USER  HPleist08    780 Hannah Pleistocene
ADD_PHONE HPleist08  200-508-4645
ADD_PHONE HPleist08  730-815-2613
ADD_USER  HPollut46  12915 Henry Pollutant
ADD_PHONE HPollut46  506-927-3290
ADD_USER  HPurpor24   9229 Hannah Purport
ADD_PHONE HPurpor24  306-566-0782
ADD_PHONE HPurpor24  919-286-3262
ADD_USER  HQuintu47     74 Hannah Quintus
ADD_USER  HRhine11     616 Hunter Rhine
ADD_PHONE HRhine11   672-653-5016
ADD_USER  HSpring27   3588 Hunter Springtail
ADD_PHONE HSpring27  634-826-0629
ADD_PHONE HSpring27  739-963-5577
ADD_USER  HTennys29     53 Hunter Tennyson
ADD_PHONE HTennys29  026-493-3734
ADD_PHONE HTennys29  099-369-8227
ADD_PHONE HTennys29  315-127-5308
ADD_USER  HVoid35    23333 Henry Void
ADD_PHONE HVoid35    726-862-5685
ADD_USER  IArctur80     85 Isabella Arcturus
ADD_PHONE IArctur80  445-863-3871
ADD_USER  IBator30      78 Ian Bator
ADD_PHONE IBator30   565-290-5373
ADD_USER  IBeech83     607 Isabelle Beech
ADD_PHONE IBeech83   301-108-9251
ADD_USER  ICause13      59 Ian Cause
ADD_PHONE ICause13   025-153-1427
ADD_PHONE ICause13   665-858-7890
ADD_USER  ICodebr29   6091 Isabella Codebreak
ADD_USER  IConley65   1180 Isabelle Conley
ADD_PHONE IConley65  158-885-1702
ADD_PHONE IConley65  769-015-8222
ADD_USER  ICounte12   8483 Isaiah Counterexample
ADD_PHONE ICounte12  498-261-3339
ADD_PHONE ICounte12  593-208-6796
ADD_PHONE ICounte12  943-283-6294
ADD_USER  IDemon51      57 Isabelle Demon
ADD_USER  IDobbs31    4320 Isabelle Dobbs
ADD_USER  IDreamy19     74 Ian Dreamy
ADD_PHONE IDreamy19  052-782-7016
ADD_PHONE IDreamy19  367-305-5222
ADD_USER  IEli32     21704 Isaiah Eli Esprit
ADD_PHONE IEli32     278-286-7737
ADD_PHONE IEli32     595-311-4486
ADD_PHONE IEli32     981-803-6071
ADD_USER  IElucid87    104 Isaiah Elucidate
ADD_USER  IFew73     28990 Isabelle Few
ADD_PHONE IFew73     463-749-8470
ADD_PHONE IFew73     799-272-4120
ADD_USER  IGavin72   19901 Ian Gavin Rasp
ADD_PHONE IGavin72   504-847-1873
ADD_PHONE IGavin72   601-445-9120
ADD_USER  IGlen70      205 Isaiah Glen
ADD_USER  IJohnso79      2 Isabella Johnson
ADD_PHONE IJohnso79  179-825-6222
ADD_PHONE IJohnso79  358-953-4221
ADD_PHONE IJohnso79  436-909-0547
ADD_USER  ILawgiv36    536 Isabella Lawgive
ADD_PHONE ILawgiv36  364-786-5547
ADD_USER  ILily86      788 Isabelle Lily Elmer
ADD_PHONE ILily86    100-439-1118
ADD_PHONE ILily86    445-585-9878
ADD_PHONE ILily86    542-972-8752
ADD_USER  ILiprea38   9876 Ian Lipread
ADD_PHONE ILiprea38  660-358-1375
ADD_PHONE ILiprea38  711-237-2600
ADD_USER  ILoose57     610 Isabelle Loose
ADD_PHONE ILoose57   592-976-4101
ADD_USER  INull31       48 Isabella Null
ADD_USER  IOliver50     44 Ian Oliver Transcript
ADD_USER  IOptoel92     58 Isabelle Optoelectronic
ADD_PHONE IOptoel92  285-432-0007
ADD_PHONE IOptoel92  483-490-1695
ADD_PHONE IOptoel92  508-132-6022
ADD_USER  IPatrio42    635 Isabella Patriot
ADD_USER  IPhilip96   6224 Ian Philip
ADD_PHONE IPhilip96  850-528-5766
ADD_PHONE IPhilip96  911-158-4813
ADD_PHONE IPhilip96  922-383-5074
ADD_USER  IQuarti54     28 Isaac Quartic
ADD_PHONE IQuarti54  460-520-6165
ADD_PHONE IQuarti54  641-452-0030
ADD_PHONE IQuarti54  679-211-2574
ADD_USER  ISchell53     44 Isaac Schelling
ADD_PHONE ISchell53  963-401-1612
ADD_USER  ISent08     1343 Isaac Sent
ADD_PHONE ISent08    570-283-1775
ADD_USER  ISights82     20 Isabelle Sightseeing
ADD_PHONE ISights82  682-445-5501
ADD_PHONE ISights82  744-912-5177
ADD_USER  ISnowy40   17344 Isabelle Snowy
ADD_PHONE ISnowy40   317-986-1339
ADD_USER  ISupera82   1787 Isaac Superannuate
ADD_PHONE ISupera82  302-333-5868
ADD_PHONE ISupera82  713-127-9736
ADD_USER  JAdam41       58 Joshua Adam Fafnir
ADD_PHONE JAdam41    177-948-6240
ADD_PHONE JAdam41    522-304-4231
ADD_PHONE JAdam41    568-006-6977
ADD_USER  JAflame51    600 Jack Aflame
ADD_PHONE JAflame51  365-171-9052
ADD_PHONE JAflame51  468-620-7178
ADD_PHONE JAflame51  799-150-8305
ADD_USER  JAirway05     14 James Airway Jr
ADD_PHONE JAirway05  107-347-1118
ADD_PHONE JAirway05  649-515-3689
ADD_USER  JAmulet53   2694 Jayden Amulet
ADD_USER  JAural02      46 Jake Aural
ADD_PHONE JAural02   399-705-0172
ADD_PHONE JAural02   580-625-6599
ADD_PHONE JAural02   786-856-8503
ADD_USER  JBacksi60     45 John Backside
ADD_USER  JBeady82      38 Jackson Beady
ADD_PHONE JBeady82   057-872-2964
ADD_PHONE JBeady82   272-854-1874
ADD_PHONE JBeady82   786-097-7669
ADD_USER  JBelyin89      4 John Belying MD
ADD_PHONE JBelyin89  869-142-1912
ADD_USER  JBucoli59     59 Jacob Bucolic
ADD_PHONE JBucoli59  050-589-0465
ADD_PHONE JBucoli59  071-643-1311
ADD_PHONE JBucoli59  976-781-6348
ADD_USER  JBullwh22     70 Jonathan Bullwhack
ADD_PHONE JBullwh22  683-079-1444
ADD_PHONE JBullwh22  916-306-0930
ADD_USER  JBusine19   5457 John Businessmen
ADD_PHONE JBusine19  579-664-5324
ADD_PHONE JBusine19  998-995-4574
ADD_USER  JCabare73   6602 Joseph Cabaret
ADD_PHONE JCabare73  740-441-2625
ADD_USER  JCaleb63     189 Jonathan Caleb Filch
ADD_PHONE JCaleb63   752-045-6908
ADD_USER  JCavend31    784 John Cavendish
ADD_PHONE JCavend31  707-694-9102
ADD_PHONE JCavend31  851-731-6317
ADD_USER  JChambe00   6229 Jack Chambers
ADD_PHONE JChambe00  052-996-8711
ADD_PHONE JChambe00  304-214-6350
ADD_PHONE JChambe00  708-143-7469
ADD_USER  JChasti60   7410 James Chastity
ADD_USER  JChert28     214 Jake Chert
ADD_PHONE JChert28   289-045-3510
ADD_PHONE JChert28   716-755-2026
ADD_PHONE JChert28   943-311-3510
ADD_USER  JChilbl35   5058 Julian Chilblain
ADD_PHONE JChilbl35  456-098-8173
ADD_PHONE JChilbl35  548-775-8042
ADD_USER  JClaust73   2114 Jackson Claustrophobic Jr
ADD_PHONE JClaust73  244-145-7396
ADD_PHONE JClaust73  248-674-6135
ADD_PHONE JClaust73  786-339-7618
ADD_USER  JCoagul27     10 Joseph Coagulate
ADD_PHONE JCoagul27  041-042-8556
ADD_PHONE JCoagul27  931-097-7129
ADD_USER  JConfec92   5709 Joshua Confect
ADD_PHONE JConfec92  546-607-0265
ADD_PHONE JConfec92  695-830-0262
ADD_USER  JContem73  31489 Joshua Contemptuous MD
ADD_PHONE JContem73  211-350-3940
ADD_PHONE JContem73  361-788-5302
ADD_USER  JContro39     62 Jayden Controller
ADD_USER  JConvul19   6901 Jacob Convulsive
ADD_PHONE JConvul19  006-682-8362
ADD_PHONE JConvul19  254-809-1492
ADD_USER  JCospon31  39841 James Cosponsor
ADD_USER  JDahome46     47 John Dahomey
ADD_USER  JDanzig12    458 Julian Danzig
ADD_PHONE JDanzig12  606-594-4006
ADD_USER  JDeflat73  27281 James Deflate
ADD_PHONE JDeflat73  037-946-6344
ADD_PHONE JDeflat73  332-830-6386
ADD_USER  JDied30     1681 Jordan Died
ADD_PHONE JDied30    259-414-7284
ADD_PHONE JDied30    338-720-9663
ADD_PHONE JDied30    562-277-3646
ADD_USER  JDiscor44  32336 Jordan Discordant
ADD_USER  JDisgru03     17 Jackson Disgruntle
ADD_PHONE JDisgru03  226-551-3837
ADD_PHONE JDisgru03  559-461-1246
ADD_PHONE JDisgru03  911-434-3218
ADD_USER  JEpigra23   4103 Jordan Epigraph
ADD_PHONE JEpigra23  540-084-1019
ADD_USER  JErik74      532 Jonathan Erik
ADD_PHONE JErik74    350-657-6014
ADD_USER  JExposi58  44843 Jacob Exposit
ADD_USER  JExtrac24    722 Jordan Extracellular
ADD_PHONE JExtrac24  106-282-4843
ADD_PHONE JExtrac24  397-273-2348
ADD_USER  JFormat97  41204 Julian Formatted Jr
ADD_PHONE JFormat97  534-787-0858
ADD_USER  JFrost31    3308 Jack Frost
ADD_PHONE JFrost31   626-908-0884
ADD_USER  JGalact32    707 Julian Galactic
ADD_USER  JGoodwi99    227 Joshua Goodwin
ADD_PHONE JGoodwi99  554-030-0949
ADD_PHONE JGoodwi99  825-234-0689
ADD_USER  JHadron06     35 Jordan Hadron
ADD_PHONE JHadron06  172-672-9522
ADD_PHONE JHadron06  399-506-7358
ADD_USER  JHealth18    531 Joshua Healthy
ADD_PHONE JHealth18  737-336-0902
ADD_USER  JHeptan27   2928 Jake Heptane
ADD_PHONE JHeptan27  297-490-9063
ADD_USER  JHoy16        37 Jack Hoy
ADD_PHONE JHoy16     815-908-5763
ADD_PHONE JHoy16     985-202-2565
ADD_USER  JHutch51    9138 Julian Hutch
ADD_USER  JIbis38      944 Jonathan Ibis
ADD_PHONE JIbis38    810-032-2843
ADD_USER  JIncur50    5203 Jayden Incur
ADD_PHONE JIncur50   177-193-5067
ADD_PHONE JIncur50   768-865-2291
ADD_PHONE JIncur50   950-228-1322
ADD_USER  JInsens50   2579 Joseph Insensible
ADD_USER  JJayden02   4757 James Jayden Sacred
ADD_PHONE JJayden02  029-136-9406
ADD_PHONE JJayden02  287-864-0289
ADD_USER  JJohans64   1999 Joshua Johansen
ADD_USER  JLamber35  41412 Jackson Lambert
ADD_PHONE JLamber35  605-886-1788
ADD_USER  JLitiga53     94 Jack Litigant
ADD_PHONE JLitiga53  631-814-3974
ADD_PHONE JLitiga53  929-140-2721
ADD_USER  JMccrac23  41947 Jack Mccracken
ADD_USER  JMobste15    651 Jacob Mobster
ADD_PHONE JMobste15  405-074-4452
ADD_USER  JModish89     97 Julian Modish
ADD_PHONE JModish89  098-343-3979
ADD_USER  JMoonli05    131 Jack Moonlit
ADD_PHONE JMoonli05  886-209-4470
ADD_USER  JNcaa68      383 Jack Ncaa
ADD_PHONE JNcaa68    878-674-7037
ADD_PHONE JNcaa68    971-032-1873
ADD_USER  JNitrog92   4198 Julia Nitrogenous
ADD_PHONE JNitrog92  378-040-6661
ADD_PHONE JNitrog92  856-141-0775
ADD_USER  JNucleo93   5136 Joshua Nucleotide
ADD_USER  JOdd83      4910 Jayden Odd
ADD_PHONE JOdd83     246-531-8869
ADD_PHONE JOdd83     395-904-4930
ADD_USER  JOrtega43     51 James Ortega
ADD_PHONE JOrtega43  457-109-7213
ADD_PHONE JOrtega43  479-702-5852
ADD_USER  JPaleoz98  39565 Jake Paleozoic
ADD_USER  JPegasu15    312 John Pegasus
ADD_PHONE JPegasu15  704-118-0026
ADD_PHONE JPegasu15  870-181-9066
ADD_PHONE JPegasu15  916-113-5848
ADD_USER  JPetrol65   3712 Julian Petrol
ADD_PHONE JPetrol65  714-056-8591
ADD_USER  JPolyme89    763 Jacob Polymer
ADD_PHONE JPolyme89  140-958-5383
ADD_USER  JPong72     8596 Jonathan Pong
ADD_PHONE JPong72    231-319-5450
ADD_PHONE JPong72    660-329-7915
ADD_PHONE JPong72    855-101-2507
ADD_USER  JPrecio10    860 James Precious
ADD_PHONE JPrecio10  203-058-6183
ADD_PHONE JPrecio10  825-805-1816
ADD_PHONE JPrecio10  839-938-0803
ADD_USER  JPurpos25    634 John Purpose
ADD_PHONE JPurpos25  048-266-6956
ADD_PHONE JPurpos25  642-128-5260
ADD_PHONE JPurpos25  945-152-6292
ADD_USER  JQueue49     697 Joshua Queue
ADD_PHONE JQueue49   148-853-2335
ADD_USER  JRadios17   1864 Joshua Radiosonde Jr
ADD_PHONE JRadios17  059-172-6166
ADD_PHONE JRadios17  209-412-5524
ADD_USER  JRebell52    695 Julian Rebellion
ADD_USER  JSabota64   9193 Jonathan Sabotage
ADD_USER  JScream63   8171 Julian Scream
ADD_PHONE JScream63  011-896-5177
ADD_USER  JSeersu30     35 Joseph Seersucker III
ADD_PHONE JSeersu30  721-962-0701
ADD_PHONE JSeersu30  809-456-6858
ADD_USER  JShantu90  33134 Jackson Shantung MD
ADD_USER  JShortc85     58 Joshua Shortcoming
ADD_PHONE JShortc85  398-999-8245
ADD_PHONE JShortc85  588-800-5736
ADD_USER  JShowpl96     75 James Showplace
ADD_PHONE JShowpl96  285-056-2250
ADD_PHONE JShowpl96  389-641-5131
ADD_PHONE JShowpl96  859-688-0973
ADD_USER  JSiegfr54   5010 Jayden Siegfried
ADD_PHONE JSiegfr54  215-309-4711
ADD_PHONE JSiegfr54  446-924-4510
ADD_PHONE JSiegfr54  784-714-9269
ADD_USER  JSocrat21    951 Joseph Socratic
ADD_PHONE JSocrat21  717-112-9656
ADD_USER  JSooths50    897 Jacob Soothsay
ADD_USER  JSou99     49173 Jayden Sou
ADD_PHONE JSou99     179-449-3422
ADD_PHONE JSou99     285-685-3581
ADD_USER  JSovere44  33868 James Sovereignty
ADD_PHONE JSovere44  636-453-7665
ADD_PHONE JSovere44  783-219-3146
ADD_USER  JStitch60   3196 John Stitch
ADD_PHONE JStitch60  033-331-8085
ADD_PHONE JStitch60  061-681-8626
ADD_USER  JStood61     612 Joseph Stood
ADD_USER  JTimbre52  49251 Jake Timbre
ADD_PHONE JTimbre52  036-984-9697
ADD_PHONE JTimbre52  083-357-7396
ADD_USER  JTricks50    647 Jackson Trickster
ADD_PHONE JTricks50  308-031-0941
ADD_PHONE JTricks50  387-367-1025
ADD_PHONE JTricks50  570-866-5120
ADD_USER  JTrytop72     75 John Trytophan
ADD_PHONE JTrytop72  022-223-6751
ADD_PHONE JTrytop72  896-610-7451
ADD_USER  JType07       35 Jayden Type Jr
ADD_USER  JUncle76      53 Jackson Uncle
ADD_USER  JUnify71      85 Jordan Unify
ADD_PHONE JUnify71   999-350-3865
ADD_USER  JVehicl55    900 Jayden Vehicle
ADD_USER  JWallab05   9824 Jack Wallaby
ADD_PHONE JWallab05  743-879-4353
ADD_USER  KAlga05    11614 Kaylee Alga
ADD_USER  KAntigo77  25757 Kaitlyn Antigone MD
ADD_PHONE KAntigo77  608-331-9544
ADD_PHONE KAntigo77  789-342-5217
ADD_PHONE KAntigo77  918-385-9998
ADD_USER  KBookca14     65 Kaitlyn Bookcase
ADD_PHONE KBookca14  104-428-2255
ADD_USER  KBurnis01   4320 Kayla Burnish
ADD_PHONE KBurnis01  856-040-6420
ADD_USER  KChime25    1784 Kaylee Chime
ADD_USER  KCure70       84 Kate Cure
ADD_PHONE KCure70    233-453-4187
ADD_USER  KDiurna23    871 Kayla Diurnal
ADD_PHONE KDiurna23  048-157-5990
ADD_USER  KFormat57    730 Katelyn Formatted
ADD_PHONE KFormat57  048-190-9775
ADD_PHONE KFormat57  779-489-6072
ADD_USER  KGel33       540 Katelyn Gel
ADD_USER  KGrover24  27710 Kaylee Grover
ADD_PHONE KGrover24  133-277-1932
ADD_PHONE KGrover24  166-810-7640
ADD_USER  KHarmon53     24 Kate Harmonica
ADD_PHONE KHarmon53  422-807-7146
ADD_PHONE KHarmon53  741-469-9057
ADD_USER  KHypoth95     60 Kate Hypothyroid
ADD_PHONE KHypoth95  104-505-7679
ADD_PHONE KHypoth95  811-354-4547
ADD_USER  KJulia03    8643 Kaitlyn Julia Iambic
ADD_PHONE KJulia03   748-197-9526
ADD_USER  KKylie78   29977 Kate Kylie Smokescreen
ADD_PHONE KKylie78   202-139-3253
ADD_PHONE KKylie78   605-889-8626
ADD_PHONE KKylie78   756-294-1618
ADD_USER  KLodge24    3386 Kaylee Lodge MD
ADD_PHONE KLodge24   224-606-1182
ADD_PHONE KLodge24   976-751-9311
ADD_USER  KManusc11    918 Kylie Manuscript
ADD_PHONE KManusc11  093-938-3336
ADD_PHONE KManusc11  986-503-2129
ADD_USER  KMoscow86    181 Kayla Moscow
ADD_PHONE KMoscow86  026-654-6273
ADD_PHONE KMoscow86  642-635-3345
ADD_USER  KPatrol50  30590 Kylie Patrol
ADD_PHONE KPatrol50  126-319-7239
ADD_USER  KPeepy66     270 Kaitlyn Peepy
ADD_PHONE KPeepy66   441-654-1310
ADD_PHONE KPeepy66   971-434-4074
ADD_USER  KPercha08  35821 Kylie Perchance
ADD_PHONE KPercha08  866-661-6376
ADD_USER  KPerspi25  29519 Kaylee Perspire
ADD_PHONE KPerspi25  370-994-7337
ADD_PHONE KPerspi25  699-022-6830
ADD_PHONE KPerspi25  917-736-4570
ADD_USER  KPith30       38 Kylie Pith
ADD_PHONE KPith30    434-266-1100
ADD_USER  KPoe90       862 Kate Poe
ADD_PHONE KPoe90     507-669-7660
ADD_USER  KPollut69     55 Katelyn Pollute
ADD_PHONE KPollut69  816-876-5087
ADD_USER  KPullba10  25838 Kaitlyn Pullback
ADD_USER  KPulmon08   1845 Kayla Pulmonary
ADD_PHONE KPulmon08  062-040-7522
ADD_PHONE KPulmon08  223-424-1596
ADD_USER  KPyroxe32    488 Kaitlyn Pyroxenite
ADD_PHONE KPyroxe32  307-399-7965
ADD_PHONE KPyroxe32  601-398-0381
ADD_PHONE KPyroxe32  928-780-6465
ADD_USER  KRegres49   5671 Kaitlyn Regression
ADD_PHONE KRegres49  221-177-3420
ADD_PHONE KRegres49  271-094-4522
ADD_USER  KSaxony70  20302 Kaitlyn Saxony
ADD_USER  KSiames60   6207 Katelyn Siamese
ADD_PHONE KSiames60  036-803-6607
ADD_PHONE KSiames60  810-597-7971
ADD_USER  KSidetr52    814 Katelyn Sidetrack
ADD_USER  KSinist21    891 Kaylee Sinister
ADD_PHONE KSinist21  442-018-7505
ADD_PHONE KSinist21  454-834-7109
ADD_USER  KSkid91      992 Kaylee Skid
ADD_PHONE KSkid91    436-584-8501
ADD_PHONE KSkid91    813-253-6281
ADD_USER  KSyllog33   8741 Katelyn Syllogism
ADD_PHONE KSyllog33  016-307-3921
ADD_USER  KThyroi67   7986 Kylie Thyroid
ADD_USER  KWester43     58 Kaitlyn Westernmost
ADD_USER  KWiggin45    569 Kaylee Wigging
ADD_PHONE KWiggin45  003-567-0685
ADD_PHONE KWiggin45  311-257-9047
ADD_USER  KWindbr86  44116 Kaylee Windbreak
ADD_PHONE KWindbr86  521-106-5291
ADD_USER  KWolfga97   1917 Kayla Wolfgang
ADD_PHONE KWolfga97  406-333-6139
ADD_PHONE KWolfga97  537-819-0152
ADD_PHONE KWolfga97  578-221-2307
ADD_USER  KWorkad41    941 Katelyn Workaday
ADD_PHONE KWorkad41  065-508-5558
ADD_PHONE KWorkad41  548-990-7420
ADD_USER  KYell31       35 Kaylee Yell
ADD_USER  Kylie66     5707 Kylie
ADD_USER  LAdjoin32   8544 Lilly Adjoin
ADD_PHONE LAdjoin32  972-494-1684
ADD_PHONE LAdjoin32  990-799-2404
ADD_USER  LAdviso92    650 Lauren Advisor
ADD_PHONE LAdviso92  014-129-8038
ADD_PHONE LAdviso92  996-382-6706
ADD_PHONE LAdviso92  997-768-1515
ADD_USER  LAmende00   1759 Leah Amende
ADD_PHONE LAmende00  288-274-8504
ADD_PHONE LAmende00  650-003-0695
ADD_USER  LAndrew59    194 Lucas Andrew Apron
ADD_PHONE LAndrew59  118-588-4414
ADD_PHONE LAndrew59  169-510-9709
ADD_PHONE LAndrew59  470-191-4506
ADD_USER  LAnode68    7118 Lily Anode
ADD_PHONE LAnode68   305-599-5662
ADD_PHONE LAnode68   384-846-3163
ADD_PHONE LAnode68   723-305-3868
ADD_USER  LAppare26    386 Logan Apparel
ADD_PHONE LAppare26  493-515-9797
ADD_PHONE LAppare26  524-747-3086
ADD_USER  LApril67      19 Layla April
ADD_USER  LBandga71  17982 Lily Bandgap
ADD_USER  LBlare51    1462 Layla Blare
ADD_PHONE LBlare51   172-873-1943
ADD_PHONE LBlare51   793-722-4163
ADD_USER  LBounce94     16 Lillian Bounce
ADD_USER  LBox74       838 Lillian Box
ADD_PHONE LBox74     729-899-4312
ADD_USER  LBraun91      10 Landon Braun
ADD_USER  LChorda83    935 Lauren Chordata
ADD_PHONE LChorda83  317-505-7095
ADD_PHONE LChorda83  381-280-5649
ADD_PHONE LChorda83  776-190-8667
ADD_USER  LChuggi05     14 Liam Chugging
ADD_USER  LCombin56    339 Lilly Combine
ADD_PHONE LCombin56  684-460-5291
ADD_USER  LCorcor52     20 Lillian Corcoran Esq
ADD_PHONE LCorcor52  030-233-0431
ADD_PHONE LCorcor52  300-264-4693
ADD_USER  LCornme88    787 Luke Cornmeal Jr
ADD_PHONE LCornme88  164-363-3437
ADD_PHONE LCornme88  449-539-5734
ADD_PHONE LCornme88  472-411-0756
ADD_USER  LCorros06   3241 Luke Corrosive
ADD_PHONE LCorros06  326-582-8361
ADD_PHONE LCorros06  677-784-1508
ADD_PHONE LCorros06  850-580-6218
ADD_USER  LCreeda92    528 Landon Creedal
ADD_PHONE LCreeda92  052-450-7086
ADD_PHONE LCreeda92  870-163-9280
ADD_USER  LDey99       453 Luke Dey
ADD_PHONE LDey99     119-997-9432
ADD_PHONE LDey99     383-279-8862
ADD_PHONE LDey99     852-645-7645
ADD_USER  LDoyle46    3537 Luke Doyle III
ADD_PHONE LDoyle46   703-409-4040
ADD_PHONE LDoyle46   967-471-5397
ADD_USER  LEdward66     83 Lucas Edwardine
ADD_PHONE LEdward66  278-031-7941
ADD_PHONE LEdward66  536-779-6493
ADD_USER  LError68    1087 Logan Error
ADD_USER  LEyelet46   4671 Landon Eyelet Jr
ADD_USER  LFarthe36    582 Leah Farthest
ADD_PHONE LFarthe36  273-081-9089
ADD_PHONE LFarthe36  281-067-8115
ADD_USER  LFetus75      20 Lily Fetus
ADD_PHONE LFetus75   600-103-5543
ADD_PHONE LFetus75   715-102-0292
ADD_USER  LFlour82   43616 Leah Flour
ADD_PHONE LFlour82   186-080-7079
ADD_PHONE LFlour82   849-956-9097
ADD_PHONE LFlour82   883-780-5218
ADD_USER  LFootma20   6857 Liam Footman
ADD_PHONE LFootma20  417-207-2881
ADD_PHONE LFootma20  728-662-7546
ADD_USER  LForm51      217 Landon Form III
ADD_PHONE LForm51    650-095-9519
ADD_USER  LFranci14   3184 Luke Francine
ADD_USER  LGeogra08      5 Lillian Geography
ADD_PHONE LGeogra08  092-139-6183
ADD_PHONE LGeogra08  487-209-9104
ADD_PHONE LGeogra08  751-236-0601
ADD_USER  LHannah18  10925 Lucy Hannah Ashen
ADD_PHONE LHannah18  067-165-5210
ADD_PHONE LHannah18  350-496-3075
ADD_PHONE LHannah18  545-363-5208
ADD_USER  LHanoi06     212 Lucy Hanoi
ADD_PHONE LHanoi06   566-891-2685
ADD_PHONE LHanoi06   841-163-5948
ADD_PHONE LHanoi06   923-996-2375
ADD_USER  LHardbo53    141 Lucy Hardboard MD
ADD_PHONE LHardbo53  095-238-5055
ADD_USER  LHerald88     61 Lauren Herald
ADD_USER  LHireli87  36597 Lilly Hireling
ADD_USER  LHotel11     817 Lucas Hotel IV
ADD_PHONE LHotel11   213-321-7876
ADD_PHONE LHotel11   520-638-7612
ADD_PHONE LHotel11   967-192-0996
ADD_USER  LIncipi85   8333 Lilly Incipient
ADD_USER  LIndica10     59 Landon Indicant
ADD_PHONE LIndica10  422-617-0442
ADD_PHONE LIndica10  570-270-1260
ADD_USER  LInelas18   5153 Luke Inelastic
ADD_PHONE LInelas18  264-288-0221
ADD_PHONE LInelas18  541-520-5741
ADD_PHONE LInelas18  864-613-2499
ADD_USER  LIsaac78    1358 Liam Isaac Karamazov
ADD_PHONE LIsaac78   393-475-7591
ADD_PHONE LIsaac78   738-585-1748
ADD_PHONE LIsaac78   897-683-8130
ADD_USER  LIsabel89     51 Layla Isabelle Blackbody
ADD_PHONE LIsabel89  159-283-2423
ADD_PHONE LIsabel89  311-094-7500
ADD_PHONE LIsabel89  776-676-3730
ADD_USER  LJimmy42    5537 Luke Jimmy
ADD_PHONE LJimmy42   115-054-3472
ADD_PHONE LJimmy42   514-573-0961
ADD_USER  LJohn26      112 Logan John Camelopard
ADD_PHONE LJohn26    165-737-2692
ADD_USER  LJourne34     79 Lillian Journeyman
ADD_PHONE LJourne34  335-051-5395
ADD_PHONE LJourne34  567-412-8355
ADD_PHONE LJourne34  675-048-9524
ADD_USER  LKirov97     155 Logan Kirov III
ADD_PHONE LKirov97   339-631-6047
ADD_PHONE LKirov97   479-399-5183
ADD_PHONE LKirov97   588-502-0209
ADD_USER  LLimous72    471 Lillian Limousine
ADD_USER  LLoaf15       50 Lily Loaf
ADD_PHONE LLoaf15    214-415-6646
ADD_PHONE LLoaf15    420-081-5791
ADD_PHONE LLoaf15    832-057-0609
ADD_USER  LLucy91      741 Lauren Lucy Conjugate
ADD_USER  LMartyr41     90 Layla Martyr
ADD_USER  LMembra67   5527 Liam Membrane
ADD_USER  LMushy29      10 Layla Mushy
ADD_PHONE LMushy29   246-694-5810
ADD_PHONE LMushy29   882-665-5387
ADD_USER  LNewman53      5 Lucas Newman
ADD_PHONE LNewman53  665-735-6161
ADD_USER  LPax03       573 Logan Pax
ADD_PHONE LPax03     205-016-0722
ADD_PHONE LPax03     214-772-8951
ADD_PHONE LPax03     698-283-3355
ADD_USER  LPlugga84     77 Lucas Pluggable
ADD_USER  LPortic93    350 Lily Portico
ADD_PHONE LPortic93  055-958-2442
ADD_PHONE LPortic93  420-591-1845
ADD_PHONE LPortic93  468-467-0167
ADD_USER  LProced43    302 Logan Procedural
ADD_PHONE LProced43  240-718-4388
ADD_PHONE LProced43  775-239-5149
ADD_PHONE LProced43  998-804-5537
ADD_USER  LProspe31   3616 Lily Prosperous Esq
ADD_PHONE LProspe31  030-574-6219
ADD_USER  LPsycho80     13 Landon Psychophysic
ADD_PHONE LPsycho80  075-219-6369
ADD_PHONE LPsycho80  472-854-4551
ADD_PHONE LPsycho80  835-410-3740
ADD_USER  LRendez47   3391 Leah Rendezvous
ADD_PHONE LRendez47  201-743-0823
ADD_PHONE LRendez47  821-695-0646
ADD_PHONE LRendez47  865-670-4671
ADD_USER  LSalvad87  28451 Lauren Salvador
ADD_USER  LSciati88      8 Lily Sciatica
ADD_PHONE LSciati88  463-538-6402
ADD_PHONE LSciati88  678-179-6567
ADD_PHONE LSciati88  754-901-6148
ADD_USER  LSegmen87    496 Lauren Segmentation
ADD_USER  LSouthe43   1073 Leah Southeast
ADD_PHONE LSouthe43  516-938-6501
ADD_PHONE LSouthe43  725-405-0559
ADD_PHONE LSouthe43  993-499-1960
ADD_USER  LSpecta78     15 Lillian Spectacular
ADD_PHONE LSpecta78  580-638-6395
ADD_PHONE LSpecta78  709-378-4910
ADD_USER  LStulti30    333 Leah Stultify
ADD_PHONE LStulti30  093-185-1453
ADD_PHONE LStulti30  865-551-6634
ADD_USER  LTestat55  27850 Lucy Testate
ADD_PHONE LTestat55  224-964-7863
ADD_PHONE LTestat55  336-620-2439
ADD_PHONE LTestat55  938-599-6890
ADD_USER  LTimoth85     88 Layla Timothy
ADD_USER  LTioga80     929 Lilly Tioga
ADD_PHONE LTioga80   112-946-4969
ADD_USER  LTrickl38  40024 Lily Trickle Esq
ADD_USER  LVestig84   4749 Layla Vestige MD
ADD_PHONE LVestig84  637-861-1300
ADD_PHONE LVestig84  709-791-5350
ADD_USER  LYwca08       73 Lauren Ywca
ADD_PHONE LYwca08    079-766-0861
ADD_PHONE LYwca08    770-501-1707
ADD_PHONE LYwca08    902-711-7085
ADD_USER  LZoey39       62 Lillian Zoey Saturnine
ADD_PHONE LZoey39    386-486-3860
ADD_USER  Lillian66   5914 Lillian
ADD_USER  MAfar01    11087 Molly Afar
ADD_PHONE MAfar01    236-415-9671
ADD_PHONE MAfar01    385-667-3945
ADD_USER  MAiden23   38147 Michael Aiden Salvo
ADD_USER  MAlexis47  18236 Madison Alexis Sisyphean
ADD_USER  MAlluvi28     90 Matthew Alluvium
ADD_USER  MAmply30    4579 Mia Amply
ADD_PHONE MAmply30   683-372-4616
ADD_USER  MAstrop15     37 Morgan Astrophysics
ADD_USER  MBingha69  10682 Madeline Bingham
ADD_USER  MBlanch35     46 Matthew Blanche
ADD_PHONE MBlanch35  234-101-0842
ADD_PHONE MBlanch35  489-360-4467
ADD_USER  MCaleb50       8 Max Caleb Hatteras
ADD_USER  MCanner79     17 Mia Cannery
ADD_USER  MCardif26    691 Maya Cardiff
ADD_PHONE MCardif26  939-951-3064
ADD_PHONE MCardif26  969-922-6328
ADD_USER  MChigge63   6544 Makayla Chigger
ADD_PHONE MChigge63  239-632-8429
ADD_USER  MChit87      937 Morgan Chit
ADD_PHONE MChit87    267-468-8247
ADD_USER  MCivic41    6780 Mackenzie Civic
ADD_USER  MCorall92   9926 Max Coralline Jr
ADD_PHONE MCorall92  366-573-6821
ADD_PHONE MCorall92  594-491-4749
ADD_PHONE MCorall92  792-294-4066
ADD_USER  MCypria21   5513 Madison Cyprian
ADD_PHONE MCypria21  106-156-9239
ADD_USER  MDonkey88     65 Mackenzie Donkey
ADD_PHONE MDonkey88  367-681-2306
ADD_USER  MDrawba45     52 Matthew Drawback
ADD_USER  MDredge84   9913 Michael Dredge
ADD_PHONE MDredge84  190-300-1877
ADD_PHONE MDredge84  514-619-0749
ADD_PHONE MDredge84  640-741-6097
ADD_USER  MDrowsy21    492 Molly Drowsy
ADD_PHONE MDrowsy21  135-689-7043
ADD_PHONE MDrowsy21  722-856-8587
ADD_USER  MEmolum71     25 Morgan Emolument
ADD_USER  MErotic45    357 Mason Erotica
ADD_PHONE MErotic45  052-352-8476
ADD_PHONE MErotic45  292-695-4500
ADD_USER  MExtrac94    745 Makayla Extract
ADD_USER  MForsyt09     57 Matthew Forsythe
ADD_PHONE MForsyt09  037-423-5497
ADD_PHONE MForsyt09  605-153-8549
ADD_PHONE MForsyt09  750-468-3833
ADD_USER  MGabrie48     35 Madison Gabriella Syrup
ADD_PHONE MGabrie48  273-484-7804
ADD_PHONE MGabrie48  886-376-9284
ADD_PHONE MGabrie48  986-942-8071
ADD_USER  MGigahe23  29090 Mason Gigaherz
ADD_PHONE MGigahe23  398-738-8282
ADD_PHONE MGigahe23  709-450-7218
ADD_USER  MHawaii62   3624 Mackenzie Hawaii
ADD_USER  MHayfie03  28938 Max Hayfield
ADD_PHONE MHayfie03  880-166-9952
ADD_USER  MHereto65    305 Madeline Hereto
ADD_PHONE MHereto65  691-293-1609
ADD_USER  MHint07    20369 Michael Hint
ADD_USER  MHobbs77     397 Madison Hobbs
ADD_USER  MIcicle55   5071 Madelyn Icicle
ADD_PHONE MIcicle55  423-474-4452
ADD_PHONE MIcicle55  430-969-3231
ADD_PHONE MIcicle55  756-835-7194
ADD_USER  MInfamy33     57 Madelyn Infamy
ADD_PHONE MInfamy33  099-676-1416
ADD_PHONE MInfamy33  341-594-6032
ADD_USER  MInocul66    669 Molly Inoculate PhD
ADD_USER  MInterj84     56 Mackenzie Interject
ADD_PHONE MInterj84  259-876-7266
ADD_USER  MIsolat14     57 Mackenzie Isolate
ADD_PHONE MIsolat14  385-444-5833
ADD_PHONE MIsolat14  990-393-6519
ADD_USER  MJill17       26 Morgan Jill
ADD_PHONE MJill17    059-947-4201
ADD_PHONE MJill17    657-841-8937
ADD_PHONE MJill17    859-454-1356
ADD_USER  MLad09      5491 Madison Lad
ADD_PHONE MLad09     805-724-4064
ADD_PHONE MLad09     929-439-7376
ADD_USER  MLampoo70  10350 Matthew Lampoon
ADD_USER  MLarry05   34603 Madelyn Larry Esq
ADD_PHONE MLarry05   533-403-3645
ADD_USER  MLogan95    3019 Matthew Logan Bowmen MD
ADD_USER  MMarlbo42     22 Madison Marlborough
ADD_PHONE MMarlbo42  112-368-1057
ADD_PHONE MMarlbo42  665-366-2275
ADD_USER  MMonica35    924 Madelyn Monica
ADD_PHONE MMonica35  618-132-2850
ADD_USER  MNco43       498 Mia Nco
ADD_PHONE MNco43     715-203-1746
ADD_PHONE MNco43     838-707-6491
ADD_PHONE MNco43     903-912-6306
ADD_USER  MNit13       969 Makayla Nit MD
ADD_USER  MNostal84    238 Maya Nostalgic
ADD_PHONE MNostal84  611-428-9958
ADD_USER  MNoun11       64 Mackenzie Noun
ADD_PHONE MNoun11    388-351-6388
ADD_USER  MOreste14    172 Morgan Orestes
ADD_PHONE MOreste14  204-013-3786
ADD_PHONE MOreste14  721-434-8930
ADD_USER  MOsprey26     37 Mia Osprey
ADD_USER  MPact05    30031 Matthew Pact
ADD_PHONE MPact05    263-269-1308
ADD_PHONE MPact05    372-326-7640
ADD_USER  MPalmol43    607 Max Palmolive
ADD_PHONE MPalmol43  400-746-1111
ADD_USER  MPaper96     895 Mia Paper
ADD_USER  MPeal76     8924 Mia Peal
ADD_USER  MPentho91   3695 Maya Penthouse MD
ADD_USER  MPolypl45     63 Max Polyploidy
ADD_PHONE MPolypl45  030-887-5439
ADD_USER  MPop60      1846 Madison Pop
ADD_PHONE MPop60     212-729-3564
ADD_PHONE MPop60     606-799-9557
ADD_PHONE MPop60     876-264-6718
ADD_USER  MProtac38     82 Michael Protactinium
ADD_USER  MPurify66    417 Mason Purify
ADD_USER  MQuadru82   9061 Michael Quadrupole
ADD_PHONE MQuadru82  187-927-9238
ADD_USER  MQuarre38    276 Mia Quarrelsome
ADD_PHONE MQuarre38  084-400-4825
ADD_PHONE MQuarre38  378-597-5414
ADD_USER  MRata86      934 Mia Rata
ADD_PHONE MRata86    952-008-7510
ADD_USER  MRebel75   32190 Madelyn Rebel
ADD_PHONE MRebel75   204-511-7415
ADD_USER  MRememb45     57 Maya Remember
ADD_PHONE MRememb45  386-727-1602
ADD_USER  MRuther41     86 Morgan Rutherford
ADD_PHONE MRuther41  280-352-0966
ADD_PHONE MRuther41  331-696-3143
ADD_PHONE MRuther41  916-311-5712
ADD_USER  MSchnab23     45 Madeline Schnabel
ADD_PHONE MSchnab23  413-760-4767
ADD_PHONE MSchnab23  566-711-4278
ADD_PHONE MSchnab23  616-648-0208
ADD_USER  MShove85     776 Morgan Shove
ADD_PHONE MShove85   458-960-0172
ADD_PHONE MShove85   544-111-8056
ADD_PHONE MShove85   823-093-6312
ADD_USER  MSituat11  23052 Maya Situate
ADD_USER  MSnark15     522 Maya Snark
ADD_PHONE MSnark15   015-440-1890
ADD_PHONE MSnark15   678-982-9674
ADD_PHONE MSnark15   999-908-6737
ADD_USER  MSophia84     98 Mackenzie Sophia Bator
ADD_USER  MSourwo55     94 Molly Sourwood
ADD_USER  MStatio15  48075 Mia Stationary
ADD_PHONE MStatio15  210-573-6267
ADD_PHONE MStatio15  338-119-0298
ADD_USER  MSucces46    530 Molly Successful
ADD_PHONE MSucces46  337-414-6837
ADD_USER  MSulfur41    788 Maya Sulfuric
ADD_PHONE MSulfur41  401-248-1499
ADD_USER  MSumptu06    909 Madison Sumptuous
ADD_PHONE MSumptu06  010-251-0313
ADD_PHONE MSumptu06  198-084-8789
ADD_PHONE MSumptu06  484-602-2826
ADD_USER  MSwain23   42861 Madison Swain
ADD_PHONE MSwain23   095-941-9172
ADD_PHONE MSwain23   374-929-4495
ADD_PHONE MSwain23   603-108-9546
ADD_USER  MSympto26    648 Michael Symptom
ADD_PHONE MSympto26  028-831-9793
ADD_PHONE MSympto26  238-985-9372
ADD_PHONE MSympto26  874-362-0284
ADD_USER  MTerrap97  10141 Makayla Terrapin
ADD_PHONE MTerrap97  150-109-1914
ADD_PHONE MTerrap97  227-998-9762
ADD_PHONE MTerrap97  267-444-3224
ADD_USER  MUsurp78     789 Morgan Usurp
ADD_PHONE MUsurp78   906-380-3264
ADD_USER  MVenous45  42430 Madelyn Venous
ADD_PHONE MVenous45  272-550-0362
ADD_PHONE MVenous45  760-870-6025
ADD_PHONE MVenous45  881-913-7964
ADD_USER  MWallbo52     26 Mason Wallboard
ADD_PHONE MWallbo52  639-630-7663
ADD_PHONE MWallbo52  891-140-9632
ADD_USER  MWaterg50     52 Madelyn Watergate
ADD_PHONE MWaterg50  463-538-4567
ADD_PHONE MWaterg50  642-823-4130
ADD_PHONE MWaterg50  929-498-0409
ADD_USER  MWove56       86 Michael Wove
ADD_PHONE MWove56    205-123-5101
ADD_PHONE MWove56    801-216-4614
ADD_PHONE MWove56    969-491-5776
ADD_USER  MZoe49       644 Maya Zoe Flick
ADD_PHONE MZoe49     383-132-8947
ADD_PHONE MZoe49     719-115-3368
ADD_PHONE MZoe49     750-486-0121
ADD_USER  NBeetle77  49321 Noah Beetle
ADD_PHONE NBeetle77  361-735-5175
ADD_PHONE NBeetle77  566-809-6488
ADD_USER  NCutesy48    449 Natalie Cutesy
ADD_PHONE NCutesy48  202-419-4328
ADD_PHONE NCutesy48  826-601-9481
ADD_USER  NEnzyme26    346 Nicholas Enzyme
ADD_USER  NExcheq70    340 Nicholas Exchequer
ADD_PHONE NExcheq70  136-520-6832
ADD_PHONE NExcheq70  174-513-1678
ADD_USER  NExpert74      6 Nathan Expert
ADD_PHONE NExpert74  607-805-2445
ADD_PHONE NExpert74  698-463-5325
ADD_PHONE NExpert74  791-618-5165
ADD_USER  NGrowth22   9217 Natalie Growth
ADD_PHONE NGrowth22  894-051-6343
ADD_USER  NInsult11     20 Nathan Insult
ADD_PHONE NInsult11  212-552-6146
ADD_PHONE NInsult11  452-484-5775
ADD_PHONE NInsult11  917-622-1272
ADD_USER  NKazoo50    1113 Natalie Kazoo
ADD_PHONE NKazoo50   325-096-2167
ADD_PHONE NKazoo50   705-831-8788
ADD_USER  NKingfi76     18 Nathan Kingfisher
ADD_PHONE NKingfi76  359-456-1219
ADD_USER  NMuggin96   5633 Nathan Mugging III
ADD_PHONE NMuggin96  671-108-4590
ADD_USER  NNichol56   4028 Noah Nicholas Stepchild
ADD_PHONE NNichol56  562-807-2167
ADD_USER  NParent71     96 Noah Parent
ADD_USER  NPipeli34    240 Nathan Pipeline
ADD_USER  NProcli27     69 Noah Proclivity
ADD_PHONE NProcli27  306-055-1514
ADD_USER  NReferr54    558 Natalie Referring
ADD_PHONE NReferr54  863-576-0145
ADD_PHONE NReferr54  875-571-9420
ADD_USER  NRydber00    168 Nicholas Rydberg
ADD_USER  NSandus47    804 Nathan Sandusky Esq
ADD_PHONE NSandus47  528-365-4869
ADD_PHONE NSandus47  560-230-5299
ADD_USER  NSecess51    931 Nathan Secession
ADD_PHONE NSecess51  027-568-8321
ADD_PHONE NSecess51  673-730-0792
ADD_PHONE NSecess51  724-398-9468
ADD_USER  NSkat24      365 Nathan Skat
ADD_PHONE NSkat24    351-196-6624
ADD_PHONE NSkat24    725-646-8039
ADD_USER  NSpleen49    765 Natalie Spleenwort
ADD_PHONE NSpleen49  696-986-2199
ADD_USER  NStardo90  13036 Nicholas Stardom
ADD_PHONE NStardo90  056-165-7527
ADD_PHONE NStardo90  864-070-5990
ADD_USER  NSwallo87   3512 Natalie Swallow
ADD_PHONE NSwallo87  276-790-3936
ADD_USER  NTastef33    337 Noah Tasteful
ADD_PHONE NTastef33  877-358-0555
ADD_PHONE NTastef33  996-656-4257
ADD_USER  NTepid05       6 Nathan Tepid
ADD_USER  NTraito05  46386 Noah Traitor
ADD_PHONE NTraito05  303-123-4891
ADD_PHONE NTraito05  597-136-6547
ADD_PHONE NTraito05  869-959-0237
ADD_USER  NWag09      8346 Nicholas Wag
ADD_PHONE NWag09     201-926-1290
ADD_PHONE NWag09     282-550-6721
ADD_PHONE NWag09     837-325-8464
ADD_USER  NWrapup48     72 Nicholas Wrapup
ADD_USER  OBlake01     606 Owen Blake
ADD_PHONE OBlake01   256-809-4050
ADD_PHONE OBlake01   390-793-1848
ADD_USER  OBrayde58    401 Owen Brayden Excuse
ADD_PHONE OBrayde58  018-638-4751
ADD_PHONE OBrayde58  785-489-0508
ADD_PHONE OBrayde58  828-008-0358
ADD_USER  OCarter05  17429 Owen Carter Vast
ADD_USER  OCharli49    603 Oliver Charlie Sorority
ADD_PHONE OCharli49  422-599-0394
ADD_USER  OCircum53    899 Owen Circumcircle Jr
ADD_PHONE OCircum53  464-839-3609
ADD_PHONE OCircum53  646-555-6661
ADD_PHONE OCircum53  650-424-3759
ADD_USER  OExtrad12      6 Olivia Extraditable
ADD_USER  OGraphe19  41988 Oliver Grapheme PhD
ADD_PHONE OGraphe19  898-116-3484
ADD_USER  OIntric05      8 Olivia Intricacy
ADD_PHONE OIntric05  010-906-0132
ADD_PHONE OIntric05  830-790-6288
ADD_USER  OKaleid12   9315 Olivia Kaleidescope
ADD_PHONE OKaleid12  183-419-8381
ADD_PHONE OKaleid12  262-982-9491
ADD_PHONE OKaleid12  978-479-1127
ADD_USER  OSwiss41      68 Owen Swiss
ADD_USER  OThermo13  35981 Owen Thermo
ADD_PHONE OThermo13  200-980-5687
ADD_PHONE OThermo13  327-493-4320
ADD_PHONE OThermo13  935-194-3796
ADD_USER  OUsn95       810 Owen Usn
ADD_PHONE OUsn95     370-852-5155
ADD_PHONE OUsn95     781-195-7817
ADD_USER  OWash59    34188 Oliver Wash
ADD_PHONE OWash59    430-613-2627
ADD_PHONE OWash59    679-527-9662
ADD_USER  PAckley44  11754 Parker Ackley
ADD_USER  PBingha67    583 Parker Binghamton
ADD_PHONE PBingha67  127-881-4228
ADD_USER  PBolivi88     85 Parker Bolivia
ADD_USER  PCarlso04     87 Paige Carlson Esq
ADD_PHONE PCarlso04  085-856-2870
ADD_PHONE PCarlso04  536-535-9553
ADD_PHONE PCarlso04  755-830-6515
ADD_USER  PDeside90   4732 Paige Desideratum
ADD_PHONE PDeside90  092-929-4726
ADD_USER  PEssay65      12 Peyton Essay
ADD_PHONE PEssay65   611-827-6217
ADD_USER  PExaspe49     15 Parker Exasperate
ADD_PHONE PExaspe49  228-753-6116
ADD_PHONE PExaspe49  489-465-0399
ADD_USER  PGradie79     52 Paige Gradient
ADD_PHONE PGradie79  054-030-5490
ADD_PHONE PGradie79  944-006-2560
ADD_USER  PGround16    551 Paige Groundsel
ADD_PHONE PGround16  403-033-7812
ADD_USER  PHare82    13181 Parker Hare
ADD_PHONE PHare82    566-325-0086
ADD_PHONE PHare82    607-004-3923
ADD_PHONE PHare82    641-560-0170
ADD_USER  PHike41     3600 Parker Hike
ADD_PHONE PHike41    382-968-8489
ADD_PHONE PHike41    552-353-7762
ADD_PHONE PHike41    773-281-0672
ADD_USER  PIcky12       40 Paige Icky
ADD_PHONE PIcky12    284-437-9705
ADD_PHONE PIcky12    581-983-0748
ADD_PHONE PIcky12    817-536-0280
ADD_USER  PIncubi73  28184 Peyton Incubi
ADD_PHONE PIncubi73  744-253-8362
ADD_PHONE PIncubi73  881-735-2150
ADD_USER  PLegacy73     96 Peyton Legacy
ADD_USER  PLifo79      423 Peyton Lifo MD
ADD_PHONE PLifo79    146-583-5056
ADD_PHONE PLifo79    548-335-4686
ADD_PHONE PLifo79    758-930-6404
ADD_USER  PLilly39   37839 Peyton Lilly Rhoda
ADD_USER  PMainst18   6124 Paige Mainstream
ADD_USER  PMarlen66    231 Paige Marlene
ADD_PHONE PMarlen66  753-537-5918
ADD_PHONE PMarlen66  841-982-3828
ADD_USER  PMoses49      43 Paige Moses
ADD_PHONE PMoses49   993-973-2541
ADD_USER  POscill03    710 Paige Oscilloscope
ADD_USER  PPeripa53   3032 Peyton Peripatetic
ADD_USER  PPoster62    308 Paige Posterity
ADD_PHONE PPoster62  886-976-3686
ADD_USER  PPrisci71   5234 Parker Priscilla
ADD_PHONE PPrisci71  602-611-4608
ADD_PHONE PPrisci71  688-223-9656
ADD_PHONE PPrisci71  698-314-3465
ADD_USER  PSaloon13     21 Parker Saloonkeeper
ADD_PHONE PSaloon13  166-862-9282
ADD_USER  PSimpli65     67 Peyton Simplistic
ADD_PHONE PSimpli65  034-702-2880
ADD_PHONE PSimpli65  297-391-2844
ADD_USER  PVowel87     624 Parker Vowel
ADD_PHONE PVowel87   358-787-0187
ADD_USER  PWyner30     133 Paige Wyner
ADD_USER  Parker99      67 Parker
ADD_USER  RAaron79   38793 Ryan Aaron Jazzy
ADD_USER  RAntipe86   5238 Ryan Antiperspirant
ADD_USER  RAustin29  17074 Ryan Austin Battlefield
ADD_USER  RBay51     13949 Riley Bay
ADD_USER  RBitch44     773 Ryan Bitch
ADD_USER  RCrankc57    363 Riley Crankcase
ADD_PHONE RCrankc57  003-762-7976
ADD_PHONE RCrankc57  078-645-2373
ADD_PHONE RCrankc57  503-261-8175
ADD_USER  RDeclar83   8377 Ryan Declaratory
ADD_PHONE RDeclar83  114-206-2374
ADD_PHONE RDeclar83  231-888-1146
ADD_PHONE RDeclar83  579-497-7489
ADD_USER  RDistur18     32 Ryan Disturb
ADD_PHONE RDistur18  429-338-2184
ADD_USER  REllie01      49 Riley Ellie Priory
ADD_PHONE REllie01   160-827-1993
ADD_PHONE REllie01   201-354-6946
ADD_PHONE REllie01   707-459-4056
ADD_USER  RFrau38       34 Riley Frau
ADD_USER  RHybrid32     21 Ryan Hybrid
ADD_USER  RIre21        27 Ryan Ire
ADD_USER  RMezzo37      64 Riley Mezzo
ADD_PHONE RMezzo37   015-059-1150
ADD_USER  RMolybd25   4628 Ryan Molybdate
ADD_PHONE RMolybd25  082-765-4170
ADD_USER  RPappas88     97 Riley Pappas
ADD_PHONE RPappas88  235-211-4605
ADD_PHONE RPappas88  691-747-0095
ADD_PHONE RPappas88  717-534-4028
ADD_USER  RPin09         5 Riley Pin
ADD_PHONE RPin09     214-916-4147
ADD_PHONE RPin09     241-326-8491
ADD_USER  RPorcin26      9 Riley Porcine
ADD_PHONE RPorcin26  607-111-1975
ADD_USER  RSimpli84  32643 Riley Simplicity
ADD_PHONE RSimpli84  195-313-5569
ADD_PHONE RSimpli84  930-889-0166
ADD_USER  RSlande27    225 Ryan Slanderous
ADD_USER  RSouthe70    230 Ryan Southeast
ADD_USER  RTussle52    416 Ryan Tussle
ADD_PHONE RTussle52  076-203-5282
ADD_PHONE RTussle52  670-003-1624
ADD_USER  RWarden32     75 Ryan Warden
ADD_PHONE RWarden32  145-785-7541
ADD_PHONE RWarden32  382-331-3728
ADD_USER  RWitchc17    297 Riley Witchcraft
ADD_PHONE RWitchc17  259-658-1460
ADD_PHONE RWitchc17  318-447-6037
ADD_PHONE RWitchc17  597-386-5018
ADD_USER  SAbigai25    918 Samantha Abigail Brasilia
ADD_PHONE SAbigai25  245-288-8573
ADD_PHONE SAbigai25  480-074-4344
ADD_USER  SAlcove43     55 Sophie Alcove
ADD_PHONE SAlcove43  248-522-0912
ADD_PHONE SAlcove43  295-631-7194
ADD_PHONE SAlcove43  326-652-9033
ADD_USER  SAmman36     818 Samuel Amman
ADD_USER  SAntigo78    484 Sophia Antigone
ADD_USER  SAnybod41  28279 Sarah Anybody
ADD_USER  SAscert72     60 Samuel Ascertain
ADD_PHONE SAscert72  127-246-5379
ADD_PHONE SAscert72  199-436-6866
ADD_USER  SAubrey14     90 Sydney Aubrey Incapacity
ADD_USER  SBall89     7963 Sophie Ball
ADD_PHONE SBall89    753-877-7595
ADD_PHONE SBall89    874-593-7701
ADD_PHONE SBall89    964-933-1924
ADD_USER  SChairl09    505 Sydney Chairlady
ADD_USER  SChloe34      83 Samantha Chloe Pharmacist
ADD_PHONE SChloe34   132-639-4670
ADD_PHONE SChloe34   381-005-5873
ADD_PHONE SChloe34   874-268-2091
ADD_USER  SCicero83    930 Sophia Ciceronian
ADD_USER  SCurfew26     51 Sydney Curfew
ADD_PHONE SCurfew26  293-643-9435
ADD_PHONE SCurfew26  898-176-7585
ADD_USER  SEllie29   34873 Samantha Ellie Damnation
ADD_PHONE SEllie29   055-042-7625
ADD_PHONE SEllie29   392-124-6110
ADD_PHONE SEllie29   524-568-5438
ADD_USER  SEmma78       26 Sophie Emma Scotsman
ADD_USER  SEphesu43    631 Sophie Ephesus
ADD_PHONE SEphesu43  170-674-7640
ADD_USER  SEva27      6533 Sofia Eva Tore
ADD_USER  SExtent88    536 Sophia Extent
ADD_PHONE SExtent88  208-627-6182
ADD_PHONE SExtent88  518-850-4895
ADD_PHONE SExtent88  558-726-2833
ADD_USER  SFlexur50      7 Sofia Flexural
ADD_PHONE SFlexur50  869-492-8040
ADD_USER  SFmc73        72 Samantha Fmc
ADD_USER  SForth96    1654 Sydney Forth PhD
ADD_PHONE SForth96   486-259-4212
ADD_PHONE SForth96   535-266-7294
ADD_USER  SGlorio10    215 Sydney Glorious
ADD_PHONE SGlorio10  036-643-6195
ADD_PHONE SGlorio10  041-804-4691
ADD_PHONE SGlorio10  276-051-3323
ADD_USER  SIsingl14  36248 Sarah Isinglass
ADD_USER  SJohnst84     22 Savannah Johnstown
ADD_USER  SJoliet03    804 Savannah Joliet
ADD_PHONE SJoliet03  145-918-3976
ADD_PHONE SJoliet03  227-033-4426
ADD_PHONE SJoliet03  686-985-1417
ADD_USER  SLeapt42     627 Sydney Leapt
ADD_PHONE SLeapt42   444-029-6803
ADD_USER  SLubric91     65 Samuel Lubricious MD
ADD_PHONE SLubric91  087-418-1806
ADD_PHONE SLubric91  175-598-8915
ADD_PHONE SLubric91  751-638-9018
ADD_USER  SMixup17      74 Sarah Mixup
ADD_PHONE SMixup17   307-270-6653
ADD_PHONE SMixup17   556-206-5423
ADD_USER  SMucus37    1205 Sophia Mucus
ADD_PHONE SMucus37   268-272-3358
ADD_PHONE SMucus37   429-420-5065
ADD_PHONE SMucus37   904-074-7763
ADD_USER  SNegroi31   3520 Sydney Negroid
ADD_PHONE SNegroi31  250-670-5276
ADD_PHONE SNegroi31  524-037-5055
ADD_PHONE SNegroi31  804-779-4837
ADD_USER  SNeopre58    675 Samuel Neoprene
ADD_PHONE SNeopre58  029-567-0679
ADD_USER  SNewsca90     50 Sophie Newscast
ADD_PHONE SNewsca90  207-459-1132
ADD_PHONE SNewsca90  334-560-1791
ADD_PHONE SNewsca90  980-900-8438
ADD_USER  SNichol71    910 Samuel Nicholas Flatware
ADD_PHONE SNichol71  266-796-3296
ADD_PHONE SNichol71  655-081-8296
ADD_USER  SNutrit65   8493 Sydney Nutritious
ADD_USER  SOptome04    490 Samuel Optometry
ADD_PHONE SOptome04  288-339-9268
ADD_USER  SPoseid26   2565 Samantha Poseidon
ADD_PHONE SPoseid26  917-628-8472
ADD_PHONE SPoseid26  982-898-6948
ADD_USER  SPoulti66  41435 Savannah Poultice
ADD_PHONE SPoulti66  827-679-6506
ADD_USER  SPyroel00   2667 Sydney Pyroelectric
ADD_PHONE SPyroel00  183-636-7790
ADD_PHONE SPyroel00  788-816-0946
ADD_PHONE SPyroel00  847-935-2569
ADD_USER  SRankin36    309 Savannah Rankin
ADD_PHONE SRankin36  626-381-5364
ADD_USER  SSalvat96     54 Samantha Salvation
ADD_USER  SSang23        2 Savannah Sang
ADD_PHONE SSang23    375-550-9847
ADD_PHONE SSang23    654-942-2034
ADD_PHONE SSang23    858-088-0501
ADD_USER  SShun71      928 Sarah Shun
ADD_PHONE SShun71    291-707-1448
ADD_PHONE SShun71    587-219-9411
ADD_PHONE SShun71    730-295-7639
ADD_USER  SSliver74  10428 Samantha Sliver
ADD_PHONE SSliver74  059-590-7661
ADD_PHONE SSliver74  446-219-2019
ADD_USER  SSophia38     31 Sarah Sophia
ADD_USER  STermin26     60 Sophia Terminable
ADD_USER  STrepid84    804 Sofia Trepidation
ADD_PHONE STrepid84  279-671-7384
ADD_PHONE STrepid84  424-282-6862
ADD_USER  STuberc54     57 Sofia Tuberculosis
ADD_PHONE STuberc54  805-526-2288
ADD_USER  STypic21   28590 Sofia Typic
ADD_PHONE STypic21   157-617-5595
ADD_USER  SWavenu79  18658 Samuel Wavenumber
ADD_PHONE SWavenu79  990-982-3416
ADD_USER  TArrowr35    723 Tyler Arrowroot Jr
ADD_PHONE TArrowr35  273-202-9220
ADD_USER  TBarefa41     64 Tyler Barefaced
ADD_PHONE TBarefa41  246-459-3768
ADD_PHONE TBarefa41  652-337-6966
ADD_USER  TBlake93      74 Tyler Blake Rub
ADD_USER  TChloro81    107 Thomas Chloroplast
ADD_PHONE TChloro81  510-822-4078
ADD_PHONE TChloro81  912-468-1510
ADD_USER  TCorey39   48979 Taylor Corey
ADD_PHONE TCorey39   338-744-0563
ADD_USER  TDiscus92    466 Thomas Discus
ADD_USER  TEuleri29   8757 Tyler Eulerian
ADD_USER  TEumeni82     73 Taylor Eumenides
ADD_USER  TEvalua54  12015 Taylor Evaluable
ADD_PHONE TEvalua54  085-880-3439
ADD_PHONE TEvalua54  536-583-7388
ADD_PHONE TEvalua54  926-059-1359
ADD_USER  THalfba58     72 Tristan Halfback
ADD_USER  THenry63   45612 Tristan Henry Theology
ADD_PHONE THenry63   059-861-9000
ADD_PHONE THenry63   406-961-1743
ADD_USER  THurdle36     97 Tristan Hurdle
ADD_PHONE THurdle36  277-267-2469
ADD_PHONE THurdle36  454-675-5416
ADD_PHONE THurdle36  683-277-5805
ADD_USER  TJig47        24 Thomas Jig
ADD_PHONE TJig47     085-530-9817
ADD_USER  TKharto48    388 Thomas Khartoum
ADD_PHONE TKharto48  368-102-4076
ADD_PHONE TKharto48  585-640-0416
ADD_PHONE TKharto48  944-217-8710
ADD_USER  TLandon13     55 Tyler Landon Saddle Jr
ADD_PHONE TLandon13  456-628-9064
ADD_PHONE TLandon13  895-088-5138
ADD_USER  TLiam03    22539 Thomas Liam Demitted
ADD_USER  TLibera17     81 Thomas Liberal Jr
ADD_PHONE TLibera17  085-598-2919
ADD_PHONE TLibera17  658-738-6166
ADD_PHONE TLibera17  854-896-8227
ADD_USER  TMerril24   6160 Thomas Merrill
ADD_PHONE TMerril24  379-558-8147
ADD_USER  TNumera58   3184 Thomas Numerable
ADD_PHONE TNumera58  124-097-6663
ADD_PHONE TNumera58  801-370-3403
ADD_PHONE TNumera58  982-150-4153
ADD_USER  TPassen01     86 Tyler Passenger
ADD_PHONE TPassen01  641-906-5308
ADD_USER  TPledge42   2086 Tyler Pledge
ADD_USER  TPrehis80  47135 Tyler Prehistoric
ADD_PHONE TPrehis80  784-774-0047
ADD_USER  TRealis23  35445 Tristan Realisable
ADD_PHONE TRealis23  233-937-5968
ADD_PHONE TRealis23  388-853-1447
ADD_USER  TSander53     69 Thomas Sanders
ADD_PHONE TSander53  153-889-4592
ADD_USER  TSimulc04    784 Tristan Simulcast
ADD_PHONE TSimulc04  326-576-6548
ADD_PHONE TSimulc04  672-200-0259
ADD_PHONE TSimulc04  855-322-3108
ADD_USER  TTheref23  36864 Taylor Therefrom
ADD_PHONE TTheref23  396-861-1981
ADD_PHONE TTheref23  630-755-7705
ADD_USER  TTorah65     111 Taylor Torah
ADD_USER  TTrilli18  18942 Tyler Trillionth
ADD_PHONE TTrilli18  065-003-0546
ADD_PHONE TTrilli18  802-162-9821
ADD_USER  VBluebi70  48321 Victoria Bluebill MD
ADD_PHONE VBluebi70  181-053-7676
ADD_PHONE VBluebi70  636-626-6932
ADD_PHONE VBluebi70  726-050-4133
ADD_USER  VEastbo88  20407 Victoria Eastbound
ADD_PHONE VEastbo88  680-194-3764
ADD_PHONE VEastbo88  689-917-1394
ADD_USER  VEfflor78    280 Victoria Effloresce
ADD_PHONE VEfflor78  601-918-3067
ADD_USER  VErgodi30   6508 Victoria Ergodic
ADD_PHONE VErgodi30  172-424-5695
ADD_PHONE VErgodi30  182-306-0719
ADD_PHONE VErgodi30  763-263-0406
ADD_USER  VFore34    42608 Victoria Fore
ADD_PHONE VFore34    402-771-4646
ADD_PHONE VFore34    955-308-8801
ADD_USER  VGeophy96    120 Victoria Geophysics
ADD_PHONE VGeophy96  059-946-3406
ADD_PHONE VGeophy96  316-485-7994
ADD_PHONE VGeophy96  695-713-0219
ADD_USER  VMortga22    446 Victoria Mortgage
ADD_USER  VMutton81   5001 Victoria Mutton
ADD_PHONE VMutton81  974-373-6285
ADD_USER  VNatali09    595 Victoria Natalie Rhythm
ADD_PHONE VNatali09  144-017-8676
ADD_PHONE VNatali09  498-980-1386
ADD_USER  VPegasu94     61 Victoria Pegasus
ADD_PHONE VPegasu94  803-151-5856
ADD_PHONE VPegasu94  894-072-0029
ADD_USER  VSpauld39    307 Victoria Spaulding
ADD_PHONE VSpauld39  669-714-5436
ADD_PHONE VSpauld39  899-769-0079
ADD_USER  VTed91     49909 Victoria Ted
ADD_PHONE VTed91     032-018-2235
ADD_USER  VWaylay26      8 Victoria Waylay
ADD_PHONE VWaylay26  138-639-2767
ADD_PHONE VWaylay26  496-027-0672
ADD_USER  WFootme79    237 Wyatt Footmen Jr
ADD_PHONE WFootme79  506-166-4195
ADD_PHONE WFootme79  887-451-1824
ADD_USER  WMidst23     418 Wyatt Midst
ADD_PHONE WMidst23   479-254-5292
ADD_USER  WReport37  18779 Wyatt Reportorial
ADD_USER  WTussle66     11 William Tussle
ADD_PHONE WTussle66  035-278-6852
ADD_PHONE WTussle66  133-996-3160
ADD_PHONE WTussle66  752-254-8026
ADD_USER  XAlto22       40 Xavier Alto
ADD_USER  XCurdle65  29445 Xavier Curdle
ADD_PHONE XCurdle65  010-083-8995
ADD_PHONE XCurdle65  105-059-0392
ADD_PHONE XCurdle65  738-961-8298
ADD_USER  XHoodlu47  22879 Xavier Hoodlum
ADD_PHONE XHoodlu47  076-296-4438
ADD_PHONE XHoodlu47  370-711-7581
ADD_USER  XKing89     4930 Xavier King
ADD_PHONE XKing89    391-898-4871
ADD_PHONE XKing89    433-450-8750
ADD_PHONE XKing89    511-065-8279
ADD_USER  XLoeb90       23 Xavier Loeb
ADD_PHONE XLoeb90    593-063-9177
ADD_USER  XMetabo07    904 Xavier Metabolic
ADD_USER  Xavier11    2317 Xavier
ADD_PHONE Xavier11   176-084-2819
ADD_PHONE Xavier11   636-704-5985
ADD_PHONE Xavier11   648-506-7580
ADD_USER  ZAbando48     74 Zoey Abandon
ADD_PHONE ZAbando48  910-053-3021
ADD_PHONE ZAbando48  965-304-6913
ADD_PHONE ZAbando48  972-810-7656
ADD_USER  ZAgee41      142 Zoey Agee
ADD_PHONE ZAgee41    550-151-2895
ADD_USER  ZAncest93     85 Zoey Ancestor
ADD_USER  ZAstrop90     62 Zoe Astrophysics
ADD_USER  ZBloch63   46484 Zoe Bloch
ADD_PHONE ZBloch63   317-056-4328
ADD_USER  ZDade91       28 Zachary Dade
ADD_USER  ZDendri66     83 Zoey Dendrite
ADD_USER  ZHorsef61   1558 Zachary Horsefly
ADD_PHONE ZHorsef61  293-739-4160
ADD_PHONE ZHorsef61  348-875-9656
ADD_PHONE ZHorsef61  680-257-3954
ADD_USER  ZHydrox88     69 Zoey Hydroxylate MD
ADD_PHONE ZHydrox88  801-665-3664
ADD_USER  ZHymnal02    760 Zoe Hymnal
ADD_PHONE ZHymnal02  351-666-3057
ADD_PHONE ZHymnal02  583-317-2396
ADD_USER  ZLeah02     3793 Zoey Leah Lysergic
ADD_PHONE ZLeah02    306-460-7716
ADD_PHONE ZLeah02    616-839-0899
ADD_PHONE ZLeah02    903-508-0494
ADD_USER  ZMissiv84    426 Zachary Missive
ADD_PHONE ZMissiv84  085-511-6084
ADD_USER  ZNeuman60   3773 Zoey Neumann
ADD_PHONE ZNeuman60  192-486-8776
ADD_PHONE ZNeuman60  826-358-6743
ADD_PHONE ZNeuman60  988-164-8977
ADD_USER  ZPrefix30     81 Zoey Prefix
ADD_PHONE ZPrefix30  783-888-6114
ADD_USER  ZPropos46    684 Zoey Proposition
ADD_USER  ZRutile44    963 Zoe Rutile
ADD_PHONE ZRutile44  069-501-2499
ADD_USER  ZStages41    418 Zachary Stagestruck
ADD_PHONE ZStages41  777-060-5733
ADD_PHONE ZStages41  896-803-2983
ADD_USER  ZStahl06   42476 Zoe Stahl
ADD_PHONE ZStahl06   223-506-0871
ADD_PHONE ZStahl06   318-785-5461
ADD_PHONE ZStahl06   723-604-7129
ADD_USER  ZStamin79      3 Zachary Staminate
ADD_PHONE ZStamin79  176-408-5838
ADD_PHONE ZStamin79  970-606-7805
ADD_USER  ZTanya15     493 Zoe Tanya
ADD_PHONE ZTanya15   250-724-2254
ADD_USER  ZThough18    821 Zoe Thought
ADD_USER  ZUncle59      90 Zachary Uncle
ADD_PHONE ZUncle59   147-833-9251
ADD_USER  ZWindmi12      8 Zoey Windmill
ADD_PHONE ZWindmi12  229-417-9189
ADD_PHONE ZWindmi12  368-285-7202
MARK_USED 01JUjO5Pd7vsCb 2YGkIclCLuYpp2 3yMMBqHI1fgklK 4evNy2PpjuJHe8 4m94CFUIXjeZw4 9JmkifRMLMPBpo 9tYMJRQiWENtas ABMzsUh8fiY379
MARK_USED Ccmk6ItfM5K2TS CjtIBwVMM7il2P HeMzlpFsx1pbCj JDWu7AT2RWClQL MGnOEPmNEMJwaY RQ0ZpUmumF57eu RVsU2GlNDWLCYm TaYLLvtfvH0APA
MARK_USED UxhePf5z7b8e9D Vv7gTBF86rDiBZ apc9U8FqN0mjNg axv4sCrdkNmnuJ b71CacfKAHAQBU doQ5UPUx6O6oml l7x2OBfoBPwOX4 lPsHKuuVL7SzFf
MARK_USED oQBiJ5ts5pIBSW pMv1lS4gu7Jb6V r9ftFl28LhQC9h td3dnm5hllNBhb uSijcfoen9xpAM z90w4sM9Yvz0MZ
