PRIZE     cancun     10000      1 All Expense-Paid trip to Cancun
PRIZE     dogo         570      3 Club Dogo 12-Month Subscription
PRIZE     habitat       35    100 Donation to Habitat for Humanity
PRIZE     hat         2222      2 Ninja Warrior Mount Midoriyama T-Shirt
PRIZE     maze           1     20 Memory Collector Maze Downloadable Game
PRIZE     ovis          50      3 Ovis Rent a Car Single Upgrade Coupon
PRIZE     pudget        50      5 pudget Rent A Car Single Upgrade Coupon
PRIZE     quest          1     10 Memory Quest Downloadable Game
PRIZE     rest         500      5 Restaurant Gift Card from E-Restaurants.com
PRIZE     spinner      750      4 Multi-Function Salad Spinner and Chopper
ADD_USER  AAbbrev58    975 Anna Abbreviate
ADD_PHONE AAbbrev58  026-300-3454
ADD_PHONE AAbbrev58  124-844-9589
ADD_PHONE AAbbrev58  297-175-4159
ADD_USER  AAborni64    525 Addison Aborning
ADD_USER  AAssam86     341 Alexander Assam
ADD_PHONE AAssam86   853-657-3219
ADD_USER  AAutoco77   3440 Aiden Autocollimate
ADD_PHONE AAutoco77  175-198-2520
ADD_PHONE AAutoco77  294-003-4616
ADD_PHONE AAutoco77  776-914-8936
ADD_USER  ABayed33      88 Allison Bayed
ADD_PHONE ABayed33   720-063-3104
ADD_PHONE ABayed33   892-031-7198
ADD_USER  ABeaure40    707 Aiden Beauregard
ADD_PHONE ABeaure40  231-145-9416
ADD_PHONE ABeaure40  918-784-9631
ADD_PHONE ABeaure40  994-460-3912
ADD_USER  ABeginn94    900 Allison Beginner
ADD_USER  ABingle36   4660 Audrey Bingle
ADD_PHONE ABingle36  268-498-2738
ADD_USER  ABiotic41  15149 Aiden Biotic
ADD_USER  ABoeoti88  32373 Addison Boeotian
ADD_USER  ABootle60   7357 Alexandra Bootlegged
ADD_USER  ABreakd83    752 Anna Breakdown
ADD_PHONE ABreakd83  033-829-4450
ADD_PHONE ABreakd83  134-730-8437
ADD_PHONE ABreakd83  992-331-3637
ADD_USER  ACamell67   6716 Audrey Camellia
ADD_PHONE ACamell67  029-437-6084
ADD_PHONE ACamell67  546-088-5719
ADD_PHONE ACamell67  797-613-6745
ADD_USER  ACancel85      2 Aiden Cancelling
ADD_PHONE ACancel85  109-653-7112
ADD_USER  ACanopy86    979 Austin Canopy
ADD_USER  ACanvas51   2009 Audrey Canvas
ADD_PHONE ACanvas51  036-528-3845
ADD_PHONE ACanvas51  519-676-4576
ADD_PHONE ACanvas51  783-171-0989
ADD_USER  ACarcin17  26475 Austin Carcinogenic
ADD_USER  ACarneg13   5256 Alex Carnegie
ADD_PHONE ACarneg13  289-872-4499
ADD_USER  ACasual23     82 Abigail Casual
ADD_PHONE ACasual23  361-378-5877
ADD_USER  ACatast02  48778 Alyssa Catastrophe
ADD_PHONE ACatast02  695-628-6796
ADD_PHONE ACatast02  866-895-9316
ADD_PHONE ACatast02  958-993-9773
ADD_USER  ACereal42    284 Abigail Cereal
ADD_USER  AChock07   23722 Austin Chock
ADD_PHONE AChock07   368-774-9813
ADD_USER  AClarin40   1931 Abigail Clarinet
ADD_PHONE AClarin40  016-205-4514
ADD_PHONE AClarin40  154-277-1357
ADD_USER  AClimac77    726 Alexandra Climactic
ADD_PHONE AClimac77  078-719-9816
ADD_PHONE AClimac77  305-829-0089
ADD_PHONE AClimac77  986-921-0617
ADD_USER  ACloseu28     94 Andrew Closeup
ADD_PHONE ACloseu28  127-290-5875
ADD_USER  AColloq79   6073 Aidan Colloquium
ADD_PHONE AColloq79  029-753-8982
ADD_PHONE AColloq79  151-910-2181
ADD_PHONE AColloq79  961-096-1505
ADD_USER  AColloq88  16251 Aidan Colloquia
ADD_USER  ACompla77   5890 Alexis Complainant
ADD_PHONE ACompla77  587-678-9102
ADD_PHONE ACompla77  636-168-8204
ADD_PHONE ACompla77  733-804-4700
ADD_USER  AConstr40  10107 Austin Constrictor
ADD_PHONE AConstr40  206-409-1932
ADD_PHONE AConstr40  824-358-4317
ADD_USER  ACowman67     64 Adam Cowman
ADD_USER  ACricke09  16843 Alexis Cricket
ADD_PHONE ACricke09  671-186-4968
ADD_USER  ACroix45    8682 Andrew Croix
ADD_USER  ACrucif62  13293 Avery Crucifixion
ADD_PHONE ACrucif62  503-165-2218
ADD_PHONE ACrucif62  627-745-3937
ADD_USER  ACrypta48   9009 Adam Cryptanalyst
ADD_PHONE ACrypta48  743-970-3702
ADD_USER  ACyclor15   6545 Aaron Cyclorama
ADD_USER  ADemago34  36020 Anna Demagogue
ADD_PHONE ADemago34  543-218-7097
ADD_USER  ADiesel90     79 Amelia Diesel
ADD_PHONE ADiesel90  542-331-7134
ADD_PHONE ADiesel90  634-715-4483
ADD_USER  ADiffus44    874 Alex Diffusible
ADD_PHONE ADiffus44  393-332-7751
ADD_USER  ADinner86    543 Abigail Dinnertime
ADD_USER  ADismal55  10121 Aaron Dismal Esq
ADD_PHONE ADismal55  815-030-8831
ADD_PHONE ADismal55  883-978-8902
ADD_USER  ADynami43      0 Aaron Dynamism
ADD_PHONE ADynami43  077-424-1349
ADD_PHONE ADynami43  263-414-8421
ADD_USER  AEpigra59      4 Aiden Epigraph
ADD_PHONE AEpigra59  100-261-6116
ADD_PHONE AEpigra59  900-897-2095
ADD_PHONE AEpigra59  962-153-2326
ADD_USER  AErasur90     60 Aubrey Erasure
ADD_PHONE AErasur90  039-233-7577
ADD_PHONE AErasur90  177-943-3577
ADD_PHONE AErasur90  205-163-7134
ADD_USER  AEvan49      629 Austin Evan Consummate
ADD_PHONE AEvan49    727-605-4695
ADD_PHONE AEvan49    893-048-9014
ADD_USER  AFirema09   4774 Andrew Fireman
ADD_PHONE AFirema09  243-428-9101
ADD_USER  AFlog53      586 Aaron Flog
ADD_PHONE AFlog53    192-843-2682
ADD_PHONE AFlog53    209-018-2334
ADD_USER  AFoggy10     808 Anthony Foggy
ADD_USER  AFrankl02    691 Alex Franklin IV
ADD_PHONE AFrankl02  312-930-9910
ADD_PHONE AFrankl02  628-895-1220
ADD_PHONE AFrankl02  861-361-5892
ADD_USER  AFricat94    487 Alexander Fricative
ADD_PHONE AFricat94  119-692-8834
ADD_PHONE AFricat94  532-767-5932
ADD_USER  AFuller99      3 Alyssa Fullerton
ADD_PHONE AFuller99  963-415-9001
ADD_USER  AFuzz40      311 Alexis Fuzz
ADD_PHONE AFuzz40    107-213-6786
ADD_PHONE AFuzz40    698-595-2060
ADD_USER  AGerman64     18 Avery Germane
ADD_PHONE AGerman64  069-681-3738
ADD_USER  AGianna33     80 Aubrey Gianna Cancerous
ADD_PHONE AGianna33  139-002-7358
ADD_PHONE AGianna33  545-098-0152
ADD_PHONE AGianna33  830-639-4608
ADD_USER  AGloomy40     50 Adam Gloomy
ADD_PHONE AGloomy40  672-342-5369
ADD_USER  AGluing13    524 Aiden Gluing
ADD_PHONE AGluing13  753-673-0718
ADD_USER  AGraham21    615 Alex Graham
ADD_USER  AGuess65     527 Ava Guess
ADD_USER  AHesse59      18 Aubrey Hesse
ADD_PHONE AHesse59   600-742-9285
ADD_USER  AHicks20     866 Avery Hicks
ADD_PHONE AHicks20   799-372-0869
ADD_USER  AHoofma63     35 Alexis Hoofmark
ADD_PHONE AHoofma63  330-045-2491
ADD_PHONE AHoofma63  928-264-6415
ADD_USER  AHuck22     1464 Addison Huck
ADD_PHONE AHuck22    097-449-5583
ADD_PHONE AHuck22    240-235-6144
ADD_PHONE AHuck22    702-363-5829
ADD_USER  AIgnora43  35561 Adam Ignoramus
ADD_PHONE AIgnora43  388-585-7383
ADD_PHONE AIgnora43  810-508-6267
ADD_PHONE AIgnora43  991-048-9696
ADD_USER  AImitab96    233 Arianna Imitable
ADD_PHONE AImitab96  522-510-4282
ADD_PHONE AImitab96  858-144-7961
ADD_PHONE AImitab96  969-241-7964
ADD_USER  AInclin69    428 Avery Incline
ADD_USER  AInclud85   9447 Arianna Include
ADD_PHONE AInclud85  235-772-6428
ADD_PHONE AInclud85  473-527-5962
ADD_PHONE AInclud85  835-079-8157
ADD_USER  AIncomm21     16 Alexandra Incommensurate
ADD_USER  AIndebt83  22216 Arianna Indebted
ADD_USER  AInflex75    975 Allison Inflexible
ADD_PHONE AInflex75  021-941-1384
ADD_PHONE AInflex75  380-853-3634
ADD_PHONE AInflex75  663-883-0005
ADD_USER  AIntell28    757 Alexandra Intelligentsia
ADD_PHONE AIntell28  835-382-1292
ADD_USER  AInterv68  31107 Allison Intervention
ADD_USER  AIrs89        89 Allison Irs
ADD_PHONE AIrs89     679-258-3316
ADD_USER  AJake46     9278 Austin Jake Pentecostal
ADD_USER  AKately67    803 Audrey Katelyn Vanderbilt
ADD_PHONE AKately67  579-121-3198
ADD_PHONE AKately67  692-106-4366
ADD_PHONE AKately67  770-832-8586
ADD_USER  ALatina99   1094 Alexandra Latinate
ADD_PHONE ALatina99  076-208-9450
ADD_PHONE ALatina99  650-258-2535
ADD_USER  ALauren69     62 Avery Lauren Your
ADD_PHONE ALauren69  842-716-4051
ADD_USER  ALayla13      72 Arianna Layla Patient
ADD_PHONE ALayla13   081-025-7162
ADD_PHONE ALayla13   129-645-5802
ADD_PHONE ALayla13   354-446-2661
ADD_USER  ALogan77    2958 Aaron Logan Erratic
ADD_USER  AMagnum88     51 Aubrey Magnum
ADD_PHONE AMagnum88  649-871-4025
ADD_USER  AMagnus66     72 Anthony Magnuson
ADD_PHONE AMagnus66  349-834-8390
ADD_USER  AMargin67     12 Amelia Marginalia
ADD_PHONE AMargin67  533-670-3552
ADD_PHONE AMargin67  898-032-0599
ADD_USER  AMeetin72   5095 Alexis Meetinghouse
ADD_PHONE AMeetin72  001-325-3562
ADD_PHONE AMeetin72  103-556-7553
ADD_PHONE AMeetin72  818-641-9085
ADD_USER  AMercan11      6 Anthony Mercantile
ADD_USER  AMichae54    655 Aaron Michael Tape
ADD_PHONE AMichae54  729-197-6264
ADD_USER  AMidwee56    278 Austin Midweek
ADD_PHONE AMidwee56  014-434-8638
ADD_PHONE AMidwee56  254-493-6347
ADD_PHONE AMidwee56  514-344-0968
ADD_USER  AMisnom70    295 Allison Misnomer
ADD_PHONE AMisnom70  557-787-2977
ADD_PHONE AMisnom70  606-663-8096
ADD_PHONE AMisnom70  643-218-7167
ADD_USER  AMistle04      6 Amelia Mistletoe
ADD_PHONE AMistle04  604-932-4593
ADD_USER  AMoiste07    101 Addison Moisten
ADD_USER  AMudsli96  38960 Allison Mudsling
ADD_PHONE AMudsli96  247-470-4948
ADD_USER  AMurk50        8 Avery Murk
ADD_PHONE AMurk50    557-437-9193
ADD_PHONE AMurk50    907-679-0965
ADD_USER  AMuskra20    669 Allison Muskrat
ADD_PHONE AMuskra20  130-493-1984
ADD_PHONE AMuskra20  315-617-5358
ADD_PHONE AMuskra20  695-803-5281
ADD_USER  ANewfou47   8829 Addison Newfound
ADD_PHONE ANewfou47  238-832-8302
ADD_PHONE ANewfou47  351-066-3014
ADD_USER  AObfusc68   9645 Amelia Obfuscate
ADD_PHONE AObfusc68  209-312-5688
ADD_PHONE AObfusc68  919-171-1728
ADD_USER  AOctago51     34 Amelia Octagon
ADD_PHONE AOctago51  610-721-4177
ADD_USER  AOctoge13  47518 Allison Octogenarian
ADD_USER  AOrator95     77 Aaron Oratorio
ADD_PHONE AOrator95  218-464-2980
ADD_PHONE AOrator95  372-582-2584
ADD_USER  AParano76    294 Audrey Paranoid
ADD_PHONE AParano76  937-359-7082
ADD_PHONE AParano76  979-077-9804
ADD_USER  APaucit32     82 Avery Paucity
ADD_PHONE APaucit32  168-133-0728
ADD_PHONE APaucit32  936-908-1522
ADD_USER  APegboa26    207 Amelia Pegboard
ADD_PHONE APegboa26  164-892-6593
ADD_PHONE APegboa26  187-597-9957
ADD_USER  APercep77    856 Alex Perception
ADD_USER  APiggis45  29507 Aiden Piggish
ADD_PHONE APiggis45  461-557-4944
ADD_PHONE APiggis45  619-016-3980
ADD_PHONE APiggis45  687-459-1977
ADD_USER  APolona70     46 Aiden Polonaise
ADD_USER  AProf44      599 Avery Prof
ADD_USER  AProstr66      1 Anna Prostrate
ADD_PHONE AProstr66  017-421-7990
ADD_PHONE AProstr66  033-371-0029
ADD_PHONE AProstr66  402-316-8034
ADD_USER  APushpi34    981 Alyssa Pushpin
ADD_PHONE APushpi34  138-796-5450
ADD_PHONE APushpi34  525-617-4366
ADD_USER  ARequis66    719 Adam Requisition
ADD_USER  ARhoda93     453 Allison Rhoda
ADD_USER  ARiffle12    537 Avery Riffle
ADD_PHONE ARiffle12  329-348-8333
ADD_USER  ARoof59       76 Andrew Roof
ADD_PHONE ARoof59    017-100-8188
ADD_PHONE ARoof59    807-699-0572
ADD_PHONE ARoof59    879-172-5314
ADD_USER  AScar44     9993 Alexander Scar
ADD_USER  AScrew14      90 Anthony Screw
ADD_USER  ASen38      4775 Anthony Sen
ADD_PHONE ASen38     187-034-2514
ADD_PHONE ASen38     501-976-7331
ADD_USER  ASingle16  36844 Anthony Single
ADD_PHONE ASingle16  274-295-2597
ADD_USER  ASistin32    129 Abigail Sistine
ADD_PHONE ASistin32  207-581-5039
ADD_PHONE ASistin32  380-287-5051
ADD_PHONE ASistin32  548-993-8594
ADD_USER  ASquawr19   4915 Anthony Squawroot
ADD_PHONE ASquawr19  443-593-3543
ADD_PHONE ASquawr19  854-050-3111
ADD_USER  AStorag62   7331 Anthony Storage
ADD_PHONE AStorag62  073-606-8635
ADD_PHONE AStorag62  677-632-1974
ADD_PHONE AStorag62  768-914-6820
ADD_USER  ASurfac96   5064 Andrew Surface
ADD_PHONE ASurfac96  241-155-2869
ADD_USER  ATarnis71   8375 Aaron Tarnish
ADD_PHONE ATarnis71  759-928-5018
ADD_PHONE ATarnis71  845-725-3182
ADD_USER  ATeaket67  14040 Anna Teakettle
ADD_USER  ATemper78    688 Alexis Temper
ADD_PHONE ATemper78  332-766-7787
ADD_PHONE ATemper78  783-178-3701
ADD_PHONE ATemper78  938-051-5670
ADD_USER  ATermin66   2976 Allison Termini
ADD_PHONE ATermin66  071-914-0925
ADD_PHONE ATermin66  545-480-8604
ADD_PHONE ATermin66  554-188-3745
ADD_USER  ATetrah83    750 Amelia Tetrahedral
ADD_PHONE ATetrah83  250-907-3067
ADD_PHONE ATetrah83  557-605-2408
ADD_PHONE ATetrah83  969-257-5557
ADD_USER  AThem79     5973 Aubrey Them
ADD_USER  ATonk74     3782 Alexander Tonk
ADD_PHONE ATonk74    279-980-7634
ADD_PHONE ATonk74    368-137-4839
ADD_USER  AToolma65    515 Aidan Toolmake
ADD_PHONE AToolma65  063-029-4656
ADD_USER  ATrista98   8535 Anthony Tristate MD
ADD_PHONE ATrista98  470-904-6617
ADD_USER  ATwin44       93 Audrey Twin
ADD_USER  AUpswin32  44252 Aubrey Upswing
ADD_PHONE AUpswin32  540-952-4325
ADD_PHONE AUpswin32  934-196-6301
ADD_USER  AWaldor56     83 Anna Waldorf
ADD_PHONE AWaldor56  788-168-9061
ADD_PHONE AWaldor56  933-742-3771
ADD_USER  AWatts94      73 Addison Watts
ADD_USER  AWindow88     38 Amelia Window
ADD_USER  AWiny73      810 Ava Winy
ADD_USER  AWishy79   19696 Arianna Wishy
ADD_PHONE AWishy79   085-294-0261
ADD_PHONE AWishy79   123-535-6770
ADD_PHONE AWishy79   872-335-5111
ADD_USER  AWorkda22   6315 Anthony Workday
ADD_PHONE AWorkda22  529-745-0312
ADD_PHONE AWorkda22  543-785-7426
ADD_PHONE AWorkda22  817-849-5221
ADD_USER  AZambia59    682 Alex Zambia
ADD_PHONE AZambia59  394-446-3364
ADD_PHONE AZambia59  888-064-9855
ADD_USER  Aaron23       23 Aaron
ADD_PHONE Aaron23    512-759-2412
ADD_USER  BAboveb71     33 Brody Aboveboard
ADD_PHONE BAboveb71  570-352-0750
ADD_PHONE BAboveb71  783-873-5136
ADD_USER  BAidan00   14639 Brayden Aidan Moluccas
ADD_PHONE BAidan00   408-679-3109
ADD_USER  BAidan21   44637 Blake Aidan Pocketbook
ADD_PHONE BAidan21   227-396-3221
ADD_USER  BArgus46      83 Brooke Argus
ADD_USER  BAutomo62    736 Benjamin Automotive
ADD_PHONE BAutomo62  555-254-8233
ADD_PHONE BAutomo62  605-900-3398
ADD_PHONE BAutomo62  763-048-9985
ADD_USER  BAversi87     70 Bella Aversion
ADD_PHONE BAversi87  330-019-8572
ADD_PHONE BAversi87  477-308-2406
ADD_PHONE BAversi87  859-427-2838
ADD_USER  BBattle10   2358 Brandon Battleground
ADD_PHONE BBattle10  701-218-1955
ADD_PHONE BBattle10  811-242-1922
ADD_USER  BBaud80      872 Brianna Baud
ADD_PHONE BBaud80    138-311-1116
ADD_USER  BBellow78  49968 Brooklyn Bellow
ADD_PHONE BBellow78  929-802-9665
ADD_USER  BBitch24     853 Bailey Bitch
ADD_USER  BBritta28    109 Brayden Brittany
ADD_USER  BBunyan58  16130 Brooke Bunyan
ADD_PHONE BBunyan58  455-529-1939
ADD_PHONE BBunyan58  682-018-3702
ADD_USER  BCeleri12     21 Bailey Celerity
ADD_PHONE BCeleri12  356-258-0280
ADD_USER  BClammy72     99 Bailey Clammy
ADD_PHONE BClammy72  047-292-1126
ADD_USER  BClassi68    531 Blake Classic
ADD_USER  BCommen36   8177 Bailey Commensurate PhD
ADD_USER  BCooper93     93 Brody Cooper Refutation
ADD_USER  BCoot33       17 Brody Coot
ADD_PHONE BCoot33    914-193-5431
ADD_USER  BCornwa39    122 Brody Cornwall
ADD_PHONE BCornwa39  178-975-2294
ADD_PHONE BCornwa39  387-127-4381
ADD_PHONE BCornwa39  955-220-5431
ADD_USER  BDavid09      98 Blake David Adoptive IV
ADD_USER  BDrawbr92  26071 Brandon Drawbridge
ADD_USER  BDye66        25 Benjamin Dye
ADD_USER  BEmploy01    502 Brody Employ
ADD_PHONE BEmploy01  823-524-2470
ADD_PHONE BEmploy01  832-920-6657
ADD_USER  BEradic00     54 Benjamin Eradicable
ADD_PHONE BEradic00  074-476-7032
ADD_PHONE BEradic00  563-487-6666
ADD_PHONE BEradic00  667-668-7326
ADD_USER  BFantas19   8957 Benjamin Fantasist
ADD_PHONE BFantas19  113-229-3961
ADD_PHONE BFantas19  689-585-7442
ADD_USER  BFordha29    358 Brody Fordham
ADD_USER  BFoxy44     3413 Brayden Foxy
ADD_PHONE BFoxy44    337-963-0662
ADD_USER  BGabrie47    535 Benjamin Gabriel Brake
ADD_PHONE BGabrie47  457-184-5549
ADD_PHONE BGabrie47  468-979-6777
ADD_USER  BGallow33  22122 Bailey Gallows
ADD_USER  BGear44       98 Brianna Gear
ADD_PHONE BGear44    025-558-3561
ADD_PHONE BGear44    058-169-2664
ADD_PHONE BGear44    947-562-6531
ADD_USER  BGeorge61     64 Brooklyn George
ADD_USER  BGimmic43    404 Brooklyn Gimmick
ADD_PHONE BGimmic43  214-025-6396
ADD_PHONE BGimmic43  663-219-9739
ADD_PHONE BGimmic43  905-312-5176
ADD_USER  BGrapef25  47243 Brianna Grapefruit
ADD_PHONE BGrapef25  608-636-0657
ADD_PHONE BGrapef25  811-883-7402
ADD_USER  BGull34    18611 Brianna Gull
ADD_PHONE BGull34    057-591-8152
ADD_PHONE BGull34    343-958-3904
ADD_PHONE BGull34    493-441-4665
ADD_USER  BHerd66     6221 Brooke Herd
ADD_PHONE BHerd66    678-315-9915
ADD_PHONE BHerd66    975-241-4965
ADD_USER  BHitch57   44885 Brayden Hitch
ADD_PHONE BHitch57   359-546-5441
ADD_USER  BHonora52     80 Brody Honorary
ADD_USER  BInsinc86    218 Brooklyn Insincere
ADD_PHONE BInsinc86  029-523-5324
ADD_PHONE BInsinc86  709-019-2073
ADD_PHONE BInsinc86  740-802-2860
ADD_USER  BIslama99  44086 Bella Islamabad
ADD_USER  BJurisp99  36371 Brianna Jurisprudential
ADD_PHONE BJurisp99  551-253-8755
ADD_PHONE BJurisp99  637-257-1958
ADD_USER  BKankak58     99 Bailey Kankakee
ADD_PHONE BKankak58  037-048-0640
ADD_PHONE BKankak58  520-341-9892
ADD_PHONE BKankak58  845-404-9380
ADD_USER  BKaylee96  37572 Brianna Kaylee Sight
ADD_PHONE BKaylee96  577-295-1604
ADD_PHONE BKaylee96  864-801-6893
ADD_USER  BKennec16   1107 Brianna Kennecott
ADD_PHONE BKennec16  606-730-8307
ADD_USER  BKuwait65  21202 Brandon Kuwait
ADD_PHONE BKuwait65  704-111-8222
ADD_PHONE BKuwait65  891-565-2917
ADD_PHONE BKuwait65  953-844-2666
ADD_USER  BLatitu63   3065 Benjamin Latitudinary III
ADD_PHONE BLatitu63  043-086-5019
ADD_PHONE BLatitu63  607-208-6397
ADD_USER  BLogan01      46 Benjamin Logan Spokesperson
ADD_PHONE BLogan01   104-258-0083
ADD_PHONE BLogan01   315-699-4544
ADD_USER  BMandre41   1919 Brayden Mandrel
ADD_PHONE BMandre41  058-041-2155
ADD_PHONE BMandre41  572-160-3589
ADD_USER  BMantis96    922 Brianna Mantissa
ADD_USER  BMateo55    7922 Brianna Mateo
ADD_PHONE BMateo55   418-877-2336
ADD_PHONE BMateo55   967-618-7921
ADD_USER  BNanett45    932 Benjamin Nanette
ADD_PHONE BNanett45  294-709-5020
ADD_PHONE BNanett45  374-153-6544
ADD_PHONE BNanett45  405-459-4567
ADD_USER  BNauseu88   7747 Bailey Nauseum
ADD_PHONE BNauseu88  273-560-5600
ADD_USER  BPalm81       11 Bella Palm
ADD_PHONE BPalm81    563-728-6539
ADD_PHONE BPalm81    902-559-3794
ADD_PHONE BPalm81    956-591-0543
ADD_USER  BPalmyr51   4567 Bella Palmyra
ADD_PHONE BPalmyr51  324-725-1700
ADD_PHONE BPalmyr51  974-789-3090
ADD_USER  BParker85     14 Blake Parker Sidelong
ADD_PHONE BParker85  077-681-6858
ADD_PHONE BParker85  242-084-2296
ADD_PHONE BParker85  569-207-0495
ADD_USER  BPhil84     8455 Brianna Phil
ADD_PHONE BPhil84    624-575-7383
ADD_USER  BPhilha85  17684 Bella Philharmonic
ADD_PHONE BPhilha85  251-057-0290
ADD_PHONE BPhilha85  879-295-8332
ADD_USER  BPicayu26    943 Brooke Picayune
ADD_PHONE BPicayu26  120-162-2208
ADD_USER  BPonce69    3347 Brianna Ponce
ADD_PHONE BPonce69   065-781-1528
ADD_PHONE BPonce69   514-004-4721
ADD_USER  BQuezon53    273 Brooke Quezon
ADD_PHONE BQuezon53  600-465-1645
ADD_USER  BRadiat44  40585 Brayden Radiate Esq
ADD_USER  BRag98        43 Brianna Rag
ADD_PHONE BRag98     406-236-6765
ADD_PHONE BRag98     486-378-4627
ADD_PHONE BRag98     710-574-4076
ADD_USER  BRhubar94   4145 Brandon Rhubarb
ADD_PHONE BRhubar94  064-783-1893
ADD_PHONE BRhubar94  075-240-8454
ADD_USER  BRide86       92 Benjamin Ride
ADD_PHONE BRide86    043-177-0428
ADD_USER  BRoger02    4055 Brody Roger MD
ADD_PHONE BRoger02   522-520-5183
ADD_PHONE BRoger02   766-767-5231
ADD_USER  BSamant90  41224 Brooke Samantha Wild
ADD_PHONE BSamant90  205-596-4295
ADD_PHONE BSamant90  821-578-9959
ADD_USER  BScarve16  45840 Bella Scarves
ADD_PHONE BScarve16  094-239-4483
ADD_PHONE BScarve16  157-387-7096
ADD_PHONE BScarve16  458-764-1405
ADD_USER  BSeedli09   5609 Brooklyn Seedling
ADD_PHONE BSeedli09  971-227-2082
ADD_USER  BSemina42   1558 Brianna Seminarian
ADD_PHONE BSemina42  185-068-0957
ADD_PHONE BSemina42  435-981-4378
ADD_PHONE BSemina42  442-293-2266
ADD_USER  BSesame84     95 Brayden Sesame
ADD_PHONE BSesame84  802-102-0969
ADD_USER  BSyllab51   5935 Brayden Syllabify
ADD_PHONE BSyllab51  201-153-3513
ADD_USER  BTeledy89   3580 Blake Teledyne
ADD_PHONE BTeledy89  255-086-0758
ADD_PHONE BTeledy89  863-889-5725
ADD_PHONE BTeledy89  916-290-9806
ADD_USER  BTrista83  35071 Brody Tristan Sultan
ADD_PHONE BTrista83  778-154-0485
ADD_USER  BVictor80    422 Bailey Victoria Quizzes
ADD_PHONE BVictor80  672-076-1975
ADD_PHONE BVictor80  893-313-6916
ADD_USER  BViscom97  12162 Brody Viscometer MD
ADD_PHONE BViscom97  443-971-1332
ADD_PHONE BViscom97  987-418-8234
ADD_USER  BWah01     33251 Brooke Wah
ADD_PHONE BWah01     342-953-8456
ADD_PHONE BWah01     555-161-8346
ADD_PHONE BWah01     666-714-6281
ADD_USER  BWritte29    812 Brandon Written
ADD_PHONE BWritte29  150-175-6388
ADD_PHONE BWritte29  554-408-2012
ADD_USER  BZeta55    26673 Bailey Zeta
ADD_PHONE BZeta55    222-121-5196
ADD_PHONE BZeta55    585-675-4915
ADD_USER  BZimmer42   8598 Brandon Zimmerman
ADD_PHONE BZimmer42  547-710-1518
ADD_USER  CAffect16     47 Chloe Affectate
ADD_PHONE CAffect16  104-213-9249
ADD_PHONE CAffect16  568-611-4526
ADD_USER  CAffian97   1773 Carson Affiance
ADD_PHONE CAffian97  189-161-1309
ADD_PHONE CAffian97  436-017-2530
ADD_PHONE CAffian97  747-448-2772
ADD_USER  CAil09        31 Chloe Ail
ADD_PHONE CAil09     945-357-1020
ADD_USER  CAllele04     97 Charlotte Allele
ADD_PHONE CAllele04  195-721-5459
ADD_PHONE CAllele04  821-239-3118
ADD_USER  CAmicab18   9733 Christian Amicable PhD
ADD_PHONE CAmicab18  127-147-8477
ADD_PHONE CAmicab18  303-846-4822
ADD_PHONE CAmicab18  611-287-2709
ADD_USER  CAndrew64    264 Charlotte Andrews
ADD_PHONE CAndrew64  188-164-9432
ADD_USER  CApt60      3263 Carter Apt
ADD_PHONE CApt60     265-942-0923
ADD_PHONE CApt60     553-251-0202
ADD_PHONE CApt60     778-564-2581
ADD_USER  CAva42      7417 Claire Ava Archae
ADD_PHONE CAva42     132-212-2029
ADD_PHONE CAva42     560-233-2918
ADD_PHONE CAva42     690-910-8209
ADD_USER  CBallot71  48031 Carter Ballot
ADD_USER  CBeam36     3599 Charlie Beam
ADD_USER  CBench52    7135 Caroline Bench
ADD_USER  CBetelg86   4123 Claire Betelgeuse
ADD_PHONE CBetelg86  646-493-3786
ADD_PHONE CBetelg86  898-646-3826
ADD_USER  CBidiag04   2142 Cameron Bidiagonal
ADD_USER  CBigelo01    432 Chloe Bigelow
ADD_USER  CBlake26   40984 Connor Blake Demodulate
ADD_PHONE CBlake26   102-949-3359
ADD_USER  CBorder16   2280 Chase Borderland
ADD_PHONE CBorder16  108-452-3610
ADD_USER  CBrayde01   7497 Charlie Brayden Meyers
ADD_USER  CCafe76    16109 Cole Cafe
ADD_USER  CCant41       30 Charlotte Cant PhD
ADD_PHONE CCant41    960-093-2857
ADD_USER  CCenten63   4742 Christopher Centennial
ADD_USER  CCheekb08     73 Charlotte Cheekbone
ADD_USER  CClassi32  46272 Carter Classic MD
ADD_PHONE CClassi32  298-965-7221
ADD_PHONE CClassi32  930-731-6520
ADD_USER  CCoarse59    991 Claire Coarse
ADD_USER  CCreep29    9361 Christopher Creep
ADD_PHONE CCreep29   522-056-6265
ADD_PHONE CCreep29   599-243-6218
ADD_PHONE CCreep29   877-907-0182
ADD_USER  CCrummy44    800 Cooper Crummy
ADD_PHONE CCrummy44  361-840-0213
ADD_PHONE CCrummy44  684-979-3692
ADD_PHONE CCrummy44  939-611-2844
ADD_USER  CDavid28    8583 Carson David Warren
ADD_PHONE CDavid28   657-120-2708
ADD_PHONE CDavid28   690-036-9407
ADD_USER  CDemocr94     47 Connor Democrat
ADD_PHONE CDemocr94  113-641-5758
ADD_PHONE CDemocr94  516-743-7474
ADD_PHONE CDemocr94  575-758-2202
ADD_USER  CDiscre47   7218 Connor Discrete
ADD_USER  CDonahu62      3 Caleb Donahue
ADD_PHONE CDonahu62  298-526-7871
ADD_USER  CEnglew82   2672 Christopher Englewood
ADD_PHONE CEnglew82  393-018-5255
ADD_USER  CFargo98    2289 Caroline Fargo
ADD_PHONE CFargo98   116-959-0647
ADD_PHONE CFargo98   473-760-9536
ADD_PHONE CFargo98   885-538-0638
ADD_USER  CFortra96    391 Claire Fortran
ADD_PHONE CFortra96  610-421-0435
ADD_USER  CFulcru44    771 Carter Fulcrum
ADD_PHONE CFulcru44  545-833-1835
ADD_PHONE CFulcru44  793-312-8956
ADD_USER  CGarcia74    460 Charlie Garcia
ADD_PHONE CGarcia74  573-541-7450
ADD_PHONE CGarcia74  760-855-2017
ADD_PHONE CGarcia74  961-104-8687
ADD_USER  CGavin55   23452 Christopher Gavin Emigrant
ADD_PHONE CGavin55   409-946-8911
ADD_PHONE CGavin55   778-977-2699
ADD_USER  CGiggle51     70 Chase Giggle
ADD_USER  CGovern73   3712 Charlotte Governess
ADD_USER  CGuano30     668 Cameron Guano IV
ADD_PHONE CGuano30   104-562-0871
ADD_PHONE CGuano30   253-860-7667
ADD_PHONE CGuano30   711-496-2633
ADD_USER  CGulp01    12117 Chloe Gulp
ADD_PHONE CGulp01    112-611-5390
ADD_PHONE CGulp01    732-988-3566
ADD_PHONE CGulp01    799-695-7522
ADD_USER  CGunthe00   2535 Claire Gunther
ADD_PHONE CGunthe00  407-938-2024
ADD_PHONE CGunthe00  504-297-0646
ADD_PHONE CGunthe00  524-634-7278
ADD_USER  CHalley22  38608 Claire Halley
ADD_PHONE CHalley22  657-516-1813
ADD_PHONE CHalley22  718-539-5497
ADD_USER  CHeard17    5015 Carter Heard
ADD_PHONE CHeard17   429-739-4953
ADD_PHONE CHeard17   529-105-1680
ADD_PHONE CHeard17   609-523-0189
ADD_USER  CHeaven80    609 Chloe Heaven
ADD_PHONE CHeaven80  195-390-3180
ADD_PHONE CHeaven80  302-987-2411
ADD_USER  CHertz37      35 Charlotte Hertz
ADD_PHONE CHertz37   380-837-4222
ADD_PHONE CHertz37   945-851-8145
ADD_USER  CHexago73  40983 Connor Hexagon
ADD_PHONE CHexago73  623-748-0973
ADD_USER  CHideou35   8646 Chloe Hideout
ADD_USER  CHideou96   5584 Claire Hideout
ADD_PHONE CHideou96  906-589-2028
ADD_USER  CHillel30     33 Caroline Hillel
ADD_USER  CHog02       886 Charlie Hog
ADD_PHONE CHog02     284-162-9531
ADD_USER  CImmort48    361 Claire Immortal
ADD_PHONE CImmort48  102-331-0225
ADD_PHONE CImmort48  753-886-4670
ADD_USER  CImprac34     54 Charlie Impracticable
ADD_PHONE CImprac34  820-794-0969
ADD_USER  CImprac83   6714 Christopher Impracticable
ADD_PHONE CImprac83  210-541-0400
ADD_PHONE CImprac83  846-655-5047
ADD_USER  CInfamy99  14964 Charlotte Infamy
ADD_PHONE CInfamy99  175-006-6641
ADD_PHONE CInfamy99  679-813-2268
ADD_PHONE CInfamy99  893-665-3397
ADD_USER  CInfant01     41 Caroline Infantry MD
ADD_USER  CInnard03   2810 Charlie Innards
ADD_PHONE CInnard03  156-759-3328
ADD_PHONE CInnard03  449-178-0260
ADD_USER  CIonosp41   2020 Cooper Ionosphere MD
ADD_USER  CIrk95       843 Connor Irk
ADD_PHONE CIrk95     731-607-8877
ADD_USER  CIrrede06   1781 Carson Irredentist Esq
ADD_PHONE CIrrede06  388-377-7349
ADD_PHONE CIrrede06  442-487-3277
ADD_PHONE CIrrede06  808-912-3745
ADD_USER  CJack46       21 Carson Jack Geigy
ADD_PHONE CJack46    345-809-7331
ADD_PHONE CJack46    916-146-1256
ADD_USER  CJake03       15 Christian Jake Plod
ADD_PHONE CJake03    291-026-5506
ADD_PHONE CJake03    811-755-7789
ADD_USER  CJoshua11   1669 Caleb Joshua Piece PhD
ADD_PHONE CJoshua11  095-737-9702
ADD_USER  CLavato98     11 Claire Lavatory
ADD_USER  CLiam30    23044 Chase Liam Lusty
ADD_PHONE CLiam30    428-293-5301
ADD_USER  CLucas17    4365 Cameron Lucas Occurred
ADD_PHONE CLucas17   193-455-4984
ADD_PHONE CLucas17   319-062-4739
ADD_PHONE CLucas17   439-706-7971
ADD_USER  CLucy05       13 Charlotte Lucy Clonic
ADD_PHONE CLucy05    339-324-3935
ADD_PHONE CLucy05    753-404-1175
ADD_USER  CMali20    37030 Caroline Mali
ADD_PHONE CMali20    177-657-2573
ADD_PHONE CMali20    652-181-1454
ADD_USER  CMalocc31     81 Carson Malocclusion
ADD_PHONE CMalocc31  291-506-8395
ADD_PHONE CMalocc31  359-051-8278
ADD_PHONE CMalocc31  534-527-9593
ADD_USER  CMatthe46   1932 Caleb Matthew Dialect
ADD_USER  CMcconn90  28282 Chloe Mcconnel
ADD_USER  CMinot53     980 Chase Minot
ADD_PHONE CMinot53   160-851-2959
ADD_PHONE CMinot53   518-484-9821
ADD_PHONE CMinot53   647-938-1945
ADD_USER  CMorpho57     30 Cooper Morphophonemic
ADD_PHONE CMorpho57  639-266-6915
ADD_PHONE CMorpho57  866-031-9117
ADD_USER  CMrs68       961 Claire Mrs
ADD_PHONE CMrs68     399-487-4470
ADD_PHONE CMrs68     806-286-1271
ADD_PHONE CMrs68     873-892-3138
ADD_USER  CMuff94        1 Caroline Muff
ADD_USER  CNaked68      71 Christian Naked
ADD_PHONE CNaked68   139-354-9595
ADD_PHONE CNaked68   666-814-6854
ADD_PHONE CNaked68   698-779-6513
ADD_USER  CNathan16    791 Carson Nathan Hillman
ADD_PHONE CNathan16  724-959-6932
ADD_USER  CNazi02       73 Caleb Nazi
ADD_PHONE CNazi02    100-029-7942
ADD_USER  CNoah00     4867 Carson Noah Taken
ADD_PHONE CNoah00    405-232-0592
ADD_USER  CNoah41      331 Connor Noah Peacock Esq
ADD_PHONE CNoah41    006-088-1707
ADD_PHONE CNoah41    215-794-3049
ADD_PHONE CNoah41    440-906-3859
ADD_USER  CNone25        1 Chloe None
ADD_PHONE CNone25    265-687-7247
ADD_PHONE CNone25    528-660-1595
ADD_PHONE CNone25    764-859-0123
ADD_USER  CNutmeg36  34746 Chloe Nutmeg
ADD_PHONE CNutmeg36  822-711-6860
ADD_USER  COliver62     47 Cole Oliver Wreathe
ADD_PHONE COliver62  190-021-8146
ADD_PHONE COliver62  675-046-1463
ADD_USER  CPaddoc47     68 Caleb Paddock
ADD_PHONE CPaddoc47  554-625-7718
ADD_USER  CParkis61   2477 Claire Parkish
ADD_PHONE CParkis61  259-187-4352
ADD_PHONE CParkis61  451-497-4404
ADD_PHONE CParkis61  850-700-8701
ADD_USER  CPelvic73     12 Charlie Pelvic
ADD_PHONE CPelvic73  513-462-3185
ADD_USER  CPhilol52      3 Charlotte Philology
ADD_PHONE CPhilol52  262-137-9425
ADD_USER  CPlaque03  24732 Claire Plaque
ADD_PHONE CPlaque03  187-434-4638
ADD_PHONE CPlaque03  733-605-5802
ADD_USER  CPollut62   8852 Claire Pollutant
ADD_PHONE CPollut62  181-852-6250
ADD_PHONE CPollut62  722-847-4650
ADD_PHONE CPollut62  855-772-5354
ADD_USER  CPretty44   7655 Claire Pretty
ADD_USER  CProtub35   2601 Connor Protuberant
ADD_PHONE CProtub35  790-456-6150
ADD_PHONE CProtub35  840-436-8946
ADD_PHONE CProtub35  864-604-6864
ADD_USER  CRefere12    431 Chloe Referent
ADD_PHONE CRefere12  358-865-1236
ADD_USER  CRivalr60  42207 Caroline Rivalry
ADD_PHONE CRivalr60  683-665-3597
ADD_PHONE CRivalr60  687-003-4786
ADD_PHONE CRivalr60  811-980-8160
ADD_USER  CSanato85     12 Chase Sanatorium
ADD_USER  CSavann12     72 Caroline Savannah Idiotic
ADD_PHONE CSavann12  124-135-2712
ADD_PHONE CSavann12  971-320-8667
ADD_USER  CSavann72   8667 Chloe Savannah Proceed
ADD_PHONE CSavann72  193-773-7611
ADD_PHONE CSavann72  327-017-2908
ADD_PHONE CSavann72  824-954-6821
ADD_USER  CSchism12   7909 Chase Schism
ADD_PHONE CSchism12  709-771-0523
ADD_USER  CSerpen56     45 Christopher Serpentine
ADD_PHONE CSerpen56  006-653-0597
ADD_USER  CSevera18  36738 Chloe Severalfold
ADD_PHONE CSevera18  088-683-9766
ADD_PHONE CSevera18  534-152-2817
ADD_PHONE CSevera18  628-682-7050
ADD_USER  CShoeho58     54 Charlotte Shoehorn
ADD_PHONE CShoeho58  447-716-2545
ADD_USER  CSold65      261 Cameron Sold
ADD_USER  CSpate19    6689 Chase Spate
ADD_USER  CStarr99    1717 Carson Starr
ADD_PHONE CStarr99   916-684-8276
ADD_USER  CStephe27  43852 Christopher Stephenson
ADD_PHONE CStephe27  095-354-3210
ADD_PHONE CStephe27  394-262-6321
ADD_USER  CStruct75  17853 Caleb Structural
ADD_PHONE CStruct75  135-816-4178
ADD_PHONE CStruct75  390-470-0160
ADD_USER  CStylis37   1024 Cole Stylish
ADD_USER  CSynops50    583 Chloe Synopsis
ADD_PHONE CSynops50  945-037-1748
ADD_USER  CTenet17    2745 Connor Tenet
ADD_PHONE CTenet17   218-481-9526
ADD_PHONE CTenet17   610-061-3369
ADD_PHONE CTenet17   876-441-2546
ADD_USER  CToolsm68    996 Cole Toolsmith
ADD_PHONE CToolsm68  130-608-2956
ADD_PHONE CToolsm68  470-447-2390
ADD_USER  CTortoi32     58 Cooper Tortoise
ADD_USER  CTruce69     386 Chloe Truce
ADD_PHONE CTruce69   958-796-1584
ADD_USER  CUmbra60   28200 Carson Umbra
ADD_PHONE CUmbra60   730-084-6777
ADD_USER  CValery28   8684 Chloe Valery
ADD_PHONE CValery28  044-322-8974
ADD_PHONE CValery28  967-156-9100
ADD_USER  CVenom27      83 Charlie Venom
ADD_USER  CZoey13      234 Chloe Zoey Mine
ADD_PHONE CZoey13    301-959-8108
ADD_PHONE CZoey13    392-841-0701
ADD_PHONE CZoey13    635-858-9534
ADD_USER  DAlleyw85  18037 Daniel Alleyway
ADD_PHONE DAlleyw85  612-501-2242
ADD_USER  DAnnuit44   3617 Dontonio Annuity
ADD_PHONE DAnnuit44  186-045-6659
ADD_PHONE DAnnuit44  275-938-6804
ADD_USER  DAssign97  28677 Dylan Assign
ADD_USER  DBoy95        64 Daniel Boy
ADD_PHONE DBoy95     299-439-5732
ADD_PHONE DBoy95     740-400-8223
ADD_USER  DBracki35     25 Dylan Brackish
ADD_PHONE DBracki35  261-671-4420
ADD_USER  DBuoy92     6821 Dontonio Buoy
ADD_USER  DDebra60    2300 Daniel Debra
ADD_USER  DEnterp99   4712 Dontonio Enterprise
ADD_PHONE DEnterp99  682-239-9022
ADD_USER  DEveryd31  33356 Dylan Everyday
ADD_PHONE DEveryd31  228-250-6027
ADD_PHONE DEveryd31  366-299-4737
ADD_PHONE DEveryd31  514-628-6466
ADD_USER  DExagge09      6 David Exaggerate
ADD_USER  DExempl20   8194 Dylan Exemplar
ADD_USER  DFramew97     10 Daniel Framework Esq
ADD_PHONE DFramew97  061-726-8874
ADD_PHONE DFramew97  448-317-4393
ADD_USER  DHinter76    237 Dylan Hinterland
ADD_PHONE DHinter76  546-037-0407
ADD_USER  DJohnse06     27 Daniel Johnsen
ADD_PHONE DJohnse06  008-819-7477
ADD_PHONE DJohnse06  446-197-4043
ADD_PHONE DJohnse06  837-176-1725
ADD_USER  DLap21     38176 Dylan Lap
ADD_PHONE DLap21     262-294-8987
ADD_PHONE DLap21     569-558-4049
ADD_USER  DLocknu00     26 Daniel Locknut
ADD_PHONE DLocknu00  922-175-4932
ADD_PHONE DLocknu00  973-303-3346
ADD_USER  DLucas34      24 David Lucas Cilia
ADD_USER  DPatrio96    927 Daniel Patriotic
ADD_PHONE DPatrio96  180-695-6850
ADD_PHONE DPatrio96  208-291-3548
ADD_PHONE DPatrio96  599-612-0025
ADD_USER  DPay18       545 Dontonio Pay
ADD_PHONE DPay18     091-970-1128
ADD_PHONE DPay18     882-090-2756
ADD_USER  DPosthu71   7229 Dylan Posthumous
ADD_PHONE DPosthu71  080-549-7091
ADD_PHONE DPosthu71  620-783-5873
ADD_PHONE DPosthu71  833-949-1616
ADD_USER  DRepres04   5355 Dontonio Repression
ADD_USER  DRestiv43  40803 Dylan Restive
ADD_PHONE DRestiv43  368-358-1044
ADD_PHONE DRestiv43  808-126-6118
ADD_PHONE DRestiv43  908-220-7226
ADD_USER  DRoil41     9948 Daniel Roil
ADD_PHONE DRoil41    751-126-1276
ADD_USER  DSmith76    7575 Daniel Smith
ADD_PHONE DSmith76   397-063-1046
ADD_USER  DTeleph63  10591 Dylan Telephonic
ADD_USER  DTranso95   2651 Daniel Transom
ADD_PHONE DTranso95  189-791-8244
ADD_PHONE DTranso95  352-450-6882
ADD_USER  DVaudoi07  18410 Dontonio Vaudois
ADD_PHONE DVaudoi07  455-957-5476
ADD_PHONE DVaudoi07  726-950-6278
ADD_PHONE DVaudoi07  954-829-7449
ADD_USER  DWont07    40854 Daniel Wont
ADD_PHONE DWont07    076-644-4335
ADD_PHONE DWont07    254-948-2546
ADD_USER  EAccord55    191 Eli Accordion
ADD_USER  EAdvice83   5638 Evan Advice
ADD_PHONE EAdvice83  220-876-6028
ADD_USER  EAlcmen75     51 Ella Alcmena
ADD_PHONE EAlcmen75  057-764-3532
ADD_PHONE EAlcmen75  816-559-0960
ADD_USER  EAllerg05  33729 Eli Allergy
ADD_USER  EAltitu84     85 Ellie Altitude
ADD_PHONE EAltitu84  841-006-4114
ADD_USER  EAmbros15     19 Emma Ambrosia
ADD_PHONE EAmbros15  350-274-7203
ADD_PHONE EAmbros15  872-686-2613
ADD_PHONE EAmbros15  920-725-7991
ADD_USER  EBailey79    995 Eva Bailey Pillar
ADD_USER  EBoldfa88    344 Eva Boldface
ADD_PHONE EBoldfa88  040-415-0291
ADD_USER  EBorn09     4002 Evelyn Born Esq
ADD_PHONE EBorn09    128-209-5184
ADD_PHONE EBorn09    487-655-8298
ADD_PHONE EBorn09    549-680-2021
ADD_USER  EBrass93     783 Elijah Brass
ADD_PHONE EBrass93   940-769-1563
ADD_USER  EBrookl00    648 Emma Brooklyn
ADD_PHONE EBrookl00  005-643-8466
ADD_PHONE EBrookl00  039-387-3602
ADD_PHONE EBrookl00  729-835-4751
ADD_USER  EBtu07      1009 Evan Btu
ADD_PHONE EBtu07     349-694-2488
ADD_PHONE EBtu07     910-503-5676
ADD_USER  ECity86    41354 Emily City
ADD_PHONE ECity86    020-504-5418
ADD_USER  ECoedit16     77 Evelyn Coeditor
ADD_PHONE ECoedit16  705-578-7489
ADD_PHONE ECoedit16  772-020-8046
ADD_USER  ECompas29  34034 Eva Compassion
ADD_PHONE ECompas29  706-906-6522
ADD_USER  ECoprod40   3924 Elijah Coproduct
ADD_PHONE ECoprod40  389-110-4109
ADD_USER  ECyclis93   2294 Emma Cyclist
ADD_PHONE ECyclis93  351-695-9817
ADD_PHONE ECyclis93  355-399-2454
ADD_PHONE ECyclis93  480-082-7477
ADD_USER  EDart98    18613 Emily Dart
ADD_USER  EDemise82   6276 Elizabeth Demise
ADD_PHONE EDemise82  510-084-6861
ADD_PHONE EDemise82  567-046-8253
ADD_USER  EDocile96   7181 Evelyn Docile
ADD_PHONE EDocile96  848-497-7948
ADD_USER  EElimin42  19226 Emma Eliminate
ADD_PHONE EElimin42  943-331-1642
ADD_USER  EEstate88   8789 Emily Estate
ADD_PHONE EEstate88  275-237-9691
ADD_PHONE EEstate88  407-986-1019
ADD_PHONE EEstate88  689-185-2445
ADD_USER  EFeedba15   1469 Eli Feedback
ADD_USER  EFundra48    174 Evelyn Fundraise
ADD_PHONE EFundra48  598-006-1056
ADD_PHONE EFundra48  852-349-2751
ADD_USER  EGavin54    8053 Evan Gavin Divert
ADD_USER  EGianna48   1612 Evelyn Gianna Loose
ADD_PHONE EGianna48  412-663-1342
ADD_PHONE EGianna48  812-490-2623
ADD_USER  EGoodwi48     55 Eli Goodwill
ADD_PHONE EGoodwi48  009-376-8664
ADD_PHONE EGoodwi48  323-560-2513
ADD_PHONE EGoodwi48  693-943-7971
ADD_USER  EGrace90    2660 Emma Grace Reck
ADD_PHONE EGrace90   037-771-4146
ADD_USER  EGretch86     34 Eva Gretchen
ADD_PHONE EGretch86  360-284-5660
ADD_USER  EHaywar63     12 Emily Hayward
ADD_PHONE EHaywar63  441-575-7181
ADD_USER  EHerrin69     21 Elijah Herringbone
ADD_PHONE EHerrin69  337-821-7207
ADD_PHONE EHerrin69  770-596-6300
ADD_USER  EHillcr44   3808 Eva Hillcrest MD
ADD_PHONE EHillcr44  572-001-1297
ADD_PHONE EHillcr44  622-534-8521
ADD_USER  EHowe97    27448 Emma Howe
ADD_USER  EInadve94    479 Eva Inadvertent
ADD_USER  EJanus43     680 Emma Janus
ADD_PHONE EJanus43   976-521-6543
ADD_PHONE EJanus43   994-227-1022
ADD_USER  EJerusa63   4775 Eli Jerusalem
ADD_USER  EJoseph19     34 Evan Joseph Utopia
ADD_USER  EJudica22    321 Ella Judicature
ADD_USER  EJurisp86  33320 Elizabeth Jurisprudential
ADD_PHONE EJurisp86  017-222-1327
ADD_PHONE EJurisp86  916-525-4497
ADD_USER  EKaitly90    351 Evelyn Kaitlyn Kresge
ADD_PHONE EKaitly90  091-164-9631
ADD_PHONE EKaitly90  614-403-2113
ADD_PHONE EKaitly90  615-351-6663
ADD_USER  ELarkin93    618 Eli Larkin
ADD_PHONE ELarkin93  082-292-7490
ADD_PHONE ELarkin93  099-158-9838
ADD_USER  ELegate10   2906 Emily Legate
ADD_PHONE ELegate10  258-527-0916
ADD_PHONE ELegate10  381-110-6124
ADD_PHONE ELegate10  637-240-8690
ADD_USER  ELegend05  44164 Evan Legend
ADD_PHONE ELegend05  000-561-3274
ADD_PHONE ELegend05  113-403-5900
ADD_USER  ELest33      928 Emily Lest
ADD_PHONE ELest33    832-413-9339
ADD_USER  ELocomo05  16090 Ella Locomotive
ADD_PHONE ELocomo05  644-846-4806
ADD_USER  ELocomo61   5390 Emily Locomotion
ADD_USER  EMetro94   49616 Evelyn Metro
ADD_PHONE EMetro94   418-927-5835
ADD_USER  EMischi88    578 Evan Mischievous
ADD_PHONE EMischi88  109-163-9211
ADD_USER  EMonome47  11739 Eva Monomeric
ADD_PHONE EMonome47  166-674-2990
ADD_PHONE EMonome47  299-752-4039
ADD_PHONE EMonome47  516-158-9677
ADD_USER  ENatali45    242 Evelyn Natalie Theresa
ADD_PHONE ENatali45  349-701-1150
ADD_PHONE ENatali45  488-231-8420
ADD_USER  ENil12       868 Emily Nil
ADD_USER  ENitrit44    381 Ella Nitrite
ADD_USER  ENorm82      607 Evan Norm
ADD_PHONE ENorm82    343-170-8495
ADD_USER  ENormat70     83 Evan Normative
ADD_PHONE ENormat70  012-265-5980
ADD_PHONE ENormat70  507-409-6342
ADD_USER  EOntari21  35020 Elijah Ontario
ADD_PHONE EOntari21  151-858-9768
ADD_PHONE EOntari21  706-993-0595
ADD_PHONE EOntari21  816-975-3267
ADD_USER  EPsycho09     90 Eva Psycho
ADD_PHONE EPsycho09  350-412-0908
ADD_PHONE EPsycho09  552-662-2385
ADD_PHONE EPsycho09  977-036-0835
ADD_USER  EScylla19    234 Elijah Scylla
ADD_PHONE EScylla19  561-920-1543
ADD_PHONE EScylla19  734-790-0857
ADD_PHONE EScylla19  919-653-1533
ADD_USER  ESinful56  49606 Evelyn Sinful
ADD_PHONE ESinful56  188-809-1732
ADD_USER  ESpongy29   9049 Ella Spongy
ADD_PHONE ESpongy29  856-138-8128
ADD_USER  ESquand69  35670 Ella Squander
ADD_USER  EStone80      66 Ellie Stone
ADD_PHONE EStone80   221-144-6508
ADD_PHONE EStone80   224-759-3549
ADD_PHONE EStone80   353-035-1636
ADD_USER  ETeller26      5 Evelyn Teller
ADD_PHONE ETeller26  152-522-7683
ADD_PHONE ETeller26  552-790-0890
ADD_PHONE ETeller26  731-113-2937
ADD_USER  ETemper74     16 Ella Temperate
ADD_PHONE ETemper74  409-710-9049
ADD_PHONE ETemper74  595-012-4906
ADD_PHONE ETemper74  878-925-7875
ADD_USER  ETestam96     60 Evan Testament
ADD_USER  EToo09       120 Elijah Too
ADD_PHONE EToo09     741-384-7536
ADD_USER  ETuck16      514 Elizabeth Tuck
ADD_USER  EVeridi02    912 Emma Veridic
ADD_USER  EWhiteh00  20354 Elijah Whitehall
ADD_PHONE EWhiteh00  080-765-0940
ADD_PHONE EWhiteh00  128-367-7315
ADD_PHONE EWhiteh00  282-774-6309
ADD_USER  GAbuse28    3713 Grace Abuse
ADD_USER  GAddiso63    902 Gianna Addison Lampblack
ADD_USER  GAdduce06   2701 Gianna Adduce
ADD_PHONE GAdduce06  414-743-0198
ADD_PHONE GAdduce06  590-361-3722
ADD_PHONE GAdduce06  750-082-7382
ADD_USER  GBowl72       19 Gavin Bowl
ADD_PHONE GBowl72    055-856-0196
ADD_USER  GBoycot17  10847 Gabriel Boycott
ADD_PHONE GBoycot17  831-386-9367
ADD_USER  GBright48   8526 Gabriella Brighten
ADD_PHONE GBright48  547-260-5582
ADD_USER  GBypath38  36595 Gabriella Bypath
ADD_PHONE GBypath38  378-607-3816
ADD_PHONE GBypath38  771-079-1247
ADD_USER  GCandle55     92 Gavin Candlelit
ADD_PHONE GCandle55  187-910-8457
ADD_USER  GChairm22   9660 Gavin Chairmen
ADD_PHONE GChairm22  139-517-3800
ADD_USER  GCharlo00   6603 Gianna Charlotte
ADD_PHONE GCharlo00  034-427-6993
ADD_PHONE GCharlo00  297-709-2027
ADD_USER  GCogniz75    911 Gabriella Cognizable
ADD_PHONE GCogniz75  724-473-2915
ADD_USER  GConclu39  15961 Grace Conclude
ADD_PHONE GConclu39  415-166-9961
ADD_USER  GCorona93   1901 Gianna Coronate
ADD_USER  GDiachr09     67 Grace Diachronic
ADD_PHONE GDiachr09  660-885-9115
ADD_PHONE GDiachr09  880-187-4232
ADD_USER  GDistil90    873 Gavin Distillate
ADD_USER  GEricks26    440 Grace Erickson
ADD_USER  GFronta17    571 Gavin Frontal
ADD_USER  GGiovan36  15348 Gabriel Giovanni
ADD_PHONE GGiovan36  489-400-4851
ADD_PHONE GGiovan36  731-542-1291
ADD_PHONE GGiovan36  783-936-2032
ADD_USER  GGoshaw94    994 Gianna Goshawk
ADD_PHONE GGoshaw94  417-275-1284
ADD_PHONE GGoshaw94  967-079-7481
ADD_USER  GHailey20    190 Grace Hailey Isolate
ADD_PHONE GHailey20  708-471-4163
ADD_USER  GHypoth51   7321 Gavin Hypothesis
ADD_PHONE GHypoth51  299-201-1896
ADD_USER  GInterc18    306 Gabriella Intercalate PhD
ADD_PHONE GInterc18  093-718-9490
ADD_PHONE GInterc18  571-529-0256
ADD_PHONE GInterc18  618-471-2640
ADD_USER  GInvari33   1378 Gianna Invariant
ADD_PHONE GInvari33  526-642-6908
ADD_PHONE GInvari33  862-324-0853
ADD_PHONE GInvari33  940-412-2174
ADD_USER  GJed14        30 Gianna Jed
ADD_PHONE GJed14     266-201-5894
ADD_PHONE GJed14     420-285-8729
ADD_USER  GJulie00      74 Gabriella Julie
ADD_PHONE GJulie00   115-292-0305
ADD_PHONE GJulie00   645-745-4901
ADD_USER  GLack66    33932 Gianna Lack
ADD_USER  GLustro26      4 Gavin Lustrous
ADD_PHONE GLustro26  096-620-4650
ADD_PHONE GLustro26  328-959-2943
ADD_PHONE GLustro26  471-443-9635
ADD_USER  GMuezzi79   9574 Gianna Muezzin
ADD_PHONE GMuezzi79  437-534-1006
ADD_USER  GOffice59    323 Gabriel Officemate
ADD_USER  GPancre63    809 Grace Pancreas
ADD_PHONE GPancre63  203-484-0839
ADD_PHONE GPancre63  544-683-8783
ADD_PHONE GPancre63  769-323-4786
ADD_USER  GPostpr35     39 Gavin Postprocessor
ADD_USER  GProteo32    713 Gavin Proteolytic Esq
ADD_PHONE GProteo32  483-726-6926
ADD_PHONE GProteo32  886-226-0805
ADD_PHONE GProteo32  983-219-7033
ADD_USER  GPursui77    501 Grace Pursuit
ADD_PHONE GPursui77  822-176-2520
ADD_USER  GRacket83   9246 Gabriella Rackety
ADD_PHONE GRacket83  852-667-1298
ADD_USER  GServit43    581 Gabriel Servitor
ADD_PHONE GServit43  514-558-7188
ADD_PHONE GServit43  544-134-0693
ADD_PHONE GServit43  614-204-4914
ADD_USER  GSuffic45  34369 Gavin Sufficient
ADD_PHONE GSuffic45  003-677-5862
ADD_USER  GTelevi61   6965 Gabriel Television
ADD_PHONE GTelevi61  797-785-7066
ADD_USER  GTurnta67     50 Gabriella Turntable
ADD_PHONE GTurnta67  555-919-1943
ADD_USER  GVide11    36977 Grace Vide
ADD_PHONE GVide11    011-989-1115
ADD_PHONE GVide11    093-095-6522
ADD_USER  GWilt52     2934 Gavin Wilt
ADD_PHONE GWilt52    627-885-8992
ADD_PHONE GWilt52    644-000-3338
ADD_PHONE GWilt52    753-081-0320
ADD_USER  GWrecka79  12940 Grace Wreckage
ADD_PHONE GWrecka79  944-331-5458
ADD_USER  HAnisei33    993 Hailey Aniseikonic
ADD_USER  HChrist00    914 Henry Christopher Doodle
ADD_USER  HCommun46  42668 Hunter Communique Esq
ADD_PHONE HCommun46  450-246-5735
ADD_PHONE HCommun46  844-551-0070
ADD_USER  HConcur13    306 Hunter Concurrent
ADD_PHONE HConcur13  787-779-4165
ADD_PHONE HConcur13  911-908-5922
ADD_USER  HDianne30   8956 Henry Dianne
ADD_PHONE HDianne30  549-527-8003
ADD_PHONE HDianne30  851-135-0017
ADD_USER  HElizab34     83 Hannah Elizabeth Chloroplast
ADD_PHONE HElizab34  735-181-2051
ADD_USER  HFortun31  30766 Hannah Fortune
ADD_USER  HGerani85   4527 Henry Geranium
ADD_PHONE HGerani85  127-077-9742
ADD_PHONE HGerani85  271-741-1859
ADD_USER  HHydrot71     32 Hunter Hydrothermal
ADD_PHONE HHydrot71  018-250-0140
ADD_USER  HIntend69     22 Hannah Intend
ADD_USER  HJitter24     82 Hunter Jittery III
ADD_PHONE HJitter24  436-653-5080
ADD_USER  HJulian96  16610 Hunter Julian Cuckoo
ADD_PHONE HJulian96  285-085-1729
ADD_USER  HKaylee52  26995 Hannah Kaylee Unisex
ADD_PHONE HKaylee52  033-225-7384
ADD_PHONE HKaylee52  704-529-7562
ADD_USER  HMarjor73     20 Henry Marjory
ADD_PHONE HMarjor73  211-063-8600
ADD_PHONE HMarjor73  953-788-5471
ADD_USER  HMerit76   35627 Hailey Merit
ADD_PHONE HMerit76   325-972-3824
ADD_PHONE HMerit76   798-695-5345
ADD_PHONE HMerit76   894-029-9134
ADD_USER  HMetzle46    177 Hunter Metzler
ADD_PHONE HMetzle46  359-201-8145
ADD_USER  HMichae58   5511 Hannah Michaelangelo
ADD_PHONE HMichae58  855-418-2946
ADD_USER  HPiroue76      7 Hannah Pirouette
ADD_PHONE HPiroue76  316-004-7437
ADD_PHONE HPiroue76  651-647-1254
ADD_PHONE HPiroue76  806-616-2885
ADD_USER  HPlaid62      45 Henry Plaid
ADD_USER  HPlaton65    217 Hailey Platonic
ADD_PHONE HPlaton65  055-764-9038
ADD_PHONE HPlaton65  056-159-1677
ADD_PHONE HPlaton65  670-933-7072
ADD_USER  HPoliom04   7838 Hunter Poliomyelitis
ADD_USER  HQualit75    374 Hailey Quality
ADD_PHONE HQualit75  149-311-0656
ADD_PHONE HQualit75  310-908-6910
ADD_USER  HRespon23    642 Hunter Respondent
ADD_PHONE HRespon23  411-157-0979
ADD_PHONE HRespon23  800-771-1483
ADD_USER  HSarcom94      0 Hunter Sarcoma
ADD_PHONE HSarcom94  587-754-2127
ADD_PHONE HSarcom94  829-355-2486
ADD_USER  HSeduct14    804 Hailey Seductive
ADD_USER  HSemina49    947 Henry Seminarian III
ADD_PHONE HSemina49  410-883-4122
ADD_PHONE HSemina49  624-114-5559
ADD_PHONE HSemina49  937-656-8689
ADD_USER  HShove55      40 Hailey Shove
ADD_USER  HSideba29    761 Hailey Sideband
ADD_PHONE HSideba29  369-298-3195
ADD_PHONE HSideba29  857-206-3705
ADD_USER  HSquint34     42 Hailey Squint
ADD_PHONE HSquint34  633-502-6279
ADD_USER  IAaron12    8671 Isaac Aaron Blanc
ADD_USER  IAvery82      81 Isabelle Avery Polarography
ADD_PHONE IAvery82   191-058-9575
ADD_USER  IBartho21    846 Isabelle Bartholomew
ADD_PHONE IBartho21  694-148-4253
ADD_USER  IBeowul86     67 Isabelle Beowulf
ADD_PHONE IBeowul86  828-017-7749
ADD_PHONE IBeowul86  912-006-1601
ADD_USER  IBorden13   7293 Ian Borden
ADD_USER  ICairn50   37236 Isaac Cairn
ADD_USER  ICanis04   32945 Isaac Canis
ADD_PHONE ICanis04   596-015-2745
ADD_USER  IContin09     75 Isabella Continental
ADD_PHONE IContin09  350-749-3414
ADD_PHONE IContin09  489-700-2254
ADD_USER  ICordia11    405 Isaac Cordial
ADD_USER  IDebauc63  24940 Isaac Debauchery
ADD_USER  IDeemph13   9650 Ian Deemphasize
ADD_PHONE IDeemph13  086-741-6261
ADD_PHONE IDeemph13  364-899-2282
ADD_PHONE IDeemph13  717-865-5500
ADD_USER  IDemark35  17054 Isabella Demark
ADD_USER  IDoctor41    648 Isaac Doctor
ADD_PHONE IDoctor41  921-287-6130
ADD_USER  IDonton78  44537 Isaac Dontonio Mantel
ADD_PHONE IDonton78  257-267-2428
ADD_PHONE IDonton78  744-639-9478
ADD_PHONE IDonton78  814-433-6617
ADD_USER  IEvade49   30525 Isaac Evade
ADD_PHONE IEvade49   053-387-2020
ADD_USER  IFreya02     895 Isabella Freya
ADD_USER  IGrimac59     31 Isaiah Grimace Esq
ADD_PHONE IGrimac59  079-524-0048
ADD_PHONE IGrimac59  258-010-8686
ADD_PHONE IGrimac59  612-757-4852
ADD_USER  IHearsa86     97 Isaiah Hearsay
ADD_PHONE IHearsa86  070-375-3159
ADD_PHONE IHearsa86  387-683-1706
ADD_USER  IHirosh51   6273 Isaac Hiroshi
ADD_PHONE IHirosh51  074-201-5678
ADD_USER  IInequi21    166 Isabelle Inequity
ADD_PHONE IInequi21  168-977-9665
ADD_PHONE IInequi21  623-619-8610
ADD_PHONE IInequi21  998-989-0323
ADD_USER  IJack83      727 Isaiah Jack Ogle
ADD_PHONE IJack83    161-293-2934
ADD_PHONE IJack83    237-960-1963
ADD_PHONE IJack83    884-270-1320
ADD_USER  IKnown56    8677 Isaac Known
ADD_USER  ILebesg75  28831 Isabella Lebesgue
ADD_PHONE ILebesg75  425-203-5469
ADD_PHONE ILebesg75  828-739-8316
ADD_USER  ILuxe71     3735 Ian Luxe
ADD_USER  IMaiden04    488 Isaac Maiden
ADD_PHONE IMaiden04  284-490-0391
ADD_PHONE IMaiden04  567-442-0596
ADD_USER  IOffici49    593 Isaiah Official
ADD_USER  IPlum07     5959 Isabelle Plum
ADD_PHONE IPlum07    192-541-1541
ADD_PHONE IPlum07    475-929-9093
ADD_PHONE IPlum07    486-783-9342
ADD_USER  IPoplin01   8532 Ian Poplin
ADD_PHONE IPoplin01  100-598-9525
ADD_PHONE IPoplin01  499-713-2083
ADD_USER  IPrecis49     25 Isaac Precision
ADD_PHONE IPrecis49  181-049-3639
ADD_PHONE IPrecis49  658-629-0774
ADD_USER  IResist58    722 Isabella Resistible
ADD_PHONE IResist58  277-000-6876
ADD_PHONE IResist58  771-728-0238
ADD_PHONE IResist58  967-183-9159
ADD_USER  IRetrog03   3482 Isabella Retrogress
ADD_PHONE IRetrog03  759-745-8048
ADD_PHONE IRetrog03  772-255-5261
ADD_PHONE IRetrog03  811-853-8523
ADD_USER  IRiggin24      3 Isabella Rigging
ADD_PHONE IRiggin24  285-043-0355
ADD_PHONE IRiggin24  690-916-8290
ADD_PHONE IRiggin24  706-373-2997
ADD_USER  IScops98      51 Isabelle Scops
ADD_PHONE IScops98   040-885-3198
ADD_PHONE IScops98   481-750-4144
ADD_USER  ISegmen33     40 Ian Segmentation
ADD_PHONE ISegmen33  719-203-7773
ADD_PHONE ISegmen33  947-897-3808
ADD_USER  IThermi23   3242 Isabella Thermistor
ADD_PHONE IThermi23  104-759-9448
ADD_PHONE IThermi23  665-792-3087
ADD_PHONE IThermi23  687-669-4019
ADD_USER  ITyler99    9260 Isaiah Tyler Mcadams
ADD_PHONE ITyler99   855-110-1006
ADD_PHONE ITyler99   884-377-8142
ADD_USER  IVary59       45 Isaac Vary Esq
ADD_PHONE IVary59    656-591-3368
ADD_USER  IWeek90       82 Ian Week
ADD_USER  IWindow89   4240 Isaac Windowpane
ADD_PHONE IWindow89  433-688-4196
ADD_USER  JAbscis02    283 Jacob Abscissae
ADD_PHONE JAbscis02  740-060-4826
ADD_PHONE JAbscis02  853-975-9957
ADD_USER  JAbsolu70      7 John Absolute
ADD_PHONE JAbsolu70  108-719-4735
ADD_PHONE JAbsolu70  163-342-2070
ADD_PHONE JAbsolu70  409-658-5626
ADD_USER  JAiden14   23943 Joshua Aiden Garibaldi
ADD_PHONE JAiden14   324-301-2744
ADD_PHONE JAiden14   399-999-7391
ADD_PHONE JAiden14   400-415-9082
ADD_USER  JAiden66   45438 Joseph Aiden Impedance
ADD_PHONE JAiden66   853-647-7229
ADD_PHONE JAiden66   964-112-0736
ADD_PHONE JAiden66   970-330-2122
ADD_USER  JAlone02    9950 Jayden Alone III
ADD_PHONE JAlone02   772-257-1077
ADD_PHONE JAlone02   873-028-7583
ADD_USER  JAncien79   6882 Jackson Ancient
ADD_PHONE JAncien79  644-634-4299
ADD_PHONE JAncien79  802-352-4930
ADD_USER  JAnthon08   5117 Jayden Anthony Devour
ADD_PHONE JAnthon08  189-388-2596
ADD_USER  JArticu42    906 Jayden Articulate
ADD_PHONE JArticu42  174-647-7001
ADD_USER  JBaline25  29111 Jayden Balinese Esq
ADD_PHONE JBaline25  237-807-1424
ADD_PHONE JBaline25  367-359-6164
ADD_USER  JBanish26     50 James Banish
ADD_USER  JBarefo85     94 Joshua Barefoot Jr
ADD_USER  JBereni53    359 Jack Berenices
ADD_PHONE JBereni53  489-115-9221
ADD_USER  JBodied52   9433 Jayden Bodied
ADD_PHONE JBodied52  994-016-9753
ADD_USER  JCairn50   17946 Joseph Cairn
ADD_USER  JCatkin79   7736 Jackson Catkin
ADD_USER  JCochle81     70 Jacob Cochlea
ADD_USER  JCody72    41295 Jonathan Cody
ADD_PHONE JCody72    712-127-9223
ADD_USER  JColleg79    648 James College
ADD_PHONE JColleg79  119-975-1773
ADD_PHONE JColleg79  640-654-2017
ADD_USER  JCompel39     39 Jayden Compelling
ADD_PHONE JCompel39  432-801-3597
ADD_PHONE JCompel39  833-551-7617
ADD_PHONE JCompel39  987-191-0936
ADD_USER  JCompri18     18 Jacob Comprise
ADD_PHONE JCompri18  379-859-7582
ADD_PHONE JCompri18  851-692-5927
ADD_PHONE JCompri18  994-972-4419
ADD_USER  JConser38     61 Julia Conservatism
ADD_PHONE JConser38  075-753-3930
ADD_USER  JCorny65      45 James Corny
ADD_PHONE JCorny65   221-960-2363
ADD_PHONE JCorny65   496-038-1631
ADD_PHONE JCorny65   635-905-9999
ADD_USER  JCorusc80   5955 Jackson Coruscate
ADD_PHONE JCorusc80  043-514-8180
ADD_PHONE JCorusc80  082-711-5282
ADD_USER  JCowhan66     27 Julia Cowhand
ADD_PHONE JCowhan66  938-231-5308
ADD_USER  JCrocke05      6 Jake Crockery
ADD_USER  JDaniel41   4239 James Daniel
ADD_PHONE JDaniel41  661-297-8987
ADD_PHONE JDaniel41  796-121-4193
ADD_PHONE JDaniel41  853-772-3737
ADD_USER  JDiscre67     48 Jonathan Discretionary
ADD_PHONE JDiscre67  367-040-7860
ADD_PHONE JDiscre67  883-400-6532
ADD_USER  JDulse93      55 Joshua Dulse
ADD_PHONE JDulse93   039-238-7174
ADD_PHONE JDulse93   277-732-3665
ADD_PHONE JDulse93   298-764-7947
ADD_USER  JEllis06    4611 Joseph Ellis
ADD_USER  JEmbody32  46904 James Embody
ADD_PHONE JEmbody32  188-519-1809
ADD_PHONE JEmbody32  247-598-2500
ADD_PHONE JEmbody32  765-926-6094
ADD_USER  JEmissa68    838 Jake Emissary
ADD_USER  JEpocha08   2919 Jacob Epochal III
ADD_PHONE JEpocha08  167-272-0342
ADD_PHONE JEpocha08  582-228-7610
ADD_PHONE JEpocha08  610-167-7078
ADD_USER  JExecut93   3439 Julian Execute
ADD_PHONE JExecut93  609-598-6865
ADD_PHONE JExecut93  829-189-7084
ADD_USER  JExempt45     76 James Exemption
ADD_PHONE JExempt45  224-146-4702
ADD_USER  JFalmou85   8812 James Falmouth PhD
ADD_PHONE JFalmou85  153-001-8449
ADD_PHONE JFalmou85  243-571-6982
ADD_USER  JFeline22    613 Joseph Feline
ADD_PHONE JFeline22  037-498-7169
ADD_PHONE JFeline22  605-139-4484
ADD_PHONE JFeline22  925-084-2262
ADD_USER  JGallop34   1425 Jonathan Gallop Esq
ADD_USER  JGibbon36     48 Julian Gibbon
ADD_USER  JGules07    7955 John Gules
ADD_PHONE JGules07   581-493-7921
ADD_PHONE JGules07   986-890-7178
ADD_USER  JGunpla39     74 Jake Gunplay
ADD_USER  JHadria59    221 Jake Hadrian
ADD_PHONE JHadria59  231-462-4180
ADD_PHONE JHadria59  627-230-2438
ADD_PHONE JHadria59  969-752-1304
ADD_USER  JHandfu07    650 Jacob Handful
ADD_PHONE JHandfu07  026-591-2179
ADD_PHONE JHandfu07  109-690-0878
ADD_PHONE JHandfu07  625-444-5625
ADD_USER  JHaney30    2029 Jordan Haney
ADD_PHONE JHaney30   773-597-7275
ADD_USER  JImport76  39353 Jayden Importunate
ADD_PHONE JImport76  600-530-6998
ADD_USER  JIndent44   6024 Joshua Indentation
ADD_PHONE JIndent44  608-038-4247
ADD_USER  JIrk03     14325 John Irk
ADD_PHONE JIrk03     167-095-6842
ADD_PHONE JIrk03     482-602-9894
ADD_USER  JIroquo92   5484 Julia Iroquois
ADD_PHONE JIroquo92  858-131-2748
ADD_USER  JIsaiah12     76 John Isaiah Mob
ADD_PHONE JIsaiah12  833-824-0649
ADD_USER  JJacob13      96 Jake Jacob Caleb
ADD_USER  JJehova25    706 Julian Jehovah
ADD_PHONE JJehova25  429-546-5203
ADD_PHONE JJehova25  535-807-2481
ADD_USER  JJulian96   2433 Jacob Julian Demountable MD
ADD_PHONE JJulian96  630-255-4985
ADD_USER  JJure41     6916 James Jure
ADD_PHONE JJure41    015-472-3777
ADD_PHONE JJure41    446-257-0777
ADD_PHONE JJure41    487-265-1021
ADD_USER  JKill75     1808 Joseph Kill
ADD_PHONE JKill75    254-711-2772
ADD_PHONE JKill75    626-431-2444
ADD_USER  JLeopol22  34099 James Leopold
ADD_PHONE JLeopol22  086-169-6920
ADD_PHONE JLeopol22  314-373-2729
ADD_PHONE JLeopol22  706-834-5504
ADD_USER  JLongle26     72 Jayden Longleg
ADD_PHONE JLongle26  186-079-1831
ADD_PHONE JLongle26  761-755-4049
ADD_PHONE JLongle26  860-051-0912
ADD_USER  JLotion74     50 Jackson Lotion
ADD_USER  JMamma26   19761 Julia Mamma
ADD_USER  JMatthe75     36 Jayden Matthew Pathos
ADD_PHONE JMatthe75  242-200-2392
ADD_PHONE JMatthe75  332-559-2254
ADD_USER  JMax31       615 Julian Max Quarryman
ADD_USER  JMedica35     12 Jake Medicate
ADD_PHONE JMedica35  172-513-5811
ADD_PHONE JMedica35  340-348-3644
ADD_PHONE JMedica35  355-493-0095
ADD_USER  JMelior50  25304 Joseph Meliorate
ADD_USER  JMiscib57    307 John Miscible MD
ADD_PHONE JMiscib57  771-291-6355
ADD_USER  JNovelt83     23 Jordan Novelty
ADD_PHONE JNovelt83  421-446-5284
ADD_USER  JOlefin97      3 Julia Olefin
ADD_PHONE JOlefin97  187-240-7774
ADD_PHONE JOlefin97  712-104-6936
ADD_PHONE JOlefin97  858-780-2659
ADD_USER  JOvum62    44354 Joseph Ovum Jr
ADD_PHONE JOvum62    216-148-0366
ADD_PHONE JOvum62    629-235-9254
ADD_PHONE JOvum62    704-334-9877
ADD_USER  JParker97    393 John Parker Prokofieff
ADD_PHONE JParker97  214-973-4903
ADD_PHONE JParker97  811-453-2216
ADD_USER  JPenanc27    475 Jack Penance
ADD_PHONE JPenanc27  391-096-3836
ADD_PHONE JPenanc27  691-874-8352
ADD_PHONE JPenanc27  972-494-2918
ADD_USER  JPosthu95  10029 Jonathan Posthumous
ADD_PHONE JPosthu95  067-904-8400
ADD_PHONE JPosthu95  488-703-4044
ADD_PHONE JPosthu95  995-623-2005
ADD_USER  JPredic51     98 Jayden Predictor
ADD_PHONE JPredic51  364-278-0713
ADD_USER  JResiny22  15854 Jackson Resiny
ADD_PHONE JResiny22  537-349-4996
ADD_PHONE JResiny22  935-305-6016
ADD_USER  JRyan10     2662 James Ryan Playa IV
ADD_PHONE JRyan10    837-850-5361
ADD_USER  JSidesa96     14 Julia Sidesaddle
ADD_PHONE JSidesa96  339-522-5966
ADD_PHONE JSidesa96  578-549-8295
ADD_PHONE JSidesa96  710-463-7473
ADD_USER  JSimile88     55 James Simile
ADD_PHONE JSimile88  506-560-4374
ADD_USER  JStank03     990 Jacob Stank
ADD_PHONE JStank03   148-426-8564
ADD_PHONE JStank03   404-724-6081
ADD_PHONE JStank03   891-014-2025
ADD_USER  JSuppli50   2078 Joseph Supplicate
ADD_USER  JSymbol58  35196 Jack Symbol
ADD_USER  JTabu32     8019 John Tabu
ADD_PHONE JTabu32    272-092-3598
ADD_USER  JTheir16      25 James Their
ADD_PHONE JTheir16   963-044-5626
ADD_USER  JThorea39     79 Jonathan Thoreau
ADD_USER  JToilet98  23308 Jackson Toilet
ADD_PHONE JToilet98  209-003-9740
ADD_PHONE JToilet98  878-000-3781
ADD_USER  JTrades05   3837 Julian Tradesman
ADD_PHONE JTrades05  279-019-7296
ADD_USER  JUremia17    214 Jordan Uremia
ADD_PHONE JUremia17  522-037-0110
ADD_PHONE JUremia17  590-375-1673
ADD_PHONE JUremia17  735-198-7571
ADD_USER  KAlexis45      0 Katelyn Alexis Davison
ADD_USER  KAmeric97    567 Kaylee America
ADD_PHONE KAmeric97  691-794-4728
ADD_USER  KAudrey20     45 Kate Audrey Necromancy
ADD_USER  KAudrey47      2 Kaitlyn Audrey Exhibition
ADD_PHONE KAudrey47  313-254-2495
ADD_USER  KAvid23       79 Kaylee Avid
ADD_PHONE KAvid23    116-515-1139
ADD_PHONE KAvid23    667-969-7701
ADD_PHONE KAvid23    902-960-2252
ADD_USER  KConsen45   4508 Katelyn Consensus
ADD_PHONE KConsen45  077-069-9911
ADD_PHONE KConsen45  538-231-8257
ADD_PHONE KConsen45  955-260-4804
ADD_USER  KDescri18  45398 Kylie Describe
ADD_PHONE KDescri18  060-809-2415
ADD_PHONE KDescri18  676-248-0718
ADD_PHONE KDescri18  925-879-3774
ADD_USER  KDill47     7564 Katelyn Dill
ADD_PHONE KDill47    062-722-4802
ADD_PHONE KDill47    975-061-4470
ADD_USER  KDock19     6527 Kaitlyn Dock
ADD_PHONE KDock19    104-504-5681
ADD_PHONE KDock19    396-661-8665
ADD_USER  KDopple27   9109 Kaitlyn Doppler
ADD_PHONE KDopple27  102-569-0990
ADD_USER  KEchidn35     51 Kaylee Echidna
ADD_PHONE KEchidn35  041-706-5510
ADD_PHONE KEchidn35  211-913-3183
ADD_PHONE KEchidn35  325-437-3164
ADD_USER  KGavin78     210 Katelyn Gavin
ADD_PHONE KGavin78   250-831-5409
ADD_PHONE KGavin78   702-798-0601
ADD_USER  KGibber80    842 Kaylee Gibberish
ADD_USER  KHalley74  32675 Katelyn Halley
ADD_PHONE KHalley74  318-402-7378
ADD_USER  KHomolo18    325 Kaitlyn Homologous
ADD_PHONE KHomolo18  013-063-0608
ADD_PHONE KHomolo18  626-754-2556
ADD_PHONE KHomolo18  631-395-2104
ADD_USER  KHotbed03   2552 Kylie Hotbed
ADD_USER  KIncens76    167 Kaylee Incense
ADD_PHONE KIncens76  573-737-4346
ADD_USER  KIncine46    626 Kate Incinerate
ADD_PHONE KIncine46  062-056-4939
ADD_PHONE KIncine46  296-034-5555
ADD_PHONE KIncine46  353-460-8176
ADD_USER  KLitera15     54 Kaylee Literal
ADD_PHONE KLitera15  049-721-9611
ADD_PHONE KLitera15  159-051-0436
ADD_USER  KMadeli31  31798 Kayla Madeline Pomade
ADD_PHONE KMadeli31  083-758-9919
ADD_PHONE KMadeli31  447-910-0918
ADD_PHONE KMadeli31  484-983-7465
ADD_USER  KNeptun14    367 Kaitlyn Neptunium
ADD_PHONE KNeptun14  667-142-6161
ADD_USER  KPhelps90    724 Kylie Phelps
ADD_PHONE KPhelps90  509-502-8343
ADD_PHONE KPhelps90  769-900-1361
ADD_USER  KPolyty25      2 Kayla Polytypy
ADD_PHONE KPolyty25  632-174-5500
ADD_USER  KRecalc83    997 Kaitlyn Recalcitrant
ADD_PHONE KRecalc83  027-230-7771
ADD_PHONE KRecalc83  143-211-9613
ADD_PHONE KRecalc83  666-547-0585
ADD_USER  KRectit63   7618 Kaitlyn Rectitude
ADD_USER  KScarce46    569 Kylie Scarce
ADD_PHONE KScarce46  087-814-3564
ADD_PHONE KScarce46  137-202-3254
ADD_PHONE KScarce46  884-551-0122
ADD_USER  KTwiddl33     88 Kate Twiddle
ADD_PHONE KTwiddl33  456-206-2614
ADD_PHONE KTwiddl33  612-232-1155
ADD_USER  KVacill05     24 Katelyn Vacillate
ADD_USER  KVase39       50 Kaitlyn Vase
ADD_PHONE KVase39    399-433-3275
ADD_PHONE KVase39    558-835-2898
ADD_PHONE KVase39    784-457-7452
ADD_USER  KVirtuo31  10695 Kaylee Virtuosi
ADD_USER  Katelyn58    348 Katelyn
ADD_USER  LAftere75   8078 Leah Aftereffect
ADD_USER  LAftern07     14 Lucas Afternoon
ADD_PHONE LAftern07  001-555-6971
ADD_PHONE LAftern07  355-918-9724
ADD_PHONE LAftern07  648-813-5276
ADD_USER  LAiken49      60 Lucas Aiken
ADD_PHONE LAiken49   183-654-7936
ADD_PHONE LAiken49   678-834-8875
ADD_PHONE LAiken49   877-872-3738
ADD_USER  LAlexan34     74 Layla Alexandra Scallop
ADD_PHONE LAlexan34  597-257-0429
ADD_PHONE LAlexan34  634-371-9581
ADD_PHONE LAlexan34  943-285-5121
ADD_USER  LAlexis58  44104 Lucy Alexis Variable
ADD_PHONE LAlexis58  327-860-8531
ADD_PHONE LAlexis58  739-622-4441
ADD_USER  LAmelia94      8 Lilly Amelia Bun
ADD_PHONE LAmelia94  702-423-9315
ADD_PHONE LAmelia94  705-046-1533
ADD_USER  LAnd23        43 Lucy And
ADD_USER  LArsena40   4957 Lily Arsenal
ADD_USER  LBesieg27    651 Liam Besiege
ADD_PHONE LBesieg27  324-202-6049
ADD_USER  LBevy72      576 Liam Bevy
ADD_USER  LBlotch02   9807 Layla Blotch
ADD_PHONE LBlotch02  191-775-8662
ADD_PHONE LBlotch02  491-011-2509
ADD_PHONE LBlotch02  629-436-8349
ADD_USER  LBonave90     37 Layla Bonaventure
ADD_USER  LBooky79     536 Liam Booky
ADD_PHONE LBooky79   259-181-9283
ADD_USER  LCambri73   4456 Lillian Cambric
ADD_PHONE LCambri73  764-656-5863
ADD_PHONE LCambri73  989-735-1751
ADD_USER  LCanal98      24 Lilly Canal
ADD_USER  LCayley81   4615 Lucas Cayley
ADD_PHONE LCayley81  745-300-9866
ADD_PHONE LCayley81  801-321-4761
ADD_PHONE LCayley81  970-893-8097
ADD_USER  LChiffo40    431 Logan Chiffon
ADD_PHONE LChiffo40  280-891-1169
ADD_PHONE LChiffo40  379-642-3639
ADD_PHONE LChiffo40  489-491-4304
ADD_USER  LChrist02     41 Logan Christian Dissertation
ADD_USER  LConfer30  44634 Luke Confer MD
ADD_PHONE LConfer30  173-420-2427
ADD_PHONE LConfer30  208-912-0665
ADD_PHONE LConfer30  422-268-5926
ADD_USER  LConfid13    559 Lucas Confidential
ADD_USER  LCretin04    186 Lucas Cretin
ADD_PHONE LCretin04  036-520-5481
ADD_PHONE LCretin04  181-491-6245
ADD_PHONE LCretin04  201-579-0327
ADD_USER  LCurt96       23 Layla Curt
ADD_USER  LDebora99     14 Lily Deborah
ADD_PHONE LDebora99  334-440-0588
ADD_PHONE LDebora99  379-910-7119
ADD_USER  LDecent23     87 Lauren Decent
ADD_PHONE LDecent23  051-444-4035
ADD_PHONE LDecent23  681-593-0010
ADD_PHONE LDecent23  710-717-2805
ADD_USER  LDepute12     95 Logan Depute
ADD_PHONE LDepute12  238-519-6551
ADD_PHONE LDepute12  327-672-4084
ADD_USER  LDialec97     23 Leah Dialect
ADD_PHONE LDialec97  120-928-0713
ADD_PHONE LDialec97  572-053-2505
ADD_PHONE LDialec97  753-521-0842
ADD_USER  LDoctri66  26259 Lucas Doctrine
ADD_PHONE LDoctri66  579-254-2954
ADD_USER  LEspous25  29048 Lily Espousal
ADD_PHONE LEspous25  462-830-5997
ADD_PHONE LEspous25  795-706-9130
ADD_PHONE LEspous25  968-253-4957
ADD_USER  LEugeni22    267 Leah Eugenia
ADD_USER  LExploi12  27089 Lillian Exploit
ADD_PHONE LExploi12  467-199-8791
ADD_USER  LFamili36   9962 Lillian Familism
ADD_PHONE LFamili36  365-427-8726
ADD_PHONE LFamili36  990-777-6940
ADD_USER  LFear71      634 Lily Fear
ADD_USER  LGadfly45    415 Lauren Gadfly
ADD_USER  LGagwri08     56 Lillian Gagwriter
ADD_PHONE LGagwri08  012-624-7999
ADD_PHONE LGagwri08  712-353-7928
ADD_PHONE LGagwri08  787-530-1192
ADD_USER  LGalvan88  21980 Lucy Galvanic
ADD_PHONE LGalvan88  116-690-6923
ADD_PHONE LGalvan88  237-900-0646
ADD_PHONE LGalvan88  393-716-9137
ADD_USER  LGianna68   8050 Lauren Gianna Pronounce
ADD_PHONE LGianna68  755-580-3478
ADD_USER  LGlaze62      70 Logan Glaze
ADD_USER  LGrandi48    387 Landon Grandiose
ADD_USER  LIdenti21     25 Liam Identity
ADD_PHONE LIdenti21  750-775-4218
ADD_PHONE LIdenti21  797-598-0505
ADD_USER  LImplem88  14080 Logan Implementor
ADD_PHONE LImplem88  260-002-5759
ADD_PHONE LImplem88  608-571-6189
ADD_PHONE LImplem88  700-533-9734
ADD_USER  LJoseph87     94 Luke Joseph Preface
ADD_PHONE LJoseph87  448-636-3577
ADD_PHONE LJoseph87  752-349-1986
ADD_PHONE LJoseph87  853-338-9819
ADD_USER  LKayla38      97 Lucy Kayla Tip
ADD_PHONE LKayla38   054-295-7127
ADD_PHONE LKayla38   461-784-9622
ADD_PHONE LKayla38   887-848-6434
ADD_USER  LMackin77     90 Leah Mackinac
ADD_USER  LMinus84    2466 Landon Minus
ADD_PHONE LMinus84   794-479-5559
ADD_PHONE LMinus84   991-257-4943
ADD_USER  LMobile18   8438 Landon Mobile
ADD_USER  LModest69   1366 Lillian Modesto
ADD_PHONE LModest69  180-089-3188
ADD_PHONE LModest69  561-780-9012
ADD_USER  LMonume26     22 Lilly Monument
ADD_USER  LNodule37  21581 Luke Nodule
ADD_PHONE LNodule37  173-283-1965
ADD_USER  LOminou50   6196 Lily Ominous
ADD_PHONE LOminou50  185-066-2913
ADD_PHONE LOminou50  489-732-1705
ADD_PHONE LOminou50  565-340-6386
ADD_USER  LPhonem62    146 Lucas Phoneme
ADD_PHONE LPhonem62  604-347-5221
ADD_PHONE LPhonem62  831-804-4002
ADD_PHONE LPhonem62  922-767-6126
ADD_USER  LProvoc59    639 Liam Provocative
ADD_PHONE LProvoc59  048-869-0780
ADD_PHONE LProvoc59  809-199-0378
ADD_PHONE LProvoc59  944-393-5366
ADD_USER  LRawlin03    542 Leah Rawlinson
ADD_USER  LRedact29      0 Leah Redact
ADD_PHONE LRedact29  620-269-8373
ADD_PHONE LRedact29  819-542-9624
ADD_USER  LRomano18     13 Luke Romano
ADD_PHONE LRomano18  003-431-4294
ADD_PHONE LRomano18  065-446-3558
ADD_PHONE LRomano18  736-880-2074
ADD_USER  LScm55       890 Leah Scm
ADD_USER  LSec00      7201 Lilly Sec
ADD_PHONE LSec00     839-489-5077
ADD_USER  LShawl91      36 Lucas Shawl
ADD_PHONE LShawl91   243-329-3390
ADD_PHONE LShawl91   432-795-4582
ADD_PHONE LShawl91   813-235-4001
ADD_USER  LSierra87     93 Lilly Sierra
ADD_PHONE LSierra87  852-934-9991
ADD_PHONE LSierra87  961-774-2829
ADD_USER  LSinful85   6628 Lucy Sinful
ADD_PHONE LSinful85  026-394-3522
ADD_USER  LSongba84   6953 Lillian Songbag
ADD_PHONE LSongba84  300-748-4134
ADD_USER  LSophie35    552 Lucy Sophie Upward
ADD_PHONE LSophie35  599-380-0102
ADD_PHONE LSophie35  829-364-4908
ADD_PHONE LSophie35  945-056-4674
ADD_USER  LSplash47   1740 Lilly Splashy
ADD_PHONE LSplash47  129-596-9176
ADD_USER  LStands13     25 Logan Standstill
ADD_PHONE LStands13  158-786-2593
ADD_PHONE LStands13  755-075-5076
ADD_USER  LStupef39   4896 Lily Stupefaction
ADD_USER  LTotemi75     10 Layla Totemic
ADD_PHONE LTotemi75  939-871-7392
ADD_USER  LTrichl01    592 Luke Trichloroacetic
ADD_PHONE LTrichl01  712-268-9416
ADD_PHONE LTrichl01  796-619-1836
ADD_PHONE LTrichl01  959-008-0107
ADD_USER  LTriple23     15 Leah Triple
ADD_PHONE LTriple23  020-816-1659
ADD_PHONE LTriple23  250-977-6205
ADD_USER  LVase78       13 Logan Vase
ADD_PHONE LVase78    168-463-9762
ADD_USER  LWhite98   44908 Luke White
ADD_PHONE LWhite98   240-331-2275
ADD_PHONE LWhite98   411-827-8916
ADD_USER  LWhitti04    991 Lucas Whittier
ADD_PHONE LWhitti04  558-250-0059
ADD_PHONE LWhitti04  758-011-8498
ADD_USER  LWore86       27 Logan Wore
ADD_USER  MAcetyl89   6140 Michael Acetylene
ADD_PHONE MAcetyl89  591-523-0511
ADD_PHONE MAcetyl89  695-490-0975
ADD_PHONE MAcetyl89  772-637-0825
ADD_USER  MAffini52     25 Madeline Affinity
ADD_PHONE MAffini52  034-849-9139
ADD_PHONE MAffini52  402-351-0864
ADD_PHONE MAffini52  539-277-1923
ADD_USER  MAggres93    794 Molly Aggressive
ADD_PHONE MAggres93  569-627-5504
ADD_USER  MAidan40    5434 Mason Aidan Top
ADD_USER  MAmputa69  45678 Maya Amputate
ADD_PHONE MAmputa69  637-979-5147
ADD_PHONE MAmputa69  808-810-9754
ADD_USER  MAndrea85   4182 Makayla Andrea
ADD_USER  MAnybod98  34156 Max Anybody
ADD_USER  MArgent31  20048 Maya Argentina
ADD_PHONE MArgent31  275-495-7156
ADD_USER  MAssent47    817 Makayla Assent
ADD_USER  MBarone26   8737 Madison Baronet
ADD_PHONE MBarone26  075-941-6442
ADD_USER  MBarre13   28239 Max Barre
ADD_PHONE MBarre13   729-009-8370
ADD_USER  MBawd25        7 Mason Bawd
ADD_PHONE MBawd25    621-559-1075
ADD_USER  MBeatit82   2672 Molly Beatitude
ADD_PHONE MBeatit82  437-437-3497
ADD_PHONE MBeatit82  918-497-5472
ADD_USER  MBecket89   2075 Molly Becket
ADD_PHONE MBecket89  574-441-8937
ADD_USER  MBetoke66    218 Madeline Betoken
ADD_PHONE MBetoke66  547-600-1886
ADD_USER  MBriann70   9000 Mia Brianna Dyspeptic
ADD_PHONE MBriann70  372-590-9188
ADD_PHONE MBriann70  874-397-4268
ADD_USER  MBrookl18     72 Madison Brooklyn Potassium
ADD_PHONE MBrookl18  365-871-4869
ADD_PHONE MBrookl18  627-721-7925
ADD_PHONE MBrookl18  945-295-9887
ADD_USER  MCataly90   1935 Michael Catalysis
ADD_PHONE MCataly90  505-543-0310
ADD_PHONE MCataly90  921-592-4021
ADD_USER  MCelebe42     21 Max Celebes
ADD_PHONE MCelebe42  046-458-4257
ADD_PHONE MCelebe42  237-240-9233
ADD_PHONE MCelebe42  878-681-0425
ADD_USER  MCentri59    294 Maya Centrist
ADD_PHONE MCentri59  317-068-9226
ADD_PHONE MCentri59  748-937-0944
ADD_USER  MChartr51    156 Maya Chartreuse
ADD_PHONE MChartr51  364-642-6250
ADD_USER  MChutne79   9367 Madeline Chutney
ADD_PHONE MChutne79  621-346-7838
ADD_USER  MCollim07      2 Mason Collimate
ADD_PHONE MCollim07  285-584-2924
ADD_PHONE MCollim07  567-293-1140
ADD_PHONE MCollim07  574-784-2799
ADD_USER  MComple52    257 Mackenzie Complex
ADD_PHONE MComple52  096-062-5951
ADD_PHONE MComple52  827-673-3025
ADD_USER  MCopela09    831 Makayla Copeland
ADD_USER  MCorall97    432 Maya Coralline
ADD_PHONE MCorall97  251-012-1800
ADD_PHONE MCorall97  672-447-9443
ADD_PHONE MCorall97  926-135-1761
ADD_USER  MCurio01      95 Maya Curio
ADD_PHONE MCurio01   007-619-8086
ADD_PHONE MCurio01   340-149-7649
ADD_PHONE MCurio01   816-958-6893
ADD_USER  MDesper23    957 Mackenzie Desperate
ADD_PHONE MDesper23  343-978-8477
ADD_PHONE MDesper23  952-275-5856
ADD_USER  MDexter30   7092 Max Dexter
ADD_PHONE MDexter30  799-472-5863
ADD_PHONE MDexter30  801-200-8519
ADD_USER  MDishes42    582 Mia Dishes
ADD_PHONE MDishes42  280-738-9525
ADD_PHONE MDishes42  702-856-3513
ADD_USER  MDivulg62     35 Maya Divulge
ADD_PHONE MDivulg62  698-257-9369
ADD_USER  MEclipt17    150 Madelyn Ecliptic
ADD_PHONE MEclipt17  318-685-7369
ADD_USER  MEmbroi41  26376 Michael Embroidery
ADD_PHONE MEmbroi41  443-486-1384
ADD_PHONE MEmbroi41  982-958-7035
ADD_USER  MEmcee62      20 Molly Emcee
ADD_PHONE MEmcee62   887-850-4022
ADD_USER  MEnceph45     25 Molly Encephalitis
ADD_USER  MErsatz37    788 Morgan Ersatz
ADD_PHONE MErsatz37  719-484-8443
ADD_PHONE MErsatz37  811-813-1199
ADD_PHONE MErsatz37  981-917-9295
ADD_USER  MFoss54     6987 Molly Foss
ADD_PHONE MFoss54    865-085-5996
ADD_USER  MFrothy65     91 Molly Frothy
ADD_USER  MGoer67        7 Madison Goer
ADD_PHONE MGoer67    165-381-9495
ADD_USER  MGrant97      48 Mason Grant III
ADD_PHONE MGrant97   152-374-3291
ADD_PHONE MGrant97   525-069-7773
ADD_PHONE MGrant97   680-812-9240
ADD_USER  MGreed37   39410 Madeline Greed
ADD_PHONE MGreed37   185-043-9527
ADD_PHONE MGreed37   501-610-1860
ADD_PHONE MGreed37   914-792-4000
ADD_USER  MHeal08    30785 Madelyn Heal
ADD_USER  MHoagla49   7764 Mackenzie Hoagland
ADD_PHONE MHoagla49  812-199-8757
ADD_USER  MHoneyw40   1632 Molly Honeywell
ADD_PHONE MHoneyw40  030-875-5961
ADD_PHONE MHoneyw40  278-175-6818
ADD_USER  MHoosie05     64 Madelyn Hoosier
ADD_PHONE MHoosie05  622-505-2156
ADD_PHONE MHoosie05  654-665-3032
ADD_PHONE MHoosie05  769-465-9292
ADD_USER  MHowe81       97 Michael Howe
ADD_PHONE MHowe81    247-072-8090
ADD_PHONE MHowe81    621-117-6522
ADD_USER  MHubby82      54 Makayla Hubby
ADD_PHONE MHubby82   650-919-7607
ADD_USER  MHusban84     27 Madelyn Husbandmen
ADD_PHONE MHusban84  182-499-6830
ADD_USER  MInters85    481 Madelyn Interstitial
ADD_PHONE MInters85  498-484-2839
ADD_USER  MIsabel25     76 Mackenzie Isabella Patrimony
ADD_PHONE MIsabel25  076-555-3412
ADD_PHONE MIsabel25  153-641-7734
ADD_USER  MJordan60    163 Michael Jordan Vignette
ADD_USER  MJulia72    3104 Mackenzie Julia Journeyman
ADD_USER  MKayla00      76 Madison Kayla Pugnacious
ADD_PHONE MKayla00   035-915-3145
ADD_PHONE MKayla00   042-778-4806
ADD_PHONE MKayla00   871-314-6032
ADD_USER  MKick28    41964 Matthew Kick
ADD_PHONE MKick28    778-974-0941
ADD_PHONE MKick28    835-500-9774
ADD_PHONE MKick28    988-185-1287
ADD_USER  MKneel81      33 Molly Kneel
ADD_PHONE MKneel81   240-806-0676
ADD_PHONE MKneel81   654-764-8208
ADD_PHONE MKneel81   842-523-8273
ADD_USER  MLunge64    2579 Morgan Lunge
ADD_PHONE MLunge64   181-587-2519
ADD_PHONE MLunge64   705-336-3257
ADD_USER  MLynch20    2795 Molly Lynch
ADD_PHONE MLynch20   715-610-6723
ADD_USER  MLynchb21     75 Mackenzie Lynchburg
ADD_PHONE MLynchb21  090-453-7132
ADD_USER  MManner71  17240 Mason Mannerism MD
ADD_PHONE MManner71  396-458-2520
ADD_USER  MMeasur51     69 Mia Measure
ADD_USER  MOceani36    726 Mackenzie Oceania
ADD_PHONE MOceani36  093-138-1648
ADD_PHONE MOceani36  712-232-0344
ADD_PHONE MOceani36  827-377-7697
ADD_USER  MPackag03  30706 Matthew Package
ADD_PHONE MPackag03  669-729-8825
ADD_PHONE MPackag03  676-759-4189
ADD_PHONE MPackag03  839-288-3542
ADD_USER  MParabo52     74 Mia Paraboloidal
ADD_USER  MPlane48   47169 Molly Plane
ADD_PHONE MPlane48   645-611-9738
ADD_USER  MPoison21     73 Madeline Poison
ADD_PHONE MPoison21  138-660-1670
ADD_USER  MQuanti09     67 Michael Quantile
ADD_PHONE MQuanti09  345-935-2228
ADD_PHONE MQuanti09  624-071-0538
ADD_PHONE MQuanti09  770-066-8699
ADD_USER  MRefere06    971 Max Refereeing
ADD_PHONE MRefere06  091-043-7548
ADD_USER  MRemedi27     13 Maya Remediable
ADD_PHONE MRemedi27  422-458-8410
ADD_USER  MRiflem54   1975 Morgan Rifleman
ADD_PHONE MRiflem54  056-406-5201
ADD_USER  MScapul79  43360 Mia Scapula
ADD_PHONE MScapul79  441-528-7364
ADD_PHONE MScapul79  476-564-5610
ADD_PHONE MScapul79  485-745-1209
ADD_USER  MSeasid69    193 Mackenzie Seaside
ADD_PHONE MSeasid69  609-453-9370
ADD_PHONE MSeasid69  757-608-3086
ADD_USER  MSebast62     85 Madeline Sebastian
ADD_USER  MSen22        13 Morgan Sen
ADD_PHONE MSen22     727-844-6377
ADD_USER  MSquatt42  13634 Makayla Squatter
ADD_USER  MStirli29    683 Madison Stirling
ADD_PHONE MStirli29  578-375-3329
ADD_PHONE MStirli29  656-369-9890
ADD_PHONE MStirli29  979-764-0222
ADD_USER  MTanger13   9707 Madison Tangerine
ADD_USER  MThatch15  19073 Molly Thatch
ADD_PHONE MThatch15  717-448-9350
ADD_PHONE MThatch15  953-124-2538
ADD_USER  MToday01     159 Molly Today
ADD_PHONE MToday01   160-379-8799
ADD_PHONE MToday01   447-008-1928
ADD_USER  MTrompe14     91 Makayla Trompe
ADD_PHONE MTrompe14  859-490-4568
ADD_USER  MTwa82      9994 Matthew Twa
ADD_PHONE MTwa82     324-850-1115
ADD_PHONE MTwa82     915-271-8434
ADD_USER  MUnesco62   9306 Max Unesco
ADD_PHONE MUnesco62  169-061-7907
ADD_USER  MValery04   9834 Mason Valery
ADD_PHONE MValery04  575-033-0140
ADD_PHONE MValery04  785-155-7776
ADD_USER  MViscom11     55 Mason Viscometer
ADD_PHONE MViscom11  178-462-2687
ADD_PHONE MViscom11  623-935-8293
ADD_PHONE MViscom11  903-418-5442
ADD_USER  NAppare02   6146 Nathan Apparel
ADD_PHONE NAppare02  372-300-1930
ADD_USER  NBarone49  42288 Nicholas Baronet
ADD_USER  NBradfo25   9546 Noah Bradford
ADD_PHONE NBradfo25  143-273-4948
ADD_PHONE NBradfo25  626-797-9474
ADD_USER  NBurden67    924 Noah Burden
ADD_PHONE NBurden67  297-362-1198
ADD_USER  NCologn31  38243 Nathan Cologne
ADD_PHONE NCologn31  672-646-4696
ADD_PHONE NCologn31  955-566-7107
ADD_USER  NContin81  20069 Nicholas Continuo
ADD_PHONE NContin81  427-872-8937
ADD_PHONE NContin81  434-593-2753
ADD_PHONE NContin81  593-341-8545
ADD_USER  NCorbet40    965 Nathan Corbett
ADD_PHONE NCorbet40  057-549-9730
ADD_PHONE NCorbet40  105-289-2840
ADD_PHONE NCorbet40  349-916-0294
ADD_USER  NCosine53  37568 Natalie Cosine
ADD_PHONE NCosine53  070-249-5401
ADD_PHONE NCosine53  443-267-7824
ADD_PHONE NCosine53  820-060-1354
ADD_USER  NDrab81       88 Nathan Drab
ADD_PHONE NDrab81    114-248-1400
ADD_PHONE NDrab81    295-790-0141
ADD_USER  NEthic67      51 Nicholas Ethic
ADD_USER  NGorton43     36 Nicholas Gorton
ADD_PHONE NGorton43  330-069-7465
ADD_USER  NInters33   8643 Nathan Intersect
ADD_PHONE NInters33  148-566-3231
ADD_PHONE NInters33  638-981-0135
ADD_PHONE NInters33  647-142-8305
ADD_USER  NIsaiah08    553 Noah Isaiah Sinus
ADD_USER  NJacob91    4745 Nicholas Jacob Spleen
ADD_PHONE NJacob91   328-247-5581
ADD_PHONE NJacob91   408-785-3623
ADD_USER  NJansen21    523 Natalie Jansenist
ADD_USER  NLeah50       14 Natalie Leah Seminal
ADD_PHONE NLeah50    334-474-1810
ADD_USER  NNeapol85     35 Nicholas Neapolitan III
ADD_PHONE NNeapol85  193-097-7810
ADD_PHONE NNeapol85  980-055-6274
ADD_USER  NNov18        28 Nicholas Nov
ADD_USER  NPerez99    1454 Nathan Perez
ADD_PHONE NPerez99   412-440-4071
ADD_PHONE NPerez99   848-973-9593
ADD_USER  NPsycho14    137 Nathan Psychosomatic
ADD_PHONE NPsycho14  094-712-6117
ADD_PHONE NPsycho14  614-946-2526
ADD_USER  NPunctu93     88 Noah Punctual
ADD_PHONE NPunctu93  323-560-1781
ADD_PHONE NPunctu93  353-757-0631
ADD_USER  NRheost10    214 Nicholas Rheostat
ADD_PHONE NRheost10  324-503-1466
ADD_USER  NSci89        84 Nathan Sci
ADD_USER  NSnowmo95   2074 Nathan Snowmobile
ADD_USER  NSpokes38      2 Natalie Spokesperson
ADD_PHONE NSpokes38  024-903-8164
ADD_PHONE NSpokes38  550-596-0356
ADD_PHONE NSpokes38  729-471-2695
ADD_USER  NTop74       662 Noah Top
ADD_PHONE NTop74     955-828-4557
ADD_USER  NWapiti01  33342 Nathan Wapiti
ADD_USER  NWiggly36  42847 Nathan Wiggly
ADD_USER  NZoey95       69 Natalie Zoey Palette
ADD_PHONE NZoey95    202-102-2213
ADD_USER  OAbsolv78   4682 Owen Absolve
ADD_PHONE OAbsolv78  115-843-0000
ADD_PHONE OAbsolv78  305-751-6344
ADD_PHONE OAbsolv78  719-672-8788
ADD_USER  OAlexis01  35151 Olivia Alexis Kodak
ADD_USER  OCanopy33     58 Olivia Canopy
ADD_PHONE OCanopy33  578-329-6595
ADD_PHONE OCanopy33  861-580-3433
ADD_USER  OChemis04  41644 Owen Chemist
ADD_USER  ODecede12  26267 Oliver Decedent
ADD_PHONE ODecede12  586-064-1978
ADD_PHONE ODecede12  700-351-9362
ADD_USER  OFermat81     36 Oliver Fermat
ADD_PHONE OFermat81  510-025-3904
ADD_USER  OFields82  19150 Owen Fieldstone
ADD_USER  OFleshy62      1 Oliver Fleshy
ADD_PHONE OFleshy62  001-588-2721
ADD_PHONE OFleshy62  009-668-1695
ADD_PHONE OFleshy62  830-320-4403
ADD_USER  OKayla23      32 Olivia Kayla Zirconium
ADD_PHONE OKayla23   221-464-8228
ADD_PHONE OKayla23   775-545-3112
ADD_USER  OLiam19      950 Oliver Liam Chokeberry
ADD_USER  OLure13     9371 Owen Lure
ADD_PHONE OLure13    969-862-4690
ADD_USER  OSeton95    1889 Olivia Seton
ADD_PHONE OSeton95   204-026-3450
ADD_PHONE OSeton95   213-027-6859
ADD_PHONE OSeton95   574-839-4397
ADD_USER  OSmiths78  17891 Owen Smithsonian
ADD_PHONE OSmiths78  480-263-7763
ADD_PHONE OSmiths78  766-008-1549
ADD_USER  OSpecif91  22957 Olivia Specific
ADD_PHONE OSpecif91  271-852-1507
ADD_PHONE OSpecif91  843-157-6875
ADD_PHONE OSpecif91  863-137-4389
ADD_USER  OSushi20   17840 Olivia Sushi
ADD_USER  OThirte92   9902 Owen Thirteen
ADD_PHONE OThirte92  562-615-1138
ADD_USER  OTrilog44   4050 Owen Trilogy
ADD_PHONE OTrilog44  248-924-7599
ADD_PHONE OTrilog44  822-728-9858
ADD_USER  OTrimer00   5660 Owen Trimer PhD
ADD_PHONE OTrimer00  192-616-0450
ADD_USER  PBelfas85    625 Paige Belfast
ADD_PHONE PBelfas85  004-084-7912
ADD_PHONE PBelfas85  459-189-0762
ADD_PHONE PBelfas85  899-168-9470
ADD_USER  PCallig31     39 Parker Calligraph
ADD_PHONE PCallig31  629-277-2978
ADD_USER  PCobra81      16 Paige Cobra
ADD_USER  PCulpa70     641 Paige Culpa
ADD_PHONE PCulpa70   889-605-4387
ADD_PHONE PCulpa70   967-490-8908
ADD_USER  PDemocr96     99 Paige Democracy
ADD_PHONE PDemocr96  009-679-4422
ADD_PHONE PDemocr96  594-450-8558
ADD_USER  PEducab60     73 Paige Educable
ADD_PHONE PEducab60  009-886-7317
ADD_PHONE PEducab60  560-644-0170
ADD_USER  PHubbar96  42317 Paige Hubbard
ADD_PHONE PHubbar96  130-834-7741
ADD_PHONE PHubbar96  175-005-3560
ADD_PHONE PHubbar96  968-307-8046
ADD_USER  PIsaac20     564 Parker Isaac Perjury
ADD_PHONE PIsaac20   247-627-9754
ADD_PHONE PIsaac20   612-098-1253
ADD_USER  PJake64      857 Parker Jake
ADD_PHONE PJake64    657-507-7501
ADD_USER  PLieute62    853 Parker Lieutenant
ADD_PHONE PLieute62  436-001-9454
ADD_USER  PLily24      924 Paige Lily Risk
ADD_PHONE PLily24    748-685-0698
ADD_PHONE PLily24    996-399-1730
ADD_USER  PMandar63   4088 Paige Mandarin
ADD_USER  PMillio33    816 Paige Millionth
ADD_PHONE PMillio33  270-473-7768
ADD_PHONE PMillio33  489-975-5586
ADD_PHONE PMillio33  499-607-2025
ADD_USER  PNarcis37     92 Peyton Narcissism
ADD_USER  PPolyte72   3603 Parker Polytechnic
ADD_PHONE PPolyte72  958-246-8183
ADD_USER  PPride70   25315 Parker Pride
ADD_PHONE PPride70   223-657-3895
ADD_PHONE PPride70   469-320-3468
ADD_PHONE PPride70   982-627-6785
ADD_USER  PSatin10     384 Paige Satin
ADD_PHONE PSatin10   533-114-5658
ADD_PHONE PSatin10   705-646-2138
ADD_PHONE PSatin10   771-492-9297
ADD_USER  PTraffi82   2138 Peyton Traffic
ADD_PHONE PTraffi82  137-399-4624
ADD_PHONE PTraffi82  598-908-4147
ADD_USER  PTransf51     32 Paige Transferable
ADD_PHONE PTransf51  213-557-8930
ADD_PHONE PTransf51  545-798-2499
ADD_USER  PUpton66    1180 Peyton Upton
ADD_PHONE PUpton66   373-306-2519
ADD_USER  PWiden16     463 Parker Widen
ADD_PHONE PWiden16   013-737-0106
ADD_USER  Paige18      741 Paige
ADD_PHONE Paige18    430-611-0860
ADD_PHONE Paige18    607-375-2069
ADD_USER  RBackwa49     93 Ryan Backward
ADD_PHONE RBackwa49  405-081-3239
ADD_PHONE RBackwa49  820-703-8154
ADD_PHONE RBackwa49  865-787-9635
ADD_USER  RCauldr50    599 Riley Cauldron
ADD_PHONE RCauldr50  389-939-5480
ADD_USER  RCylind44  28451 Ryan Cylinder
ADD_PHONE RCylind44  321-416-2100
ADD_PHONE RCylind44  402-481-2709
ADD_PHONE RCylind44  939-685-6125
ADD_USER  RElizab76   5217 Riley Elizabeth Stake
ADD_PHONE RElizab76  304-268-4645
ADD_PHONE RElizab76  928-605-1818
ADD_USER  RGabrie52    671 Riley Gabriella Stolid
ADD_PHONE RGabrie52  557-310-7752
ADD_PHONE RGabrie52  792-863-0970
ADD_USER  RHad37      3709 Ryan Had
ADD_PHONE RHad37     683-815-9524
ADD_PHONE RHad37     820-679-5128
ADD_PHONE RHad37     933-055-0910
ADD_USER  RMetron68    976 Ryan Metronome
ADD_PHONE RMetron68  298-458-9773
ADD_USER  RMonte38      10 Riley Monte
ADD_PHONE RMonte38   620-667-1003
ADD_PHONE RMonte38   648-083-1781
ADD_USER  RPontif42   4816 Riley Pontiff
ADD_PHONE RPontif42  396-963-5142
ADD_USER  RRuinou90     34 Ryan Ruinous
ADD_PHONE RRuinou90  218-425-3364
ADD_USER  RSever93    1786 Riley Sever
ADD_USER  RTell99     3599 Ryan Tell
ADD_USER  RToot55     7345 Riley Toot
ADD_USER  SAlliso63     87 Sophie Allison Raphael
ADD_PHONE SAlliso63  496-434-5149
ADD_USER  SAlyssa94     77 Savannah Alyssa Thursday
ADD_PHONE SAlyssa94  877-066-0086
ADD_USER  SArctan01     90 Sophie Arctan
ADD_PHONE SArctan01  418-604-0719
ADD_USER  SAudrey87     34 Sofia Audrey Whither
ADD_USER  SBailey86   2804 Sofia Bailey Epiphany
ADD_PHONE SBailey86  113-091-6087
ADD_PHONE SBailey86  690-745-4798
ADD_PHONE SBailey86  860-750-9060
ADD_USER  SBatche66    928 Sydney Batchelder
ADD_PHONE SBatche66  086-355-0733
ADD_PHONE SBatche66  118-627-2554
ADD_PHONE SBatche66  991-726-9909
ADD_USER  SBillio90    950 Sarah Billionth
ADD_USER  SBlowfi73   6522 Savannah Blowfish
ADD_PHONE SBlowfi73  400-742-3234
ADD_PHONE SBlowfi73  495-550-3527
ADD_USER  SChloro72  47217 Sofia Chlorophyll PhD
ADD_USER  SCollar26    545 Samuel Collarbone
ADD_USER  SCorres79   6544 Savannah Correspondent
ADD_PHONE SCorres79  009-035-8136
ADD_PHONE SCorres79  342-460-0785
ADD_USER  SCounse54    958 Sophie Counselor
ADD_USER  SElliso67    107 Samuel Ellison
ADD_PHONE SElliso67  549-387-8650
ADD_USER  SForthw57   1838 Sofia Forthwith
ADD_PHONE SForthw57  075-034-8723
ADD_PHONE SForthw57  404-481-7700
ADD_PHONE SForthw57  783-148-3717
ADD_USER  SGrace96     167 Sofia Grace Afloat
ADD_PHONE SGrace96   383-138-5303
ADD_PHONE SGrace96   436-731-8073
ADD_PHONE SGrace96   904-294-6170
ADD_USER  SHireli27  16707 Sophia Hireling
ADD_PHONE SHireli27  293-941-9471
ADD_PHONE SHireli27  854-495-3142
ADD_PHONE SHireli27  913-408-9291
ADD_USER  SInhale87    903 Savannah Inhale
ADD_PHONE SInhale87  803-988-9355
ADD_PHONE SInhale87  859-687-0001
ADD_USER  SInstin37  27252 Sophie Instinct
ADD_PHONE SInstin37  570-453-3846
ADD_PHONE SInstin37  618-233-9710
ADD_PHONE SInstin37  657-453-2439
ADD_USER  SLeave59      51 Sydney Leave
ADD_USER  SLeviti10   1058 Sydney Leviticus
ADD_USER  SMacken15     90 Sophia Mackenzie Aircraft
ADD_USER  SMadiso11    381 Sophia Madison Cannonball
ADD_PHONE SMadiso11  122-606-0151
ADD_PHONE SMadiso11  180-165-4336
ADD_PHONE SMadiso11  493-035-3535
ADD_USER  SMenzie79   7569 Samuel Menzies
ADD_USER  SMia02      4205 Savannah Mia Conceit
ADD_PHONE SMia02     617-050-4012
ADD_PHONE SMia02     910-794-6452
ADD_USER  SMounta32     89 Savannah Mountainous
ADD_PHONE SMounta32  647-370-8131
ADD_USER  SOffhan43    304 Savannah Offhand
ADD_USER  SOlympi60   7688 Sarah Olympic
ADD_PHONE SOlympi60  913-387-0717
ADD_USER  SPanora23  21649 Samantha Panorama
ADD_PHONE SPanora23  962-158-4841
ADD_USER  SPopulo91  23072 Sarah Populous
ADD_PHONE SPopulo91  708-080-7296
ADD_USER  SPoster56  10105 Sydney Posteriori
ADD_PHONE SPoster56  367-833-4930
ADD_PHONE SPoster56  851-501-0810
ADD_USER  SProof43      75 Samuel Proof III
ADD_PHONE SProof43   138-254-6930
ADD_PHONE SProof43   438-125-3824
ADD_PHONE SProof43   785-834-8345
ADD_USER  SProxim10     43 Savannah Proximal
ADD_USER  SPythag14   5101 Sydney Pythagoras
ADD_PHONE SPythag14  130-319-2468
ADD_PHONE SPythag14  237-623-9378
ADD_PHONE SPythag14  544-671-0040
ADD_USER  SQueasy96  46406 Sarah Queasy PhD
ADD_PHONE SQueasy96  670-877-8192
ADD_PHONE SQueasy96  887-755-7886
ADD_USER  SRadiom01     60 Sophia Radiometer
ADD_PHONE SRadiom01  563-392-7181
ADD_USER  SRemote89    214 Sydney Remote
ADD_PHONE SRemote89  023-704-3298
ADD_USER  SSamant81    655 Sarah Samantha Being
ADD_PHONE SSamant81  178-200-9390
ADD_PHONE SSamant81  872-245-1799
ADD_USER  SSeismi02    820 Sarah Seismic
ADD_PHONE SSeismi02  155-185-7769
ADD_USER  SSteak32     254 Sydney Steak
ADD_USER  SSyndro21   2251 Sophia Syndrome
ADD_USER  STransm02    552 Sydney Transmutation
ADD_PHONE STransm02  754-880-1739
ADD_PHONE STransm02  866-801-1575
ADD_USER  STwenty10  27359 Samantha Twenty
ADD_PHONE STwenty10  151-981-7928
ADD_PHONE STwenty10  237-986-2102
ADD_PHONE STwenty10  563-508-5329
ADD_USER  SWhinny40     97 Samantha Whinny
ADD_USER  SWicket05  39997 Sofia Wicket
ADD_PHONE SWicket05  113-492-2224
ADD_PHONE SWicket05  618-922-8940
ADD_PHONE SWicket05  817-729-3636
ADD_USER  TAlexan99    486 Thomas Alexander West
ADD_PHONE TAlexan99  416-618-8779
ADD_PHONE TAlexan99  727-137-0483
ADD_USER  TAnasto13    761 Taylor Anastomosis
ADD_PHONE TAnasto13  100-098-2387
ADD_PHONE TAnasto13  459-299-8050
ADD_PHONE TAnasto13  643-091-5925
ADD_USER  TAtkins45    860 Taylor Atkinson
ADD_PHONE TAtkins45  508-612-0733
ADD_PHONE TAtkins45  598-691-5333
ADD_PHONE TAtkins45  676-638-7179
ADD_USER  TAvoid75   45974 Tristan Avoid
ADD_PHONE TAvoid75   210-016-0445
ADD_PHONE TAvoid75   701-822-4793
ADD_USER  TBmw79       582 Thomas Bmw
ADD_USER  TBoost94    2080 Tyler Boost
ADD_USER  TChurch53     14 Taylor Churchwoman
ADD_USER  TCosy73       32 Tristan Cosy
ADD_PHONE TCosy73    187-858-9600
ADD_PHONE TCosy73    754-007-4737
ADD_USER  TCowlic57   5436 Thomas Cowlick
ADD_PHONE TCowlic57  372-388-6592
ADD_USER  TDioces43   7274 Taylor Diocesan
ADD_PHONE TDioces43  718-260-8314
ADD_PHONE TDioces43  728-365-1979
ADD_USER  TIndict75     50 Taylor Indicter
ADD_PHONE TIndict75  673-494-8069
ADD_PHONE TIndict75  905-088-8118
ADD_USER  TInvolu37    186 Tyler Involute
ADD_PHONE TInvolu37  543-238-4089
ADD_PHONE TInvolu37  666-640-2319
ADD_PHONE TInvolu37  673-902-1610
ADD_USER  TLilian83     70 Tristan Lilian
ADD_USER  TMcneil28   2656 Tyler Mcneil
ADD_PHONE TMcneil28  015-257-2038
ADD_PHONE TMcneil28  958-512-5497
ADD_PHONE TMcneil28  967-153-9550
ADD_USER  TMichae84    212 Tristan Michael Lambert
ADD_PHONE TMichae84  044-314-9242
ADD_PHONE TMichae84  210-741-1202
ADD_PHONE TMichae84  672-222-5169
ADD_USER  TMichig37   8200 Taylor Michigan
ADD_PHONE TMichig37  569-498-2364
ADD_USER  TMorocc52     96 Tyler Moroccan
ADD_PHONE TMorocc52  093-022-8273
ADD_PHONE TMorocc52  828-719-1223
ADD_PHONE TMorocc52  972-446-0323
ADD_USER  TNathan00    700 Thomas Nathan Stanley
ADD_PHONE TNathan00  730-108-4388
ADD_PHONE TNathan00  909-280-5485
ADD_PHONE TNathan00  975-835-1445
ADD_USER  TNowada49      5 Thomas Nowaday
ADD_PHONE TNowada49  139-660-7599
ADD_PHONE TNowada49  187-992-4089
ADD_USER  TParago24    522 Tyler Paragon
ADD_PHONE TParago24  068-345-1146
ADD_PHONE TParago24  325-139-6903
ADD_PHONE TParago24  632-610-2077
ADD_USER  TPicojo51     11 Tyler Picojoule
ADD_USER  TPyhrri24     77 Tyler Pyhrric
ADD_USER  TRetrov55    723 Taylor Retrovision
ADD_PHONE TRetrov55  597-001-8131
ADD_USER  TRipen14     244 Tyler Ripen
ADD_PHONE TRipen14   194-980-7645
ADD_PHONE TRipen14   716-960-6672
ADD_PHONE TRipen14   860-827-2247
ADD_USER  TSeidel41  37964 Tyler Seidel
ADD_PHONE TSeidel41  335-982-8591
ADD_PHONE TSeidel41  472-843-3279
ADD_PHONE TSeidel41  928-129-4041
ADD_USER  TSpecta37     94 Taylor Spectacle
ADD_USER  TStaple64   7118 Thomas Staple
ADD_USER  TSupers33   7937 Tyler Supersede
ADD_PHONE TSupers33  413-597-6234
ADD_PHONE TSupers33  923-794-9079
ADD_USER  TSynerg85     33 Tristan Synergy
ADD_USER  TTrip51      290 Thomas Trip
ADD_PHONE TTrip51    620-139-2665
ADD_USER  TUnival29   9409 Thomas Univalent
ADD_PHONE TUnival29  219-119-4453
ADD_PHONE TUnival29  671-908-2327
ADD_PHONE TUnival29  850-416-1610
ADD_USER  TWeb13        99 Tristan Web
ADD_USER  VAmid11      908 Victoria Amid
ADD_PHONE VAmid11    433-791-1404
ADD_PHONE VAmid11    710-143-4842
ADD_PHONE VAmid11    886-122-8583
ADD_USER  VAmman31     545 Victoria Amman
ADD_PHONE VAmman31   199-873-5186
ADD_PHONE VAmman31   774-987-4385
ADD_PHONE VAmman31   822-651-6857
ADD_USER  VClank51   18477 Victoria Clank
ADD_PHONE VClank51   054-932-5348
ADD_PHONE VClank51   307-763-6225
ADD_PHONE VClank51   398-359-4490
ADD_USER  VEvelyn29     54 Victoria Evelyn Seagram
ADD_PHONE VEvelyn29  429-238-1234
ADD_PHONE VEvelyn29  458-387-9873
ADD_PHONE VEvelyn29  856-662-7038
ADD_USER  VHimsel44     60 Victoria Himself
ADD_PHONE VHimsel44  331-380-4650
ADD_PHONE VHimsel44  979-338-1307
ADD_USER  VInstan97   1725 Victoria Instant
ADD_PHONE VInstan97  104-228-6189
ADD_PHONE VInstan97  259-802-0234
ADD_USER  VMurder47     41 Victoria Murder
ADD_PHONE VMurder47  585-701-5884
ADD_PHONE VMurder47  910-897-5918
ADD_USER  VProwes76    776 Victoria Prowess
ADD_PHONE VProwes76  701-816-7202
ADD_USER  WApathy08   7497 William Apathy
ADD_PHONE WApathy08  595-886-6265
ADD_PHONE WApathy08  809-618-9841
ADD_PHONE WApathy08  833-818-8774
ADD_USER  WBangko43    922 William Bangkok
ADD_PHONE WBangko43  431-493-2687
ADD_PHONE WBangko43  930-212-5968
ADD_USER  WBuenos49   2172 Wyatt Buenos
ADD_PHONE WBuenos49  123-870-0843
ADD_USER  WDiana99   21230 Wyatt Diana
ADD_PHONE WDiana99   598-544-1092
ADD_PHONE WDiana99   922-851-0521
ADD_PHONE WDiana99   978-807-0178
ADD_USER  WIntroi34   3241 William Introit
ADD_USER  WJames58   15424 Wyatt James Nepal
ADD_PHONE WJames58   090-894-8942
ADD_PHONE WJames58   455-046-2465
ADD_USER  WMalapr55     62 Wyatt Malaprop
ADD_PHONE WMalapr55  971-452-7517
ADD_USER  WMccart40    936 Wyatt Mccarty
ADD_PHONE WMccart40  953-497-0915
ADD_USER  WMichig07  45761 William Michigan
ADD_PHONE WMichig07  206-362-9049
ADD_PHONE WMichig07  279-605-0570
ADD_PHONE WMichig07  333-521-0661
ADD_USER  WPigeon91     21 Wyatt Pigeonfoot
ADD_USER  WRevere53   1597 William Reverent IV
ADD_PHONE WRevere53  010-205-1724
ADD_PHONE WRevere53  761-679-8493
ADD_PHONE WRevere53  864-082-7072
ADD_USER  WSetup83      73 Wyatt Setup
ADD_PHONE WSetup83   110-355-1244
ADD_PHONE WSetup83   315-123-2433
ADD_USER  WShingl44   5177 William Shingle
ADD_PHONE WShingl44  494-947-4903
ADD_PHONE WShingl44  992-428-8557
ADD_USER  WShockl81     17 William Shockley
ADD_PHONE WShockl81  810-527-1825
ADD_USER  WStrive11     87 Wyatt Strive
ADD_PHONE WStrive11  349-617-4502
ADD_PHONE WStrive11  607-471-8844
ADD_USER  XFinger13    612 Xavier Fingertip
ADD_PHONE XFinger13  329-716-5220
ADD_PHONE XFinger13  721-917-2036
ADD_PHONE XFinger13  994-061-2007
ADD_USER  XFreewa52     35 Xavier Freeway
ADD_PHONE XFreewa52  137-868-4649
ADD_PHONE XFreewa52  428-620-5917
ADD_USER  XMonome22   3481 Xavier Monomer
ADD_PHONE XMonome22  024-518-2969
ADD_PHONE XMonome22  673-916-4421
ADD_USER  XPsalte30  26165 Xavier Psaltery
ADD_PHONE XPsalte30  805-712-0856
ADD_USER  XRune90     8169 Xavier Rune
ADD_USER  ZAlexan10   2156 Zachary Alexander Slogan
ADD_PHONE ZAlexan10  078-216-7399
ADD_USER  ZAnguis86   5540 Zoey Anguish
ADD_PHONE ZAnguis86  168-615-6236
ADD_PHONE ZAnguis86  861-476-8141
ADD_USER  ZAtroci46     30 Zoey Atrocity
ADD_PHONE ZAtroci46  273-294-9039
ADD_USER  ZCamero40  34052 Zachary Cameron Vengeful IV
ADD_PHONE ZCamero40  306-595-5795
ADD_PHONE ZCamero40  614-316-7423
ADD_PHONE ZCamero40  939-367-7949
ADD_USER  ZCamill92  40992 Zoey Camilla
ADD_PHONE ZCamill92  222-295-1823
ADD_PHONE ZCamill92  903-445-5985
ADD_USER  ZEohipp79     16 Zoey Eohippus
ADD_PHONE ZEohipp79  160-235-8560
ADD_PHONE ZEohipp79  354-219-2789
ADD_PHONE ZEohipp79  971-436-5679
ADD_USER  ZFragme40    662 Zoe Fragmentary
ADD_PHONE ZFragme40  392-150-9803
ADD_PHONE ZFragme40  912-838-9967
ADD_USER  ZGyro74      268 Zoe Gyro
ADD_PHONE ZGyro74    793-647-2484
ADD_USER  ZHomomo80    711 Zoey Homomorphic
ADD_PHONE ZHomomo80  815-577-7565
ADD_USER  ZLouisi89    765 Zoe Louisiana
ADD_PHONE ZLouisi89  182-030-3670
ADD_PHONE ZLouisi89  246-882-4353
ADD_USER  ZMakayl81  46204 Zoey Makayla Yankee
ADD_PHONE ZMakayl81  348-778-3500
ADD_PHONE ZMakayl81  632-110-5608
ADD_PHONE ZMakayl81  795-906-0841
ADD_USER  ZPersis00     62 Zachary Persist
ADD_PHONE ZPersis00  267-672-6780
ADD_PHONE ZPersis00  338-796-9489
ADD_USER  ZPromul19  44821 Zoey Promulgate
ADD_PHONE ZPromul19  151-704-2153
ADD_USER  ZQuinti45     45 Zoe Quintillion
ADD_PHONE ZQuinti45  171-215-1563
ADD_PHONE ZQuinti45  762-414-9104
ADD_USER  ZSeat83     8853 Zoey Seat PhD
ADD_PHONE ZSeat83    566-375-8688
ADD_PHONE ZSeat83    610-293-6583
ADD_PHONE ZSeat83    640-468-6314
ADD_USER  ZTrump20     659 Zoey Trump
ADD_PHONE ZTrump20   006-334-2235
ADD_PHONE ZTrump20   295-022-1966
ADD_PHONE ZTrump20   562-699-9050
MARK_USED 2FVfYKdsxTKT6q 3PSMZSgNalvoZW 5GKD57JlthG7dE 5hRl9UhUyCTfMt 5wwmcgEBQvlY6I 8aZ9uX56V1dG6T 8fFYHGHtvTdZZk 9KMlCCtTorTfdQ
MARK_USED 9Tcg8DC7XojNU8 A8yGUbFMbc8WGc BNGaMTtvuT2wmC C30NL4RyVn70h1 C8m7qwE5GeP8Dh CB3MoS75nglKB4 JQUESMXvYZvCT2 Ly6pMzx8ql1X5M
MARK_USED OClk2rsZCb32ZR SlkLIDPSoHrWsr T2kdeZVH7b3VZC XmfkifX3bKIsVp bU7z9tZTk0ojLc bfOXkWSew46jVN nVXQ4C210CYZmU oxibPZi0YjsHYv
MARK_USED q6txHWxElITD3K rW1pxpBZY5vtT2 sFr5fUWyaMN19w tsRYVNVHgBd4gW yN7OWALI8UfCpO yTkqZOMy5ccq1f
